CustomerID,Recency,Frequency,Monetary,R_Score,F_Score,M_Score,RFM_Segment,RFM_Score_Sum,Customer_Persona,HoldoutOrders,HoldoutMonetary,IsChurned,Prob_Active,Predicted_90Day_CLV,Recommended_Campaign,Campaign_Strategy_Note
12346.0,234,12,77556.46,3,5,5,355,13,Loyal Customers,0,0.0,1,0.6570769967233925,3037.443381185713,Cross-Sell Drive,Recommend bundle products based on purchase history.
12347.0,38,6,4114.18,4,4,5,445,13,Champions,2,1519.14,0,0.7850443620180436,800.4912875559276,VIP Loyalty Program,"Early access to new launches, zero discount needed."
12348.0,157,4,1709.4,3,3,4,334,10,Loyal Customers,1,310.0,0,0.5344800984321925,312.74363121794875,Cross-Sell Drive,Recommend bundle products based on purchase history.
12349.0,316,3,2671.14,2,3,4,234,9,At Risk,1,1757.55,0,0.40328821625089084,305.92605405191443,Standard Retention Push,Automated email re-engagement.
12350.0,219,1,334.4,3,1,2,312,6,Others / Need Attention,0,0.0,1,0.26580261146715134,105.83753676321892,Suppress / Low-Cost Ads,Exclude from paid campaigns to save marketing budget.
12351.0,284,1,300.93,2,1,2,212,5,About to Sleep,0,0.0,1,0.27693082555782333,83.27938890263654,Suppress / Low-Cost Ads,Exclude from paid campaigns to save marketing budget.
12352.0,171,7,1905.61,3,4,4,344,11,Loyal Customers,3,944.23,0,0.5947808839907709,296.7724580136506,Cross-Sell Drive,Recommend bundle products based on purchase history.
12353.0,113,2,406.76,3,2,2,322,7,Promising / Potential,0,0.0,1,0.45342601611381883,134.95106139336832,Cross-Sell Drive,Recommend bundle products based on purchase history.
12354.0,141,1,1079.4,3,1,3,313,7,Others / Need Attention,0,0.0,1,0.3937414357990159,257.2661471774573,Suppress / Low-Cost Ads,Exclude from paid campaigns to save marketing budget.
12355.0,123,2,947.61,3,2,3,323,8,Promising / Potential,0,0.0,1,0.49228428724709494,226.7537183461862,Cross-Sell Drive,Recommend bundle products based on purchase history.
12356.0,154,5,6315.33,3,4,5,345,12,Loyal Customers,1,58.35,0,0.6471270357053756,533.5865443145561,Cross-Sell Drive,Recommend bundle products based on purchase history.
12357.0,297,2,12079.99,2,2,5,225,9,About to Sleep,1,6207.67,0,0.4598886580761218,1602.4081673336466,Suppress / Low-Cost Ads,Exclude from paid campaigns to save marketing budget.
12358.0,59,4,3203.87,4,3,5,435,12,Loyal Customers,1,683.2,0,0.6883895618085869,512.7678236064133,Cross-Sell Drive,Recommend bundle products based on purchase history.
12359.0,98,9,6059.09,4,5,5,455,14,Champions,1,2876.85,0,0.7886392861002439,747.663776063649,VIP Loyalty Program,"Early access to new launches, zero discount needed."
12360.0,21,7,3209.11,5,4,5,545,14,Champions,1,1043.78,0,0.7994880922513846,519.9025198216958,VIP Loyalty Program,"Early access to new launches, zero discount needed."
12361.0,196,4,511.25,3,3,2,332,8,Loyal Customers,0,0.0,1,0.3867351763544056,95.70626338789087,Cross-Sell Drive,Recommend bundle products based on purchase history.
12362.0,29,5,1877.35,5,4,4,544,13,Champions,6,3478.88,0,0.7456053052640793,724.4850268608039,VIP Loyalty Program,"Early access to new launches, zero discount needed."
12363.0,18,2,552.0,5,2,2,522,9,Promising / Potential,0,0.0,1,0.5550813881858567,275.28054563582526,Cross-Sell Drive,Recommend bundle products based on purchase history.
12364.0,21,1,623.92,5,1,3,513,9,New Customers,3,689.18,0,0.5886802418578692,370.1739728984967,Onboarding Sequence,10% discount on 2nd purchase within 30 days.
12365.0,200,2,641.38,3,2,3,323,8,Promising / Potential,0,0.0,1,0.3999355138806562,146.7586090861477,Cross-Sell Drive,Recommend bundle products based on purchase history.
12366.0,542,1,500.24,1,1,2,112,4,Hibernating / Lost,0,0.0,1,0.09844395299727837,39.47183594064341,Suppress / Low-Cost Ads,Exclude from paid campaigns to save marketing budget.
12368.0,537,1,917.7,1,1,3,113,5,Hibernating / Lost,0,0.0,1,0.12072174500588106,52.622199689124955,Suppress / Low-Cost Ads,Exclude from paid campaigns to save marketing budget.
12369.0,322,3,1791.15,2,3,4,234,9,At Risk,0,0.0,1,0.3963049446854231,261.3078470580908,Standard Retention Push,Automated email re-engagement.
12370.0,183,6,3581.03,3,4,5,345,12,Loyal Customers,1,739.28,0,0.6219230380996514,436.6615749159542,Cross-Sell Drive,Recommend bundle products based on purchase history.
12371.0,318,3,2179.42,2,3,4,234,9,At Risk,2,1887.96,0,0.4009619637979559,287.1991226878415,Standard Retention Push,Automated email re-engagement.
12372.0,121,2,914.92,3,2,3,323,8,Promising / Potential,1,383.12,0,0.49471936459411214,190.6644691222824,Cross-Sell Drive,Recommend bundle products based on purchase history.
12373.0,220,3,1127.65,3,3,3,333,9,Loyal Customers,0,0.0,1,0.4000164239114202,169.6450525358194,Cross-Sell Drive,Recommend bundle products based on purchase history.
12374.0,330,3,2246.29,2,3,4,234,9,At Risk,1,742.93,0,0.3870109571742758,277.2063622150497,Standard Retention Push,Automated email re-engagement.
12375.0,7,1,230.3,5,1,1,511,7,New Customers,1,227.2,0,0.5043167263696331,151.0039752008792,Onboarding Sequence,10% discount on 2nd purchase within 30 days.
12376.0,298,2,503.15,2,2,2,222,6,About to Sleep,0,0.0,1,0.31466742226164524,103.43894962252412,Suppress / Low-Cost Ads,Exclude from paid campaigns to save marketing budget.
12377.0,224,4,3426.32,3,3,5,335,11,Loyal Customers,0,0.0,1,0.5041086064493698,379.0968367716535,Cross-Sell Drive,Recommend bundle products based on purchase history.
12378.0,38,2,5416.32,4,2,5,425,11,Promising / Potential,0,0.0,1,0.6823634223968515,1102.1429368681481,Cross-Sell Drive,Recommend bundle products based on purchase history.
12379.0,79,3,1227.82,4,3,4,434,11,Loyal Customers,1,392.4,0,0.6126830683600946,251.26142214963136,Cross-Sell Drive,Recommend bundle products based on purchase history.
12380.0,94,8,7559.04,4,5,5,455,14,Champions,3,2117.26,0,0.7864891769537788,1013.8988777782569,VIP Loyalty Program,"Early access to new launches, zero discount needed."
12381.0,28,1,1268.74,5,1,4,514,10,New Customers,4,576.57,0,0.6292680792621127,487.6622133269629,Onboarding Sequence,10% discount on 2nd purchase within 30 days.
12383.0,93,5,1850.56,4,4,4,444,12,Champions,0,0.0,1,0.6880322512753061,347.68675505581643,VIP Loyalty Program,"Early access to new launches, zero discount needed."
12384.0,30,1,292.69,5,1,2,512,8,New Customers,1,292.58,0,0.5274732932045292,166.81931768904423,Onboarding Sequence,10% discount on 2nd purchase within 30 days.
12385.0,288,1,1938.4,2,1,4,214,7,About to Sleep,0,0.0,1,0.36124605713683433,278.61199013741293,Suppress / Low-Cost Ads,Exclude from paid campaigns to save marketing budget.
12386.0,246,2,660.8,2,2,3,223,7,About to Sleep,0,0.0,1,0.4205553516150776,153.66382557810056,Suppress / Low-Cost Ads,Exclude from paid campaigns to save marketing budget.
12387.0,324,1,143.94,2,1,1,211,4,About to Sleep,0,0.0,1,0.2043696940141787,49.71547936754706,Suppress / Low-Cost Ads,Exclude from paid campaigns to save marketing budget.
12388.0,57,6,2788.79,4,4,5,445,13,Champions,2,1112.32,0,0.7690520478172469,551.8612760191087,VIP Loyalty Program,"Early access to new launches, zero discount needed."
12389.0,311,3,1433.33,2,3,4,234,9,At Risk,0,0.0,1,0.409197975408629,240.88231326446498,Standard Retention Push,Automated email re-engagement.
12391.0,373,5,2312.53,1,4,4,144,9,Can't Lose Them,1,460.89,0,0.24723419484842635,155.05096367874884,Executive Outreach,Feedback survey + customized high-value offer.
12392.0,500,1,234.75,1,1,1,111,3,Hibernating / Lost,0,0.0,1,0.09842607600755704,29.269207846086918,Suppress / Low-Cost Ads,Exclude from paid campaigns to save marketing budget.
12393.0,154,5,1877.95,3,4,4,344,11,Loyal Customers,1,521.5,0,0.5992316799775581,354.16116577904694,Cross-Sell Drive,Recommend bundle products based on purchase history.
12394.0,126,1,381.08,3,1,2,312,6,Others / Need Attention,1,891.4,0,0.36280276660647515,177.88582969964847,Suppress / Low-Cost Ads,Exclude from paid campaigns to save marketing budget.
12395.0,21,11,3948.21,5,5,5,555,15,Champions,4,1119.06,0,0.8492790459206275,631.9765603781802,VIP Loyalty Program,"Early access to new launches, zero discount needed."
12396.0,583,1,931.43,1,1,3,113,5,Hibernating / Lost,0,0.0,1,0.09889301524582528,38.89392749888682,Suppress / Low-Cost Ads,Exclude from paid campaigns to save marketing budget.
12397.0,44,1,1214.81,4,1,4,414,9,New Customers,1,1195.09,0,0.617373868383581,435.76732828853187,Onboarding Sequence,10% discount on 2nd purchase within 30 days.
12399.0,28,7,1962.3,5,4,4,544,13,Champions,0,0.0,1,0.7584944698520414,397.6079408702942,VIP Loyalty Program,"Early access to new launches, zero discount needed."
12400.0,323,1,205.25,2,1,1,211,4,About to Sleep,0,0.0,1,0.20516127211862956,51.869508156812,Suppress / Low-Cost Ads,Exclude from paid campaigns to save marketing budget.
12401.0,212,1,84.3,3,1,1,311,5,Others / Need Attention,0,0.0,1,0.23386046668245808,47.18832976865437,Suppress / Low-Cost Ads,Exclude from paid campaigns to save marketing budget.
12402.0,232,6,1256.9,3,4,4,344,11,Loyal Customers,0,0.0,1,0.5136728069710275,154.8730455109246,Cross-Sell Drive,Recommend bundle products based on purchase history.
12403.0,430,1,591.66,1,1,3,113,5,Hibernating / Lost,1,427.7,0,0.18776521652929312,99.89118781899991,Suppress / Low-Cost Ads,Exclude from paid campaigns to save marketing budget.
12404.0,591,1,63.24,1,1,1,111,3,Hibernating / Lost,0,0.0,1,0.06550457653091502,13.21665577140644,Suppress / Low-Cost Ads,Exclude from paid campaigns to save marketing budget.
12405.0,57,1,1710.39,4,1,4,414,9,New Customers,0,0.0,1,0.6023000386185349,588.3712764475275,Onboarding Sequence,10% discount on 2nd purchase within 30 days.
12406.0,92,4,4596.31,4,3,5,435,12,Loyal Customers,1,1794.05,0,0.6528863559184546,677.167300686388,Cross-Sell Drive,Recommend bundle products based on purchase history.
12407.0,43,4,1407.36,4,3,4,434,11,Loyal Customers,1,300.76,0,0.6606071063951258,319.974166574294,Cross-Sell Drive,Recommend bundle products based on purchase history.
12408.0,7,7,3586.27,5,4,5,545,14,Champions,1,754.5,0,0.8101854052148414,510.2459626090384,VIP Loyalty Program,"Early access to new launches, zero discount needed."
12409.0,91,5,18553.7,4,4,5,445,13,Champions,2,4865.59,0,0.7317059916871892,2790.6450666763317,VIP Loyalty Program,"Early access to new launches, zero discount needed."
12410.0,217,3,1013.71,3,3,3,333,9,Loyal Customers,0,0.0,1,0.40353062338122936,161.51505809500242,Cross-Sell Drive,Recommend bundle products based on purchase history.
12411.0,318,1,346.9,2,1,2,212,5,About to Sleep,0,0.0,1,0.2450320335617462,104.28929030780347,Suppress / Low-Cost Ads,Exclude from paid campaigns to save marketing budget.
12412.0,46,5,2260.79,4,4,4,444,12,Champions,1,336.14,0,0.7349187483327937,481.9111221236903,VIP Loyalty Program,"Early access to new launches, zero discount needed."
12413.0,145,3,805.25,3,3,3,333,9,Loyal Customers,1,194.2,0,0.48995468281874566,157.1352190960546,Cross-Sell Drive,Recommend bundle products based on purchase history.
12414.0,126,6,952.41,3,4,3,343,10,Loyal Customers,0,0.0,1,0.5905209788914875,187.7962320813188,Cross-Sell Drive,Recommend bundle products based on purchase history.
12415.0,8,22,121631.72,5,5,5,555,15,Champions,6,22826.65,0,0.8938719281637422,24455.236258460784,VIP Loyalty Program,"Early access to new launches, zero discount needed."
12416.0,565,1,202.56,1,1,1,111,3,Hibernating / Lost,0,0.0,1,0.07369201855454088,18.631044339091968,Suppress / Low-Cost Ads,Exclude from paid campaigns to save marketing budget.
12417.0,15,18,5984.33,5,5,5,555,15,Champions,2,832.58,0,0.8789876870352347,861.1222623482377,VIP Loyalty Program,"Early access to new launches, zero discount needed."
12418.0,21,4,2021.2,5,3,4,534,12,Loyal Customers,0,0.0,1,0.6782640418043674,497.6629348701545,Cross-Sell Drive,Recommend bundle products based on purchase history.
12419.0,294,2,503.01,2,2,2,222,6,About to Sleep,0,0.0,1,0.318882476702227,104.82454207058187,Suppress / Low-Cost Ads,Exclude from paid campaigns to save marketing budget.
12421.0,23,5,920.12,5,4,3,543,12,Champions,1,178.48,0,0.7109318291108964,240.1408431103253,VIP Loyalty Program,"Early access to new launches, zero discount needed."
12422.0,4,17,5231.8,5,5,5,555,15,Champions,0,0.0,1,0.8812576450130254,844.0339103431443,VIP Loyalty Program,"Early access to new launches, zero discount needed."
12423.0,9,9,2413.75,5,5,4,554,14,Champions,1,208.64,0,0.820328270859386,416.1393631926714,VIP Loyalty Program,"Early access to new launches, zero discount needed."
12424.0,71,4,3340.03,4,3,5,435,12,Loyal Customers,0,0.0,1,0.6757167932861354,503.3281279822485,Cross-Sell Drive,Recommend bundle products based on purchase history.
12425.0,357,1,964.21,1,1,3,113,5,Hibernating / Lost,1,777.2,0,0.24801770090684916,148.74430633042672,Suppress / Low-Cost Ads,Exclude from paid campaigns to save marketing budget.
12426.0,103,2,1345.21,4,2,4,424,10,Promising / Potential,0,0.0,1,0.560688927481052,294.1940494575042,Cross-Sell Drive,Recommend bundle products based on purchase history.
12427.0,280,1,607.0,2,1,3,213,6,About to Sleep,2,522.3,0,0.32397355162109787,165.66465676658217,Suppress / Low-Cost Ads,Exclude from paid campaigns to save marketing budget.
12428.0,29,8,7548.12,5,5,5,555,15,Champions,1,408.34,0,0.8310572269439396,937.6039543899376,VIP Loyalty Program,"Early access to new launches, zero discount needed."
12429.0,81,7,6580.39,4,4,5,445,13,Champions,1,905.52,0,0.7535750848348562,728.87405466589,VIP Loyalty Program,"Early access to new launches, zero discount needed."
12431.0,28,23,9245.09,5,5,5,555,15,Champions,4,1612.88,0,0.8889301971096035,1308.6681583273194,VIP Loyalty Program,"Early access to new launches, zero discount needed."
12432.0,79,3,4016.66,4,3,5,435,12,Loyal Customers,2,1042.66,0,0.6599299924193391,667.4730040580017,Cross-Sell Drive,Recommend bundle products based on purchase history.
12433.0,0,6,13600.62,5,4,5,545,14,Champions,4,6980.64,0,0.8102900740473933,2702.139049486302,VIP Loyalty Program,"Early access to new launches, zero discount needed."
12434.0,169,2,583.54,3,2,3,323,8,Promising / Potential,1,519.89,0,0.4366449046028178,160.2293285791708,Cross-Sell Drive,Recommend bundle products based on purchase history.
12435.0,176,5,10075.03,3,4,5,345,12,Loyal Customers,1,3850.9,0,0.6221875461767059,1574.3347082734583,Cross-Sell Drive,Recommend bundle products based on purchase history.
12436.0,8,1,509.01,5,1,2,512,8,New Customers,0,0.0,1,0.5540610933566452,307.1163456044956,Onboarding Sequence,10% discount on 2nd purchase within 30 days.
12437.0,7,32,10543.4,5,5,5,555,15,Champions,7,2140.0,0,0.9220968082845553,1738.2028263306038,VIP Loyalty Program,"Early access to new launches, zero discount needed."
12438.0,49,1,890.07,4,1,3,413,8,New Customers,1,2016.78,0,0.562024638974027,387.3336638949616,Onboarding Sequence,10% discount on 2nd purchase within 30 days.
12439.0,591,2,1158.18,1,2,4,124,7,Hibernating / Lost,0,0.0,1,0.14254683120159772,46.361007980023146,Suppress / Low-Cost Ads,Exclude from paid campaigns to save marketing budget.
12440.0,371,2,859.2,1,2,3,123,6,Hibernating / Lost,0,0.0,1,0.28336624394271603,106.56849919966102,Suppress / Low-Cost Ads,Exclude from paid campaigns to save marketing budget.
12441.0,275,1,347.1,2,1,2,212,5,About to Sleep,0,0.0,1,0.2857894089550853,120.25319374998284,Suppress / Low-Cost Ads,Exclude from paid campaigns to save marketing budget.
12443.0,641,1,485.31,1,1,2,112,4,Hibernating / Lost,0,0.0,1,0.06317094082621222,23.471943998496357,Suppress / Low-Cost Ads,Exclude from paid campaigns to save marketing budget.
12444.0,30,2,2627.27,5,2,4,524,11,Promising / Potential,3,2378.19,0,0.6392231265624102,628.9810837625051,Cross-Sell Drive,Recommend bundle products based on purchase history.
12445.0,329,1,301.58,2,1,2,212,5,About to Sleep,1,133.4,0,0.23526104483291843,71.5627931876963,Suppress / Low-Cost Ads,Exclude from paid campaigns to save marketing budget.
12447.0,152,1,476.49,3,1,2,312,6,Others / Need Attention,0,0.0,1,0.33407223510833306,137.18281913852414,Suppress / Low-Cost Ads,Exclude from paid campaigns to save marketing budget.
12449.0,0,5,3493.18,5,4,5,545,14,Champions,1,1342.71,0,0.8055004675599237,595.3578651677017,VIP Loyalty Program,"Early access to new launches, zero discount needed."
12450.0,65,5,688.2,4,4,3,443,11,Champions,0,0.0,1,0.6731974962684988,195.26290820463004,VIP Loyalty Program,"Early access to new launches, zero discount needed."
12451.0,127,5,8942.18,3,4,5,345,12,Loyal Customers,3,3727.7,0,0.6764629212807962,884.8585424229833,Cross-Sell Drive,Recommend bundle products based on purchase history.
12453.0,43,1,707.09,4,1,3,413,8,New Customers,0,0.0,1,0.569207786248493,335.05397356219436,Onboarding Sequence,10% discount on 2nd purchase within 30 days.
12454.0,304,4,13151.44,2,3,5,235,10,At Risk,1,3528.34,0,0.4755667581664921,1499.3599478640429,High-Value Win-Back,20% off limited promo code + direct outreach.
12455.0,36,9,5589.45,5,5,5,555,15,Champions,1,290.5,0,0.8308187630633651,770.1028809035186,VIP Loyalty Program,"Early access to new launches, zero discount needed."
12456.0,40,2,2265.4,4,2,4,424,10,Promising / Potential,1,915.64,0,0.6342712071108856,553.2312741241046,Cross-Sell Drive,Recommend bundle products based on purchase history.
12457.0,142,4,1699.93,3,3,4,334,10,Loyal Customers,4,1295.98,0,0.5525983535126033,327.8099277410668,Cross-Sell Drive,Recommend bundle products based on purchase history.
12458.0,193,3,1272.01,3,3,4,334,10,Loyal Customers,1,505.48,0,0.4827008618480889,235.10968238230342,Cross-Sell Drive,Recommend bundle products based on purchase history.
12459.0,514,1,454.36,1,1,2,112,4,Hibernating / Lost,0,0.0,1,0.1112239886069033,47.691163100494585,Suppress / Low-Cost Ads,Exclude from paid campaigns to save marketing budget.
12460.0,365,1,326.65,1,1,2,112,4,Hibernating / Lost,0,0.0,1,0.20541080353846886,91.28122289072724,Suppress / Low-Cost Ads,Exclude from paid campaigns to save marketing budget.
12461.0,3,2,826.88,5,2,3,523,10,Promising / Potential,0,0.0,1,0.6222130880927557,299.3676009414347,Cross-Sell Drive,Recommend bundle products based on purchase history.
12462.0,212,1,762.11,3,1,3,313,7,Others / Need Attention,1,427.48,0,0.31490949039453553,161.02972720367168,Suppress / Low-Cost Ads,Exclude from paid campaigns to save marketing budget.
12463.0,84,3,985.79,4,3,3,433,10,Loyal Customers,1,358.99,0,0.5571394535405139,228.41429764193168,Cross-Sell Drive,Recommend bundle products based on purchase history.
12464.0,15,6,780.55,5,4,3,543,12,Champions,2,431.5,0,0.7253229128637536,241.2885847615955,VIP Loyalty Program,"Early access to new launches, zero discount needed."
12465.0,78,1,440.94,4,1,2,412,7,New Customers,1,301.25,0,0.475896487604212,207.1336280809377,Onboarding Sequence,10% discount on 2nd purchase within 30 days.
12466.0,591,1,56.73,1,1,1,111,3,Hibernating / Lost,0,0.0,1,0.06550462682698477,9.393844295564328,Suppress / Low-Cost Ads,Exclude from paid campaigns to save marketing budget.
12467.0,332,1,132.8,2,1,1,211,4,About to Sleep,0,0.0,1,0.19810919989877762,45.05718377432116,Suppress / Low-Cost Ads,Exclude from paid campaigns to save marketing budget.
12468.0,96,5,3670.74,4,4,5,445,13,Champions,0,0.0,1,0.7272727088014874,520.8512380456057,VIP Loyalty Program,"Early access to new launches, zero discount needed."
12469.0,431,2,3070.54,1,2,5,125,8,Hibernating / Lost,0,0.0,1,0.3077243663091126,260.9741141190133,Suppress / Low-Cost Ads,Exclude from paid campaigns to save marketing budget.
12470.0,598,1,211.95,1,1,1,111,3,Hibernating / Lost,0,0.0,1,0.06344778708202092,16.586034721780287,Suppress / Low-Cost Ads,Exclude from paid campaigns to save marketing budget.
12471.0,16,68,31256.14,5,5,5,555,15,Champions,11,8707.65,0,0.9729253194998925,5531.311963238752,VIP Loyalty Program,"Early access to new launches, zero discount needed."
12472.0,47,17,16236.08,4,5,5,455,14,Champions,2,1644.51,0,0.8606711599523724,1735.8830504580342,VIP Loyalty Program,"Early access to new launches, zero discount needed."
12473.0,23,2,1186.25,5,2,4,524,11,Promising / Potential,3,2752.3,0,0.6470867820913426,362.2768378654432,Cross-Sell Drive,Recommend bundle products based on purchase history.
12474.0,7,26,9410.72,5,5,5,555,15,Champions,5,3013.73,0,0.9070806670314686,1381.056014581433,VIP Loyalty Program,"Early access to new launches, zero discount needed."
12475.0,318,1,426.26,2,1,2,212,5,About to Sleep,1,723.38,0,0.24503018064450433,104.28850167857266,Suppress / Low-Cost Ads,Exclude from paid campaigns to save marketing budget.
12476.0,50,18,10490.66,4,5,5,455,14,Champions,5,3624.75,0,0.8628459885357499,1560.4921544422712,VIP Loyalty Program,"Early access to new launches, zero discount needed."
12477.0,9,6,15890.66,5,4,5,545,14,Champions,3,4385.71,0,0.8034166212671536,2908.915357999979,VIP Loyalty Program,"Early access to new launches, zero discount needed."
12480.0,52,6,4328.17,4,4,5,445,13,Champions,1,1136.68,0,0.7733135152733921,795.4355262365242,VIP Loyalty Program,"Early access to new launches, zero discount needed."
12481.0,88,13,10866.83,4,5,5,455,14,Champions,2,1494.56,0,0.8165844997826662,1418.1018734991467,VIP Loyalty Program,"Early access to new launches, zero discount needed."
12482.0,485,29,23691.4,1,5,5,155,11,Can't Lose Them,0,0.0,1,0.3850902278095454,395.93104720384287,Executive Outreach,Feedback survey + customized high-value offer.
12483.0,7,17,4259.66,5,5,5,555,15,Champions,2,860.92,0,0.8797336042025604,690.9123436135142,VIP Loyalty Program,"Early access to new launches, zero discount needed."
12484.0,9,10,5491.58,5,5,5,555,15,Champions,2,878.57,0,0.8525888992834258,841.2119971171584,VIP Loyalty Program,"Early access to new launches, zero discount needed."
12485.0,438,1,708.1,1,1,3,113,5,Hibernating / Lost,0,0.0,1,0.1818946870728958,93.70476189078074,Suppress / Low-Cost Ads,Exclude from paid campaigns to save marketing budget.
12486.0,340,1,1037.28,2,1,3,213,6,About to Sleep,0,0.0,1,0.2635185913131646,156.24102362061998,Suppress / Low-Cost Ads,Exclude from paid campaigns to save marketing budget.
12487.0,639,1,285.3,1,1,2,112,4,Hibernating / Lost,0,0.0,1,0.06375119431537168,19.223623973889417,Suppress / Low-Cost Ads,Exclude from paid campaigns to save marketing budget.
12489.0,245,1,334.93,3,1,2,312,6,Others / Need Attention,0,0.0,1,0.2418403773237382,96.29623157030223,Suppress / Low-Cost Ads,Exclude from paid campaigns to save marketing budget.
12490.0,2,17,7958.3,5,5,5,555,15,Champions,4,1865.34,0,0.8822371141579408,1077.1200454977509,VIP Loyalty Program,"Early access to new launches, zero discount needed."
12492.0,14,2,578.39,5,2,3,523,10,Promising / Potential,1,136.82,0,0.6095510580034537,286.3183550730721,Cross-Sell Drive,Recommend bundle products based on purchase history.
12493.0,74,2,433.74,4,2,2,422,8,Promising / Potential,0,0.0,1,0.49395349839152014,149.59935949641846,Cross-Sell Drive,Recommend bundle products based on purchase history.
12494.0,70,7,1495.63,4,4,4,444,12,Champions,2,377.24,0,0.7245693257382401,272.0974402906762,VIP Loyalty Program,"Early access to new launches, zero discount needed."
12495.0,549,1,357.4,1,1,2,112,4,Hibernating / Lost,0,0.0,1,0.09546172218520932,36.3010182240595,Suppress / Low-Cost Ads,Exclude from paid campaigns to save marketing budget.
12496.0,529,2,54.09,1,2,1,121,4,Hibernating / Lost,0,0.0,1,0.10846930686077305,11.76440689343061,Suppress / Low-Cost Ads,Exclude from paid campaigns to save marketing budget.
12497.0,309,2,5205.4,2,2,5,225,9,About to Sleep,1,1043.1,0,0.44562827101662705,512.1562851126571,Suppress / Low-Cost Ads,Exclude from paid campaigns to save marketing budget.
12499.0,469,1,393.72,1,1,2,112,4,Hibernating / Lost,0,0.0,1,0.13479750060416462,56.03980671962868,Suppress / Low-Cost Ads,Exclude from paid campaigns to save marketing budget.
12500.0,15,14,3471.23,5,5,5,555,15,Champions,5,2483.98,0,0.8646715235302682,513.1236137099269,VIP Loyalty Program,"Early access to new launches, zero discount needed."
12501.0,245,1,2169.39,3,1,4,314,8,Others / Need Attention,0,0.0,1,0.3244516848898613,279.1719069168732,Suppress / Low-Cost Ads,Exclude from paid campaigns to save marketing budget.
12502.0,4,5,3723.87,5,4,5,545,14,Champions,0,0.0,1,0.8024264391832008,598.5360728462533,VIP Loyalty Program,"Early access to new launches, zero discount needed."
12503.0,493,1,1126.0,1,1,3,113,5,Hibernating / Lost,0,0.0,1,0.14536747106184778,87.686567521128,Suppress / Low-Cost Ads,Exclude from paid campaigns to save marketing budget.
12504.0,326,2,297.0,2,2,2,222,6,About to Sleep,2,482.05,0,0.28604070746811217,55.024060582026955,Suppress / Low-Cost Ads,Exclude from paid campaigns to save marketing budget.
12505.0,317,1,955.2,2,1,3,213,6,About to Sleep,0,0.0,1,0.28582170067389845,166.86913230439424,Suppress / Low-Cost Ads,Exclude from paid campaigns to save marketing budget.
12506.0,141,1,73.5,3,1,1,311,5,Others / Need Attention,0,0.0,1,0.3013358575675038,63.0077039693216,Suppress / Low-Cost Ads,Exclude from paid campaigns to save marketing budget.
12507.0,43,4,1844.06,4,3,4,434,11,Loyal Customers,0,0.0,1,0.6605947487105579,347.6907074387936,Cross-Sell Drive,Recommend bundle products based on purchase history.
12509.0,193,1,176.5,3,1,1,311,5,Others / Need Attention,0,0.0,1,0.2508391626709403,58.13070237480117,Suppress / Low-Cost Ads,Exclude from paid campaigns to save marketing budget.
12510.0,51,9,5178.02,4,5,5,455,14,Champions,0,0.0,1,0.8242908623593278,759.0205271389735,VIP Loyalty Program,"Early access to new launches, zero discount needed."
12511.0,337,1,3084.02,2,1,5,215,8,About to Sleep,0,0.0,1,0.35344003669238155,348.5349184802035,Suppress / Low-Cost Ads,Exclude from paid campaigns to save marketing budget.
12513.0,21,1,612.29,5,1,3,513,9,New Customers,0,0.0,1,0.5886805972786142,370.17419639420774,Onboarding Sequence,10% discount on 2nd purchase within 30 days.
12514.0,176,2,1597.76,3,2,4,324,9,Promising / Potential,0,0.0,1,0.4789448152324153,352.2132533971593,Cross-Sell Drive,Recommend bundle products based on purchase history.
12515.0,262,1,383.7,2,1,2,212,5,About to Sleep,0,0.0,1,0.29888118153066445,125.76189146491198,Suppress / Low-Cost Ads,Exclude from paid campaigns to save marketing budget.
12516.0,89,3,1919.76,4,3,4,434,11,Loyal Customers,1,728.86,0,0.601046614000077,397.63452625366267,Cross-Sell Drive,Recommend bundle products based on purchase history.
12517.0,35,2,1538.7,5,2,4,524,11,Promising / Potential,3,964.14,0,0.6336219262918381,408.85615582246163,Cross-Sell Drive,Recommend bundle products based on purchase history.
12518.0,19,1,324.83,5,1,2,512,8,New Customers,4,1732.06,0,0.5407986084353701,342.8536971794293,Onboarding Sequence,10% discount on 2nd purchase within 30 days.
12519.0,385,1,385.7,1,1,2,112,4,Hibernating / Lost,1,340.84,0,0.1899708972130958,78.97722372047768,Suppress / Low-Cost Ads,Exclude from paid campaigns to save marketing budget.
12520.0,51,4,2045.85,4,3,4,434,11,Loyal Customers,1,588.41,0,0.6518018470216721,434.92164834597656,Cross-Sell Drive,Recommend bundle products based on purchase history.
12521.0,51,1,599.68,4,1,3,413,8,New Customers,0,0.0,1,0.5596352417214989,373.8073135619385,Onboarding Sequence,10% discount on 2nd purchase within 30 days.
12523.0,16,19,3600.13,5,5,5,555,15,Champions,4,772.02,0,0.881889730232652,473.7756219660753,VIP Loyalty Program,"Early access to new launches, zero discount needed."
12524.0,71,15,9762.87,4,5,5,455,14,Champions,2,1363.24,0,0.8376115169174134,1063.8811660990475,VIP Loyalty Program,"Early access to new launches, zero discount needed."
12525.0,407,3,973.73,1,3,3,133,7,Others / Need Attention,0,0.0,1,0.23627980233227364,95.81207283566202,Suppress / Low-Cost Ads,Exclude from paid campaigns to save marketing budget.
12526.0,3,1,520.3,5,1,2,512,8,New Customers,2,796.36,0,0.5600675455705861,352.92744936693293,Onboarding Sequence,10% discount on 2nd purchase within 30 days.
12527.0,203,4,671.72,3,3,3,333,9,Loyal Customers,1,63.79,0,0.4278986835605586,120.57624317665613,Cross-Sell Drive,Recommend bundle products based on purchase history.
12528.0,23,4,1287.37,5,3,4,534,12,Loyal Customers,2,646.11,0,0.6761556323809317,301.405900077211,Cross-Sell Drive,Recommend bundle products based on purchase history.
12529.0,437,1,316.48,1,1,2,112,4,Hibernating / Lost,0,0.0,1,0.15402503591144057,74.0839788893367,Suppress / Low-Cost Ads,Exclude from paid campaigns to save marketing budget.
12530.0,32,8,3318.63,5,5,5,555,15,Champions,1,440.63,0,0.8290721526974486,511.70275236501755,VIP Loyalty Program,"Early access to new launches, zero discount needed."
12531.0,595,1,1807.98,1,1,4,114,6,Hibernating / Lost,1,125.22,0,0.11270603851411254,29.594143384092554,Suppress / Low-Cost Ads,Exclude from paid campaigns to save marketing budget.
12533.0,536,2,1367.89,1,2,4,124,7,Hibernating / Lost,0,0.0,1,0.1785017180247137,70.51270110021223,Suppress / Low-Cost Ads,Exclude from paid campaigns to save marketing budget.
12534.0,39,1,1089.18,4,1,3,413,8,New Customers,0,0.0,1,0.573965056144961,408.8205672181257,Onboarding Sequence,10% discount on 2nd purchase within 30 days.
12535.0,0,2,716.35,5,2,3,523,10,Promising / Potential,0,0.0,1,0.6256437019916938,293.70794437102836,Cross-Sell Drive,Recommend bundle products based on purchase history.
12537.0,317,1,732.94,2,1,3,213,6,About to Sleep,0,0.0,1,0.2858274269179224,146.1585439240199,Suppress / Low-Cost Ads,Exclude from paid campaigns to save marketing budget.
12538.0,287,1,276.5,2,1,2,212,5,About to Sleep,1,363.95,0,0.27401612760461846,82.40287302944068,Suppress / Low-Cost Ads,Exclude from paid campaigns to save marketing budget.
12539.0,171,6,10164.09,3,4,5,345,12,Loyal Customers,1,1050.66,0,0.6353677829505688,1247.3869942008994,Cross-Sell Drive,Recommend bundle products based on purchase history.
12540.0,1,27,18101.11,5,5,5,555,15,Champions,6,4153.38,0,0.912036184721865,2352.180945510602,VIP Loyalty Program,"Early access to new launches, zero discount needed."
12541.0,82,2,536.14,4,2,2,422,8,Promising / Potential,1,445.04,0,0.48421736923567704,173.86539479513604,Cross-Sell Drive,Recommend bundle products based on purchase history.
12542.0,393,2,481.88,1,2,2,122,5,Hibernating / Lost,0,0.0,1,0.22450158523806496,65.5656502615884,Suppress / Low-Cost Ads,Exclude from paid campaigns to save marketing budget.
12543.0,357,1,980.25,1,1,3,113,5,Hibernating / Lost,0,0.0,1,0.24801732333594406,148.74407988883743,Suppress / Low-Cost Ads,Exclude from paid campaigns to save marketing budget.
12545.0,168,1,628.15,3,1,3,313,7,Others / Need Attention,1,372.24,0,0.3628498738699405,185.54415788472883,Suppress / Low-Cost Ads,Exclude from paid campaigns to save marketing budget.
12547.0,106,3,383.58,4,3,2,432,9,Loyal Customers,0,0.0,1,0.47945920762121474,125.34658323553813,Cross-Sell Drive,Recommend bundle products based on purchase history.
12548.0,75,1,95.2,4,1,1,411,6,New Customers,0,0.0,1,0.42884423713385367,78.58165641069704,Onboarding Sequence,10% discount on 2nd purchase within 30 days.
12549.0,484,6,1575.68,1,4,4,144,9,Can't Lose Them,0,0.0,1,0.16497910357865087,100.75222785455816,Executive Outreach,Feedback survey + customized high-value offer.
12551.0,266,1,168.0,2,1,1,211,4,About to Sleep,0,0.0,1,0.25411026439365736,61.11139667575296,Suppress / Low-Cost Ads,Exclude from paid campaigns to save marketing budget.
12553.0,19,9,3336.06,5,5,5,555,15,Champions,3,1272.69,0,0.8421744999670765,503.3684582193501,VIP Loyalty Program,"Early access to new launches, zero discount needed."
12554.0,357,1,468.5,1,1,2,112,4,Hibernating / Lost,0,0.0,1,0.21183832674990077,92.6201697802542,Suppress / Low-Cost Ads,Exclude from paid campaigns to save marketing budget.
12555.0,591,1,129.23,1,1,1,111,3,Hibernating / Lost,0,0.0,1,0.06550406669613107,15.404346606387072,Suppress / Low-Cost Ads,Exclude from paid campaigns to save marketing budget.
12556.0,60,1,312.9,4,1,2,412,7,New Customers,1,290.81,0,0.49779200293479275,231.59351511646196,Onboarding Sequence,10% discount on 2nd purchase within 30 days.
12557.0,67,7,15726.14,4,4,5,445,13,Champions,1,2990.0,0,0.7658065202283599,2432.2732148352516,VIP Loyalty Program,"Early access to new launches, zero discount needed."
12559.0,219,2,561.71,3,2,2,322,7,Promising / Potential,0,0.0,1,0.3311556043095297,121.51943049011614,Cross-Sell Drive,Recommend bundle products based on purchase history.
12560.0,21,2,1436.31,5,2,4,524,11,Promising / Potential,1,697.7,0,0.6493001856784961,460.7113816957498,Cross-Sell Drive,Recommend bundle products based on purchase history.
12561.0,211,1,238.85,3,1,1,311,5,Others / Need Attention,0,0.0,1,0.23473045679133442,65.48466347365961,Suppress / Low-Cost Ads,Exclude from paid campaigns to save marketing budget.
12562.0,35,5,2790.41,5,4,5,545,14,Champions,4,2176.51,0,0.7774228069121488,553.0226144822991,VIP Loyalty Program,"Early access to new launches, zero discount needed."
12563.0,317,1,249.24,2,1,1,211,4,About to Sleep,0,0.0,1,0.2099652517603765,62.70218778969332,Suppress / Low-Cost Ads,Exclude from paid campaigns to save marketing budget.
12564.0,170,1,456.9,3,1,2,312,6,Others / Need Attention,0,0.0,1,0.31486711431456527,132.48838101316093,Suppress / Low-Cost Ads,Exclude from paid campaigns to save marketing budget.
12565.0,197,1,145.92,3,1,1,311,5,Others / Need Attention,0,0.0,1,0.2471978184208885,59.44901114067997,Suppress / Low-Cost Ads,Exclude from paid campaigns to save marketing budget.
12567.0,5,14,12158.56,5,5,5,555,15,Champions,1,1551.3,0,0.8701445567457398,1790.504668629385,VIP Loyalty Program,"Early access to new launches, zero discount needed."
12568.0,553,1,70.0,1,1,1,111,3,Hibernating / Lost,0,0.0,1,0.07778222527616918,15.177643004106384,Suppress / Low-Cost Ads,Exclude from paid campaigns to save marketing budget.
12569.0,1,15,2167.68,5,5,4,554,14,Champions,17,1957.01,0,0.8520009992622346,535.1637182084567,VIP Loyalty Program,"Early access to new launches, zero discount needed."
12570.0,591,1,77.52,1,1,1,111,3,Hibernating / Lost,0,0.0,1,0.06550446620417827,13.216633511122057,Suppress / Low-Cost Ads,Exclude from paid campaigns to save marketing budget.
12571.0,30,1,248.35,5,1,1,511,7,New Customers,1,271.26,0,0.47633763919815986,143.19107544788363,Onboarding Sequence,10% discount on 2nd purchase within 30 days.
12573.0,136,5,717.41,3,4,3,343,10,Loyal Customers,0,0.0,1,0.5708505325504617,155.30311152518382,Cross-Sell Drive,Recommend bundle products based on purchase history.
12574.0,224,1,218.45,3,1,1,311,5,Others / Need Attention,0,0.0,1,0.22355233551277054,49.13019791876856,Suppress / Low-Cost Ads,Exclude from paid campaigns to save marketing budget.
12575.0,366,2,622.82,1,2,3,123,6,Hibernating / Lost,0,0.0,1,0.28834198720519,104.5129854421633,Suppress / Low-Cost Ads,Exclude from paid campaigns to save marketing budget.
12576.0,4,7,1763.44,5,4,4,544,13,Champions,1,379.28,0,0.7792536698561344,351.02552770918214,VIP Loyalty Program,"Early access to new launches, zero discount needed."
12577.0,268,6,1191.84,2,4,4,244,10,At Risk,2,461.91,0,0.5389030865921679,182.94308437054406,Standard Retention Push,Automated email re-engagement.
12578.0,239,3,3456.6,3,3,5,335,11,Loyal Customers,1,1185.85,0,0.47782938395812913,370.53027440455077,Cross-Sell Drive,Recommend bundle products based on purchase history.
12580.0,155,2,1052.9,3,2,3,323,8,Promising / Potential,0,0.0,1,0.45346403313557426,206.026367114717,Cross-Sell Drive,Recommend bundle products based on purchase history.
12582.0,147,4,1980.4,3,3,4,334,10,Loyal Customers,0,0.0,1,0.5465633580271221,334.0535885353908,Cross-Sell Drive,Recommend bundle products based on purchase history.
12583.0,15,21,11398.27,5,5,5,555,15,Champions,6,3049.17,0,0.8888065941789182,1886.7514124584993,VIP Loyalty Program,"Early access to new launches, zero discount needed."
12584.0,36,4,782.59,5,3,3,533,11,Loyal Customers,5,1555.56,0,0.6149571954844315,198.59536027557948,Cross-Sell Drive,Recommend bundle products based on purchase history.
12585.0,143,2,2040.1,3,2,4,324,9,Promising / Potential,0,0.0,1,0.5190777568548122,441.0629038577825,Cross-Sell Drive,Recommend bundle products based on purchase history.
12586.0,283,3,1865.73,2,3,4,234,9,At Risk,1,196.94,0,0.4425038110187981,250.88226741018866,Standard Retention Push,Automated email re-engagement.
12588.0,308,3,743.88,2,3,3,233,8,At Risk,1,214.9,0,0.36416828127109613,119.97138969356948,Standard Retention Push,Automated email re-engagement.
12589.0,53,7,4180.48,4,4,5,445,13,Champions,1,515.18,0,0.7780612995887827,604.8560710312762,VIP Loyalty Program,"Early access to new launches, zero discount needed."
12590.0,120,2,9864.26,3,2,5,325,10,Promising / Potential,0,0.0,1,0.5967822572139874,1828.5523169417563,Cross-Sell Drive,Recommend bundle products based on purchase history.
12591.0,226,3,1352.15,3,3,4,334,10,Loyal Customers,0,0.0,1,0.44277464830613045,215.66277410739738,Cross-Sell Drive,Recommend bundle products based on purchase history.
12592.0,1,5,2582.66,5,4,4,544,13,Champions,0,0.0,1,0.7705731342797197,575.1687354076694,VIP Loyalty Program,"Early access to new launches, zero discount needed."
12593.0,17,3,418.1,5,3,2,532,10,Loyal Customers,0,0.0,1,0.5802710532405839,194.513230507349,Cross-Sell Drive,Recommend bundle products based on purchase history.
12594.0,30,13,4281.79,5,5,5,555,15,Champions,2,808.32,0,0.8518734213881881,633.9071207660692,VIP Loyalty Program,"Early access to new launches, zero discount needed."
12595.0,413,1,299.02,1,1,2,112,4,Hibernating / Lost,0,0.0,1,0.16987432253868084,52.478143402396846,Suppress / Low-Cost Ads,Exclude from paid campaigns to save marketing budget.
12596.0,151,1,269.95,3,1,1,311,5,Others / Need Attention,1,348.32,0,0.29118025841250605,85.45291066020094,Suppress / Low-Cost Ads,Exclude from paid campaigns to save marketing budget.
12597.0,92,2,1428.81,4,2,4,424,10,Promising / Potential,2,2382.41,0,0.5738327526412705,363.8858933509627,Cross-Sell Drive,Recommend bundle products based on purchase history.
12598.0,70,7,3095.39,4,4,5,445,13,Champions,4,1438.7,0,0.7634646825040592,477.68272965617916,VIP Loyalty Program,"Early access to new launches, zero discount needed."
12599.0,35,12,2121.18,5,5,4,554,14,Champions,1,175.54,0,0.8158427068747567,283.2270555369534,VIP Loyalty Program,"Early access to new launches, zero discount needed."
12600.0,21,19,4381.44,5,5,5,555,15,Champions,2,662.48,0,0.879319856624922,645.1920092652135,VIP Loyalty Program,"Early access to new launches, zero discount needed."
12601.0,98,6,681.26,4,4,3,443,11,Champions,0,0.0,1,0.6443160624092128,164.29079952974,VIP Loyalty Program,"Early access to new launches, zero discount needed."
12604.0,170,1,178.5,3,1,1,311,5,Others / Need Attention,1,75.68,0,0.27246404761843657,63.142159666345755,Suppress / Low-Cost Ads,Exclude from paid campaigns to save marketing budget.
12605.0,285,4,1232.95,2,3,4,234,9,At Risk,0,0.0,1,0.4480563856845774,139.24224846059295,Standard Retention Push,Automated email re-engagement.
12606.0,591,1,21.0,1,1,1,111,3,Hibernating / Lost,0,0.0,1,0.06550490287655986,57.59390256205566,Suppress / Low-Cost Ads,Exclude from paid campaigns to save marketing budget.
12608.0,313,1,415.79,2,1,2,212,5,About to Sleep,0,0.0,1,0.2495618524105574,106.2172488122428,Suppress / Low-Cost Ads,Exclude from paid campaigns to save marketing budget.
12609.0,95,8,3109.74,4,5,5,455,14,Champions,1,326.12,0,0.7857649747110227,413.94713257155564,VIP Loyalty Program,"Early access to new launches, zero discount needed."
12610.0,15,2,1256.25,5,2,4,524,11,Promising / Potential,3,843.29,0,0.6559281578318922,385.312573919804,Cross-Sell Drive,Recommend bundle products based on purchase history.
12613.0,106,9,4953.21,4,5,5,455,14,Champions,1,1881.86,0,0.7820973815249139,740.3000260843032,VIP Loyalty Program,"Early access to new launches, zero discount needed."
12614.0,186,1,315.6,3,1,2,312,6,Others / Need Attention,0,0.0,1,0.29831239092659856,134.17276077195183,Suppress / Low-Cost Ads,Exclude from paid campaigns to save marketing budget.
12615.0,77,5,4084.53,4,4,5,445,13,Champions,3,1656.45,0,0.7452214132171999,766.5397995476436,VIP Loyalty Program,"Early access to new launches, zero discount needed."
12616.0,4,3,1131.1,5,3,3,533,11,Loyal Customers,0,0.0,1,0.6437830820662004,320.04220582705716,Cross-Sell Drive,Recommend bundle products based on purchase history.
12619.0,25,6,2227.6,5,4,4,544,13,Champions,4,1553.78,0,0.7552624065695197,495.25114806696917,VIP Loyalty Program,"Early access to new launches, zero discount needed."
12620.0,113,1,561.66,3,1,2,312,6,Others / Need Attention,2,777.75,0,0.37755320153685457,218.98646173595435,Suppress / Low-Cost Ads,Exclude from paid campaigns to save marketing budget.
12621.0,9,30,21281.18,5,5,5,555,15,Champions,5,3494.63,0,0.9165075934688733,2607.372727541127,VIP Loyalty Program,"Early access to new launches, zero discount needed."
12622.0,141,1,180.1,3,1,1,311,5,Others / Need Attention,0,0.0,1,0.3013330250056929,75.04527552533514,Suppress / Low-Cost Ads,Exclude from paid campaigns to save marketing budget.
12623.0,185,7,3747.84,3,4,5,345,12,Loyal Customers,0,0.0,1,0.6271705504123158,373.8056698489059,Cross-Sell Drive,Recommend bundle products based on purchase history.
12624.0,15,2,641.13,5,2,3,523,10,Promising / Potential,0,0.0,1,0.6083897582941311,285.77286931243844,Cross-Sell Drive,Recommend bundle products based on purchase history.
12625.0,120,4,5164.88,3,3,5,335,11,Loyal Customers,0,0.0,1,0.6277516703257908,669.1439311617257,Cross-Sell Drive,Recommend bundle products based on purchase history.
12626.0,21,6,4774.0,5,4,5,545,14,Champions,3,1846.48,0,0.7942542968300867,808.9375027912723,VIP Loyalty Program,"Early access to new launches, zero discount needed."
12627.0,5,5,2727.83,5,4,5,545,14,Champions,2,1750.7,0,0.8016733799996798,583.1125108778209,VIP Loyalty Program,"Early access to new launches, zero discount needed."
12629.0,294,2,1558.22,2,2,4,224,8,About to Sleep,0,0.0,1,0.4134828428648525,259.717600365971,Suppress / Low-Cost Ads,Exclude from paid campaigns to save marketing budget.
12631.0,365,5,2841.07,1,4,5,145,10,Can't Lose Them,1,640.5,0,0.29529515524510475,196.79699122222328,Executive Outreach,Feedback survey + customized high-value offer.
12632.0,429,2,804.88,1,2,3,123,6,Hibernating / Lost,0,0.0,1,0.22966293301443308,84.51609854181132,Suppress / Low-Cost Ads,Exclude from paid campaigns to save marketing budget.
12633.0,38,6,5462.93,4,4,5,445,13,Champions,1,215.23,0,0.7850156343976511,823.6245444548464,VIP Loyalty Program,"Early access to new launches, zero discount needed."
12634.0,444,2,490.0,1,2,2,122,5,Hibernating / Lost,0,0.0,1,0.1842312249882554,60.07702010998684,Suppress / Low-Cost Ads,Exclude from paid campaigns to save marketing budget.
12635.0,63,3,1924.87,4,3,4,434,11,Loyal Customers,1,1005.54,0,0.630979061171588,424.76707569751227,Cross-Sell Drive,Recommend bundle products based on purchase history.
12636.0,647,1,141.0,1,1,1,111,3,Hibernating / Lost,0,0.0,1,0.05066356281827222,12.743314976959567,Suppress / Low-Cost Ads,Exclude from paid campaigns to save marketing budget.
12637.0,0,11,7981.91,5,5,5,555,15,Champions,1,358.4,0,0.8618446155837441,1045.491167854034,VIP Loyalty Program,"Early access to new launches, zero discount needed."
12638.0,548,1,249.8,1,1,1,111,3,Hibernating / Lost,1,671.69,0,0.07954490375927858,24.124676388124758,Suppress / Low-Cost Ads,Exclude from paid campaigns to save marketing budget.
12639.0,147,3,1312.37,3,3,4,334,10,Loyal Customers,0,0.0,1,0.5386082996530808,251.55732237837108,Cross-Sell Drive,Recommend bundle products based on purchase history.
12641.0,24,1,185.9,5,1,1,511,7,New Customers,0,0.0,1,0.4836311586814016,116.598432136385,Onboarding Sequence,10% discount on 2nd purchase within 30 days.
12642.0,16,1,366.45,5,1,2,512,8,New Customers,2,646.81,0,0.5444224604652788,316.56478459718875,Onboarding Sequence,10% discount on 2nd purchase within 30 days.
12643.0,37,12,8350.42,4,5,5,455,14,Champions,0,0.0,1,0.8468195895307833,962.0259292739192,VIP Loyalty Program,"Early access to new launches, zero discount needed."
12644.0,38,4,1918.49,4,3,4,434,11,Loyal Customers,0,0.0,1,0.6660294259495265,437.3660860037426,Cross-Sell Drive,Recommend bundle products based on purchase history.
12645.0,18,7,3074.98,5,4,5,545,14,Champions,1,464.32,0,0.8018221085070978,502.62916755843315,VIP Loyalty Program,"Early access to new launches, zero discount needed."
12647.0,35,33,17088.24,5,5,5,555,15,Champions,3,836.11,0,0.9142105713158272,1924.6783799318318,VIP Loyalty Program,"Early access to new launches, zero discount needed."
12648.0,63,4,1112.0,4,3,3,433,10,Loyal Customers,0,0.0,1,0.5899914156337924,208.10418035448288,Cross-Sell Drive,Recommend bundle products based on purchase history.
12649.0,16,8,2294.65,5,5,4,554,14,Champions,0,0.0,1,0.8103625930397025,453.7906534018129,VIP Loyalty Program,"Early access to new launches, zero discount needed."
12651.0,243,4,377.75,3,3,2,332,8,Loyal Customers,0,0.0,1,0.3340599287865019,69.97100221582697,Cross-Sell Drive,Recommend bundle products based on purchase history.
12652.0,240,2,1017.03,3,2,3,323,8,Promising / Potential,0,0.0,1,0.3542205754444574,160.93619997043356,Cross-Sell Drive,Recommend bundle products based on purchase history.
12653.0,57,3,4160.83,4,3,5,435,12,Loyal Customers,0,0.0,1,0.6835382835714524,691.3511384010214,Cross-Sell Drive,Recommend bundle products based on purchase history.
12654.0,106,3,337.75,4,3,2,432,9,Loyal Customers,2,264.23,0,0.47946065126625936,120.22801035934637,Cross-Sell Drive,Recommend bundle products based on purchase history.
12655.0,332,1,261.35,2,1,1,211,4,About to Sleep,0,0.0,1,0.19810662242703825,60.082518559075325,Suppress / Low-Cost Ads,Exclude from paid campaigns to save marketing budget.
12656.0,25,6,5177.33,5,4,5,545,14,Champions,2,1230.5,0,0.7910450309332413,804.931348724293,VIP Loyalty Program,"Early access to new launches, zero discount needed."
12661.0,345,1,162.0,2,1,1,211,4,About to Sleep,0,0.0,1,0.18824507944749813,45.79296557866875,Suppress / Low-Cost Ads,Exclude from paid campaigns to save marketing budget.
12662.0,16,16,5791.9,5,5,5,555,15,Champions,4,1196.12,0,0.8714407983309781,766.2531771945072,VIP Loyalty Program,"Early access to new launches, zero discount needed."
12663.0,533,2,239.4,1,2,1,121,4,Hibernating / Lost,0,0.0,1,0.10659801850187722,20.13059202596757,Suppress / Low-Cost Ads,Exclude from paid campaigns to save marketing budget.
12664.0,52,5,3145.64,4,4,5,445,13,Champions,6,2924.4,0,0.7676569651366403,895.9393667948152,VIP Loyalty Program,"Early access to new launches, zero discount needed."
12665.0,233,3,313.6,3,3,2,332,8,Loyal Customers,0,0.0,1,0.3377539018067901,74.7910430731472,Cross-Sell Drive,Recommend bundle products based on purchase history.
12666.0,303,1,1248.42,2,1,4,214,7,About to Sleep,0,0.0,1,0.34458975672843983,197.11233721284765,Suppress / Low-Cost Ads,Exclude from paid campaigns to save marketing budget.
12668.0,168,9,10562.0,3,5,5,355,13,Loyal Customers,1,882.68,0,0.7075855776467752,1071.4812690266162,Cross-Sell Drive,Recommend bundle products based on purchase history.
12669.0,59,3,2744.03,4,3,5,435,12,Loyal Customers,0,0.0,1,0.6814669161813196,480.841911614661,Cross-Sell Drive,Recommend bundle products based on purchase history.
12670.0,7,5,2398.71,5,4,4,544,13,Champions,2,1361.58,0,0.7653718600428651,532.4256559767662,VIP Loyalty Program,"Early access to new launches, zero discount needed."
12671.0,515,1,2622.48,1,1,4,114,6,Hibernating / Lost,0,0.0,1,0.15789396880237772,100.13982040287961,Suppress / Low-Cost Ads,Exclude from paid campaigns to save marketing budget.
12672.0,238,2,437.05,3,2,2,322,7,Promising / Potential,0,0.0,1,0.31099817055706847,91.9537770501083,Cross-Sell Drive,Recommend bundle products based on purchase history.
12673.0,235,2,840.4,3,2,3,323,8,Promising / Potential,1,389.62,0,0.3598140593307576,134.05335646663917,Cross-Sell Drive,Recommend bundle products based on purchase history.
12674.0,0,3,1402.0,5,3,4,534,12,Loyal Customers,1,568.6,0,0.6933851553328206,400.8576994904013,Cross-Sell Drive,Recommend bundle products based on purchase history.
12675.0,462,2,958.5,1,2,3,123,6,Hibernating / Lost,0,0.0,1,0.20247297061743863,92.26209388567422,Suppress / Low-Cost Ads,Exclude from paid campaigns to save marketing budget.
12676.0,32,9,2509.75,5,5,4,554,14,Champions,2,333.34,0,0.8032252893437345,401.5580175684923,VIP Loyalty Program,"Early access to new launches, zero discount needed."
12677.0,464,2,395.1,1,2,2,122,5,Hibernating / Lost,0,0.0,1,0.17004535921876507,48.14844125400551,Suppress / Low-Cost Ads,Exclude from paid campaigns to save marketing budget.
12678.0,9,18,24934.98,5,5,5,555,15,Champions,3,9346.2,0,0.8818117927210488,4126.782741602594,VIP Loyalty Program,"Early access to new launches, zero discount needed."
12679.0,114,2,906.38,3,2,3,323,8,Promising / Potential,2,206.64,0,0.5032400095542763,197.13039155015477,Cross-Sell Drive,Recommend bundle products based on purchase history.
12680.0,22,1,311.78,5,1,2,512,8,New Customers,3,569.03,0,0.5371695397998715,255.65433507549474,Onboarding Sequence,10% discount on 2nd purchase within 30 days.
12681.0,60,38,26947.32,4,5,5,455,14,Champions,7,3920.96,0,0.9191698423573799,3629.472288788626,VIP Loyalty Program,"Early access to new launches, zero discount needed."
12682.0,9,41,19965.61,5,5,5,555,15,Champions,11,4068.3,0,0.9398848869783045,2673.878796857491,VIP Loyalty Program,"Early access to new launches, zero discount needed."
12683.0,1,18,10842.4,5,5,5,555,15,Champions,3,1854.38,0,0.8859910985146939,1810.358525103201,VIP Loyalty Program,"Early access to new launches, zero discount needed."
12684.0,79,4,1379.48,4,3,4,434,11,Loyal Customers,3,904.15,0,0.6202767630095096,309.20005669484743,Cross-Sell Drive,Recommend bundle products based on purchase history.
12685.0,1,2,1606.42,5,2,4,524,11,Promising / Potential,4,1256.66,0,0.6711346806593499,560.6240243372239,Cross-Sell Drive,Recommend bundle products based on purchase history.
12686.0,280,1,178.28,2,1,1,211,4,About to Sleep,0,0.0,1,0.24140798225920246,55.945074198881166,Suppress / Low-Cost Ads,Exclude from paid campaigns to save marketing budget.
12687.0,389,2,2138.91,1,2,4,124,7,Hibernating / Lost,0,0.0,1,0.3076993645092567,234.78062835221363,Suppress / Low-Cost Ads,Exclude from paid campaigns to save marketing budget.
12688.0,22,1,4873.81,5,1,5,515,11,New Customers,0,0.0,1,0.6819106781426435,870.9384239398128,Onboarding Sequence,10% discount on 2nd purchase within 30 days.
12689.0,36,1,511.03,5,1,2,512,8,New Customers,1,736.58,0,0.5201797487729226,239.05578541194078,Onboarding Sequence,10% discount on 2nd purchase within 30 days.
12690.0,114,1,389.01,3,1,2,312,6,Others / Need Attention,0,0.0,1,0.376414770214191,173.97390284748968,Suppress / Low-Cost Ads,Exclude from paid campaigns to save marketing budget.
12691.0,54,5,690.9,4,4,3,443,11,Champions,2,479.5,0,0.6848692999054002,198.64834908159042,VIP Loyalty Program,"Early access to new launches, zero discount needed."
12692.0,546,1,110.95,1,1,1,111,3,Hibernating / Lost,0,0.0,1,0.08026210394135147,15.661541644701956,Suppress / Low-Cost Ads,Exclude from paid campaigns to save marketing budget.
12693.0,36,7,1703.02,5,4,4,544,13,Champions,0,0.0,1,0.7512937926453176,325.9073324106541,VIP Loyalty Program,"Early access to new launches, zero discount needed."
12694.0,92,2,1413.18,4,2,4,424,10,Promising / Potential,1,430.17,0,0.5738332350647097,363.8861992712563,Cross-Sell Drive,Recommend bundle products based on purchase history.
12695.0,16,5,1158.92,5,4,4,544,13,Champions,2,248.2,0,0.7574401591661469,301.0734525615474,VIP Loyalty Program,"Early access to new launches, zero discount needed."
12696.0,343,2,851.91,2,2,3,223,7,About to Sleep,0,0.0,1,0.3115669569406626,118.11849195181263,Suppress / Low-Cost Ads,Exclude from paid campaigns to save marketing budget.
12697.0,40,2,733.91,4,2,3,423,9,Promising / Potential,1,223.68,0,0.5856589291782891,220.13219602437812,Cross-Sell Drive,Recommend bundle products based on purchase history.
12698.0,499,1,339.75,1,1,2,112,4,Hibernating / Lost,0,0.0,1,0.11865271914172215,49.32788380836687,Suppress / Low-Cost Ads,Exclude from paid campaigns to save marketing budget.
12699.0,326,1,638.11,2,1,3,213,6,About to Sleep,0,0.0,1,0.2769693519595823,141.6289459360263,Suppress / Low-Cost Ads,Exclude from paid campaigns to save marketing budget.
12700.0,65,2,2149.05,4,2,4,424,10,Promising / Potential,2,2790.94,0,0.6056052741139695,584.3077585582505,Cross-Sell Drive,Recommend bundle products based on purchase history.
12701.0,151,5,1985.78,3,4,4,344,11,Loyal Customers,1,460.63,0,0.6027311431848511,349.3310200150604,Cross-Sell Drive,Recommend bundle products based on purchase history.
12703.0,542,3,722.98,1,3,3,133,7,Others / Need Attention,1,283.55,0,0.13818373449115084,45.42161359988039,Suppress / Low-Cost Ads,Exclude from paid campaigns to save marketing budget.
12704.0,14,3,1100.92,5,3,3,533,11,Loyal Customers,5,1239.92,0,0.6325417554318713,302.35041975536717,Cross-Sell Drive,Recommend bundle products based on purchase history.
12705.0,67,9,9056.33,4,5,5,455,14,Champions,5,2705.77,0,0.8126468314747884,1223.9036602331787,VIP Loyalty Program,"Early access to new launches, zero discount needed."
12707.0,200,1,603.42,3,1,3,313,7,Others / Need Attention,0,0.0,1,0.3276531934049156,167.5462504648637,Suppress / Low-Cost Ads,Exclude from paid campaigns to save marketing budget.
12708.0,10,15,4632.96,5,5,5,555,15,Champions,3,681.14,0,0.8711292587372432,694.0778648152288,VIP Loyalty Program,"Early access to new launches, zero discount needed."
12709.0,5,30,28587.61,5,5,5,555,15,Champions,4,2505.73,0,0.917916408720854,4177.258239191292,VIP Loyalty Program,"Early access to new launches, zero discount needed."
12710.0,5,3,1149.02,5,3,4,534,12,Loyal Customers,0,0.0,1,0.6881920635158884,349.7025291718335,Cross-Sell Drive,Recommend bundle products based on purchase history.
12711.0,520,2,1339.05,1,2,4,124,7,Hibernating / Lost,0,0.0,1,0.19021324010758844,81.82941145390114,Suppress / Low-Cost Ads,Exclude from paid campaigns to save marketing budget.
12712.0,15,19,6710.61,5,5,5,555,15,Champions,2,483.05,0,0.88235519050233,939.9095565936258,VIP Loyalty Program,"Early access to new launches, zero discount needed."
12714.0,15,11,12774.55,5,5,5,555,15,Champions,1,1319.16,0,0.8528407137137473,1719.8761061783102,VIP Loyalty Program,"Early access to new launches, zero discount needed."
12715.0,15,1,353.86,5,1,2,512,8,New Customers,0,0.0,1,0.5456302137998263,317.2670557229444,Onboarding Sequence,10% discount on 2nd purchase within 30 days.
12716.0,42,1,677.9,4,1,3,413,8,New Customers,1,375.59,0,0.5704021947531706,335.7570407464756,Onboarding Sequence,10% discount on 2nd purchase within 30 days.
12717.0,60,3,1308.91,4,3,4,434,11,Loyal Customers,0,0.0,1,0.6343916444317719,316.4959606500545,Cross-Sell Drive,Recommend bundle products based on purchase history.
12720.0,3,22,6168.78,5,5,5,555,15,Champions,8,2091.89,0,0.8975076481778986,976.2256655588311,VIP Loyalty Program,"Early access to new launches, zero discount needed."
12721.0,92,6,3055.86,4,4,5,445,13,Champions,2,957.22,0,0.7374042028155976,516.9845499247974,VIP Loyalty Program,"Early access to new launches, zero discount needed."
12722.0,23,3,929.65,5,3,3,533,11,Loyal Customers,1,67.98,0,0.6223037091040484,235.78132738527597,Cross-Sell Drive,Recommend bundle products based on purchase history.
12724.0,82,5,1566.47,4,4,4,444,12,Champions,2,751.05,0,0.6994184113007873,422.6143128810877,VIP Loyalty Program,"Early access to new launches, zero discount needed."
12725.0,280,4,2694.56,2,3,4,234,9,At Risk,0,0.0,1,0.45403845114724406,318.42026126910787,Standard Retention Push,Automated email re-engagement.
12726.0,93,9,2872.82,4,5,5,455,14,Champions,2,1141.78,0,0.7927347970072111,470.8582226360458,VIP Loyalty Program,"Early access to new launches, zero discount needed."
12727.0,4,9,5036.53,5,5,5,555,15,Champions,1,643.0,0,0.8516140125416043,815.6424051196535,VIP Loyalty Program,"Early access to new launches, zero discount needed."
12728.0,166,4,851.15,3,3,3,333,9,Loyal Customers,1,219.02,0,0.4724523968623705,140.26983543622663,Cross-Sell Drive,Recommend bundle products based on purchase history.
12729.0,22,1,453.01,5,1,2,512,8,New Customers,0,0.0,1,0.5371651081581568,239.17217520894593,Onboarding Sequence,10% discount on 2nd purchase within 30 days.
12730.0,430,1,829.25,1,1,3,113,5,Hibernating / Lost,0,0.0,1,0.1877606432797354,96.92145279533,Suppress / Low-Cost Ads,Exclude from paid campaigns to save marketing budget.
12731.0,53,13,18204.05,4,5,5,455,14,Champions,4,7571.66,0,0.8406219010917583,1797.772050658142,VIP Loyalty Program,"Early access to new launches, zero discount needed."
12732.0,88,1,236.26,4,1,1,411,6,New Customers,0,0.0,1,0.4134110337103247,119.58244196825866,Onboarding Sequence,10% discount on 2nd purchase within 30 days.
12733.0,143,4,2424.87,3,3,4,334,10,Loyal Customers,0,0.0,1,0.5513716541644342,342.42431452091546,Cross-Sell Drive,Recommend bundle products based on purchase history.
12734.0,261,3,639.65,2,3,3,233,8,At Risk,0,0.0,1,0.4186140922436905,137.90798643004635,Standard Retention Push,Automated email re-engagement.
12735.0,224,2,779.57,3,2,3,323,8,Promising / Potential,0,0.0,1,0.3722431996909462,144.8267603779214,Cross-Sell Drive,Recommend bundle products based on purchase history.
12736.0,241,1,234.0,3,1,1,311,5,Others / Need Attention,0,0.0,1,0.20951400326466219,62.61370515387374,Suppress / Low-Cost Ads,Exclude from paid campaigns to save marketing budget.
12737.0,407,2,3710.5,1,2,5,125,8,Hibernating / Lost,0,0.0,1,0.3331424417412354,288.6075623294247,Suppress / Low-Cost Ads,Exclude from paid campaigns to save marketing budget.
12738.0,281,1,310.7,2,1,2,212,5,About to Sleep,0,0.0,1,0.2798649481744214,86.4844065751712,Suppress / Low-Cost Ads,Exclude from paid campaigns to save marketing budget.
12739.0,8,3,2689.23,5,3,4,534,12,Loyal Customers,1,37.5,0,0.6850071603856751,336.58326043622384,Cross-Sell Drive,Recommend bundle products based on purchase history.
12741.0,438,2,406.07,1,2,2,122,5,Hibernating / Lost,0,0.0,1,0.18866391268541427,55.099264011866644,Suppress / Low-Cost Ads,Exclude from paid campaigns to save marketing budget.
12742.0,534,1,1201.52,1,1,4,114,6,Hibernating / Lost,0,0.0,1,0.14600151463136202,46.51347960272844,Suppress / Low-Cost Ads,Exclude from paid campaigns to save marketing budget.
12743.0,43,2,546.43,4,2,2,422,8,Promising / Potential,0,0.0,1,0.5316414694419356,188.1324568432812,Cross-Sell Drive,Recommend bundle products based on purchase history.
12744.0,53,9,18249.74,4,5,5,455,14,Champions,2,7067.32,0,0.822635428830581,2127.8307369967933,VIP Loyalty Program,"Early access to new launches, zero discount needed."
12745.0,395,3,925.41,1,3,3,133,7,Others / Need Attention,0,0.0,1,0.24698610604795634,85.32363540011346,Suppress / Low-Cost Ads,Exclude from paid campaigns to save marketing budget.
12746.0,449,1,254.55,1,1,1,111,3,Hibernating / Lost,0,0.0,1,0.12276277247169953,37.23195350579932,Suppress / Low-Cost Ads,Exclude from paid campaigns to save marketing budget.
12747.0,18,23,7849.93,5,5,5,555,15,Champions,3,1426.61,0,0.8936639249718122,1168.4928016022404,VIP Loyalty Program,"Early access to new launches, zero discount needed."
12748.0,0,259,36987.41,5,5,5,555,15,Champions,77,19611.98,0,0.9999443960697072,5943.9127482510385,VIP Loyalty Program,"Early access to new launches, zero discount needed."
12749.0,39,7,5561.71,4,4,5,445,13,Champions,2,1335.65,0,0.7895798464983357,753.5114560811251,VIP Loyalty Program,"Early access to new launches, zero discount needed."
12750.0,37,1,275.88,4,1,2,412,7,New Customers,0,0.0,1,0.5257666246418657,160.98888234086726,Onboarding Sequence,10% discount on 2nd purchase within 30 days.
12751.0,353,1,268.27,1,1,1,111,3,Hibernating / Lost,0,0.0,1,0.18255850198504386,56.39658250478917,Suppress / Low-Cost Ads,Exclude from paid campaigns to save marketing budget.
12753.0,44,5,16620.91,4,4,5,445,13,Champions,1,4808.48,0,0.774234637138644,2964.3781509044834,VIP Loyalty Program,"Early access to new launches, zero discount needed."
12754.0,144,3,3010.74,3,3,5,335,11,Loyal Customers,0,0.0,1,0.5923921836403747,421.66616283085006,Cross-Sell Drive,Recommend bundle products based on purchase history.
12755.0,189,11,9030.66,3,5,5,355,13,Loyal Customers,0,0.0,1,0.6997080334970379,902.2446582940773,Cross-Sell Drive,Recommend bundle products based on purchase history.
12757.0,51,7,5281.08,4,4,5,445,13,Champions,6,2576.02,0,0.7797144375332037,750.613906979873,VIP Loyalty Program,"Early access to new launches, zero discount needed."
12758.0,25,7,9903.24,5,4,5,545,14,Champions,0,0.0,1,0.7962107304889224,1929.36757898516,VIP Loyalty Program,"Early access to new launches, zero discount needed."
12759.0,80,7,4571.82,4,4,5,445,13,Champions,1,448.92,0,0.75452508270398,586.5592817173679,VIP Loyalty Program,"Early access to new launches, zero discount needed."
12760.0,364,1,347.8,1,1,2,112,4,Hibernating / Lost,0,0.0,1,0.20620619869802992,85.72677881736573,Suppress / Low-Cost Ads,Exclude from paid campaigns to save marketing budget.
12761.0,366,2,782.95,1,2,3,123,6,Hibernating / Lost,0,0.0,1,0.288337840013018,110.80854848125553,Suppress / Low-Cost Ads,Exclude from paid campaigns to save marketing budget.
12763.0,47,2,814.16,4,2,3,423,9,Promising / Potential,0,0.0,1,0.5773625078701562,220.32962822936332,Cross-Sell Drive,Recommend bundle products based on purchase history.
12764.0,225,1,1693.88,3,1,4,314,8,Others / Need Attention,0,0.0,1,0.3461627226523366,295.0670645642511,Suppress / Low-Cost Ads,Exclude from paid campaigns to save marketing budget.
12765.0,381,6,1404.58,1,4,4,144,9,Can't Lose Them,0,0.0,1,0.2459895539278999,103.11122497586832,Executive Outreach,Feedback survey + customized high-value offer.
12766.0,58,7,8030.84,4,4,5,445,13,Champions,2,2037.44,0,0.77374391926991,989.6794885261169,VIP Loyalty Program,"Early access to new launches, zero discount needed."
12767.0,284,1,949.82,2,1,3,213,6,About to Sleep,0,0.0,1,0.3197133841794332,183.83157395271672,Suppress / Low-Cost Ads,Exclude from paid campaigns to save marketing budget.
12768.0,359,1,168.69,1,1,1,111,3,Hibernating / Lost,0,0.0,1,0.17824114113010758,43.35938269637536,Suppress / Low-Cost Ads,Exclude from paid campaigns to save marketing budget.
12769.0,147,1,1143.6,3,1,3,313,7,Others / Need Attention,0,0.0,1,0.38678804750917894,233.5993791148457,Suppress / Low-Cost Ads,Exclude from paid campaigns to save marketing budget.
12770.0,119,2,3246.45,3,2,5,325,10,Promising / Potential,0,0.0,1,0.5981541106601195,839.3409486976265,Cross-Sell Drive,Recommend bundle products based on purchase history.
12771.0,394,1,282.3,1,1,2,112,4,Hibernating / Lost,0,0.0,1,0.1833211268277406,56.632175119724586,Suppress / Low-Cost Ads,Exclude from paid campaigns to save marketing budget.
12773.0,473,1,124.25,1,1,1,111,3,Hibernating / Lost,0,0.0,1,0.1107245569464923,25.18276139228997,Suppress / Low-Cost Ads,Exclude from paid campaigns to save marketing budget.
12774.0,444,1,98.7,1,1,1,111,3,Hibernating / Lost,0,0.0,1,0.12541082102159962,25.597165117665252,Suppress / Low-Cost Ads,Exclude from paid campaigns to save marketing budget.
12775.0,98,6,1464.76,4,4,4,444,12,Champions,1,221.36,0,0.6897129669814058,283.3603680944921,VIP Loyalty Program,"Early access to new launches, zero discount needed."
12776.0,576,1,55.5,1,1,1,111,3,Hibernating / Lost,0,0.0,1,0.07011971345789914,10.055681593498381,Suppress / Low-Cost Ads,Exclude from paid campaigns to save marketing budget.
12777.0,366,1,519.45,1,1,2,112,4,Hibernating / Lost,0,0.0,1,0.2046132908530628,90.05349934201912,Suppress / Low-Cost Ads,Exclude from paid campaigns to save marketing budget.
12778.0,92,7,1445.51,4,4,4,444,12,Champions,2,330.17,0,0.7026881234230202,250.62186853069548,VIP Loyalty Program,"Early access to new launches, zero discount needed."
12779.0,98,13,5740.32,4,5,5,455,14,Champions,1,981.95,0,0.809279311094858,762.7498681474995,VIP Loyalty Program,"Early access to new launches, zero discount needed."
12780.0,507,1,337.4,1,1,2,112,4,Hibernating / Lost,0,0.0,1,0.11463955589170449,47.65947829745372,Suppress / Low-Cost Ads,Exclude from paid campaigns to save marketing budget.
12781.0,193,1,549.26,3,1,2,312,6,Others / Need Attention,1,277.48,0,0.29122147639059703,126.78443090703094,Suppress / Low-Cost Ads,Exclude from paid campaigns to save marketing budget.
12782.0,58,10,4365.99,4,5,5,455,14,Champions,1,252.25,0,0.8240238850645956,622.1908484547249,VIP Loyalty Program,"Early access to new launches, zero discount needed."
12784.0,438,1,1230.33,1,1,4,114,6,Hibernating / Lost,2,574.42,0,0.21435031351719902,125.42315961315433,Suppress / Low-Cost Ads,Exclude from paid campaigns to save marketing budget.
12785.0,273,3,1100.4,2,3,3,233,8,At Risk,0,0.0,1,0.40445161675745367,161.88369008981746,Standard Retention Push,Automated email re-engagement.
12786.0,518,1,728.5,1,1,3,113,5,Hibernating / Lost,0,0.0,1,0.13089372271324584,67.4311345604456,Suppress / Low-Cost Ads,Exclude from paid campaigns to save marketing budget.
12787.0,0,3,743.18,5,3,3,533,11,Loyal Customers,1,119.0,0,0.6482479257981217,249.222150042716,Cross-Sell Drive,Recommend bundle products based on purchase history.
12788.0,372,4,444.9,1,3,2,132,6,Others / Need Attention,0,0.0,1,0.23589873727746025,53.81203601181685,Suppress / Low-Cost Ads,Exclude from paid campaigns to save marketing budget.
12789.0,421,2,181.5,1,2,1,121,4,Hibernating / Lost,1,91.85,0,0.17070416851596992,25.936091757651905,Suppress / Low-Cost Ads,Exclude from paid campaigns to save marketing budget.
12790.0,101,2,591.85,4,2,3,423,9,Promising / Potential,0,0.0,1,0.5122629577631278,189.21816869878012,Cross-Sell Drive,Recommend bundle products based on purchase history.
12791.0,282,6,1056.11,2,4,3,243,9,At Risk,0,0.0,1,0.4707957633946036,152.01002577925672,Standard Retention Push,Automated email re-engagement.
12792.0,165,2,827.01,3,2,3,323,8,Promising / Potential,0,0.0,1,0.4414338456939225,164.46185783654934,Cross-Sell Drive,Recommend bundle products based on purchase history.
12793.0,243,3,1017.33,3,3,3,333,9,Loyal Customers,0,0.0,1,0.3734678875048054,149.48230456841793,Cross-Sell Drive,Recommend bundle products based on purchase history.
12794.0,7,1,317.0,5,1,2,512,8,New Customers,1,543.41,0,0.5552697600310771,321.8122337141547,Onboarding Sequence,10% discount on 2nd purchase within 30 days.
12796.0,537,1,381.0,1,1,2,112,4,Hibernating / Lost,0,0.0,1,0.10062718845425145,38.26527867186981,Suppress / Low-Cost Ads,Exclude from paid campaigns to save marketing budget.
12797.0,274,2,806.11,2,2,3,223,7,About to Sleep,0,0.0,1,0.3877351958908285,143.83670509485597,Suppress / Low-Cost Ads,Exclude from paid campaigns to save marketing budget.
12798.0,79,2,3140.93,4,2,5,425,11,Promising / Potential,2,5370.0,0,0.6376816187350872,1429.683285121799,Cross-Sell Drive,Recommend bundle products based on purchase history.
12799.0,438,1,219.35,1,1,1,111,3,Hibernating / Lost,0,0.0,1,0.12864856083248344,30.45640656761148,Suppress / Low-Cost Ads,Exclude from paid campaigns to save marketing budget.
12800.0,379,3,584.25,1,3,3,133,7,Others / Need Attention,0,0.0,1,0.2617667966208992,86.04392067688961,Suppress / Low-Cost Ads,Exclude from paid campaigns to save marketing budget.
12801.0,409,1,1071.82,1,1,3,113,5,Hibernating / Lost,0,0.0,1,0.20384884421499216,119.8973609180335,Suppress / Low-Cost Ads,Exclude from paid campaigns to save marketing budget.
12802.0,95,7,2416.42,4,4,4,444,12,Champions,0,0.0,1,0.6996017532195047,358.29936695201707,VIP Loyalty Program,"Early access to new launches, zero discount needed."
12803.0,302,1,1092.81,2,1,3,213,6,About to Sleep,0,0.0,1,0.30095634675907823,173.04648992965107,Suppress / Low-Cost Ads,Exclude from paid campaigns to save marketing budget.
12804.0,374,2,327.02,1,2,2,122,5,Hibernating / Lost,0,0.0,1,0.2410202638448954,67.81792222075475,Suppress / Low-Cost Ads,Exclude from paid campaigns to save marketing budget.
12805.0,290,4,1434.95,2,3,4,234,9,At Risk,0,0.0,1,0.4420375277348547,202.0233759867676,Standard Retention Push,Automated email re-engagement.
12806.0,344,4,2878.96,2,3,5,235,10,At Risk,0,0.0,1,0.42769265634140663,320.1489155161596,Standard Retention Push,Automated email re-engagement.
12807.0,292,1,330.35,2,1,2,212,5,About to Sleep,0,0.0,1,0.26919861774560705,121.07818125398873,Suppress / Low-Cost Ads,Exclude from paid campaigns to save marketing budget.
12808.0,93,4,703.8,4,3,3,433,10,Loyal Customers,1,202.3,0,0.5542638586465845,157.2157179249443,Cross-Sell Drive,Recommend bundle products based on purchase history.
12809.0,86,3,1755.94,4,3,4,434,11,Loyal Customers,0,0.0,1,0.604548884778142,385.8631347098566,Cross-Sell Drive,Recommend bundle products based on purchase history.
12810.0,443,2,534.99,1,2,2,122,5,Hibernating / Lost,0,0.0,1,0.1849632452827663,64.04419895172538,Suppress / Low-Cost Ads,Exclude from paid campaigns to save marketing budget.
12811.0,169,5,1033.9,3,4,3,343,10,Loyal Customers,0,0.0,1,0.5311116800331857,172.26982471873632,Cross-Sell Drive,Recommend bundle products based on purchase history.
12813.0,410,3,1687.8,1,3,4,134,8,Others / Need Attention,0,0.0,1,0.27226682208253783,171.5025688250667,Suppress / Low-Cost Ads,Exclude from paid campaigns to save marketing budget.
12814.0,10,1,125.92,5,1,1,511,7,New Customers,0,0.0,1,0.5006684336722689,140.27217850823786,Onboarding Sequence,10% discount on 2nd purchase within 30 days.
12815.0,56,2,1063.46,4,2,3,423,9,Promising / Potential,0,0.0,1,0.5666273147228463,263.69218618859657,Cross-Sell Drive,Recommend bundle products based on purchase history.
12816.0,4,2,572.2,5,2,3,523,10,Promising / Potential,0,0.0,1,0.6210754651321619,280.0794089892383,Cross-Sell Drive,Recommend bundle products based on purchase history.
12817.0,190,3,690.98,3,3,3,333,9,Loyal Customers,0,0.0,1,0.43554222306356727,143.48478013730312,Cross-Sell Drive,Recommend bundle products based on purchase history.
12818.0,170,1,1542.08,3,1,4,314,8,Others / Need Attention,0,0.0,1,0.4089906451916444,320.6086965065391,Suppress / Low-Cost Ads,Exclude from paid campaigns to save marketing budget.
12819.0,367,1,540.52,1,1,2,112,4,Hibernating / Lost,0,0.0,1,0.20382159757965834,90.42344382818388,Suppress / Low-Cost Ads,Exclude from paid campaigns to save marketing budget.
12820.0,235,8,1917.64,3,5,4,354,12,Loyal Customers,3,771.88,0,0.5797365784730197,276.5172026728582,Cross-Sell Drive,Recommend bundle products based on purchase history.
12821.0,123,2,220.8,3,2,1,321,6,Promising / Potential,0,0.0,1,0.39168542948041185,63.58789623332251,Cross-Sell Drive,Recommend bundle products based on purchase history.
12823.0,36,17,5966.0,5,5,5,555,15,Champions,1,535.5,0,0.8639503877447836,785.018863259372,VIP Loyalty Program,"Early access to new launches, zero discount needed."
12825.0,430,2,518.63,1,2,2,122,5,Hibernating / Lost,0,0.0,1,0.19469638846005433,63.489665476643026,Suppress / Low-Cost Ads,Exclude from paid campaigns to save marketing budget.
12826.0,87,9,2299.65,4,5,4,454,13,Champions,3,656.1,0,0.7624295161510108,369.7523900307671,VIP Loyalty Program,"Early access to new launches, zero discount needed."
12828.0,8,3,415.51,5,3,2,532,10,Loyal Customers,3,603.2,0,0.5909047525306991,190.1595005365616,Cross-Sell Drive,Recommend bundle products based on purchase history.
12829.0,245,3,385.3,3,3,2,332,8,Loyal Customers,0,0.0,1,0.3248095374089188,81.21940344970515,Cross-Sell Drive,Recommend bundle products based on purchase history.
12830.0,0,5,6414.32,5,4,5,545,14,Champions,1,400.32,0,0.8054426992412601,812.4017300519455,VIP Loyalty Program,"Early access to new launches, zero discount needed."
12831.0,171,3,451.11,3,3,2,332,8,Loyal Customers,0,0.0,1,0.40818737103926817,102.06823061902641,Cross-Sell Drive,Recommend bundle products based on purchase history.
12832.0,7,1,267.8,5,1,1,511,7,New Customers,1,115.23,0,0.5043155432109461,182.29456264639316,Onboarding Sequence,10% discount on 2nd purchase within 30 days.
12833.0,54,1,417.38,4,1,2,412,7,New Customers,0,0.0,1,0.505091902027355,219.84091269074037,Onboarding Sequence,10% discount on 2nd purchase within 30 days.
12834.0,191,1,312.38,3,1,2,312,6,Others / Need Attention,0,0.0,1,0.2932417555605047,131.89212756116405,Suppress / Low-Cost Ads,Exclude from paid campaigns to save marketing budget.
12835.0,336,41,6043.31,2,5,5,255,12,At Risk,0,0.0,1,0.7975710249225221,195.3681973329193,Standard Retention Push,Automated email re-engagement.
12836.0,46,14,6085.29,4,5,5,455,14,Champions,1,500.33,0,0.8494907356937452,782.8108002223497,VIP Loyalty Program,"Early access to new launches, zero discount needed."
12837.0,82,2,688.41,4,2,3,423,9,Promising / Potential,0,0.0,1,0.5353307805519658,201.21530544695955,Cross-Sell Drive,Recommend bundle products based on purchase history.
12838.0,282,9,3106.14,2,5,5,255,12,At Risk,1,292.34,0,0.64704286026757,313.68704785660935,Standard Retention Push,Automated email re-engagement.
12839.0,1,21,7577.7,5,5,5,555,15,Champions,5,2494.03,0,0.8954120557683057,1321.1917734436772,VIP Loyalty Program,"Early access to new launches, zero discount needed."
12840.0,52,7,4041.97,4,4,5,445,13,Champions,0,0.0,1,0.7789039469072696,605.5111355443094,VIP Loyalty Program,"Early access to new launches, zero discount needed."
12841.0,15,32,6369.77,5,5,5,555,15,Champions,8,1170.91,0,0.9192914479970095,941.1327215108876,VIP Loyalty Program,"Early access to new launches, zero discount needed."
12842.0,217,3,1109.73,3,3,3,333,9,Loyal Customers,1,808.26,0,0.4035277064249009,171.13417065912782,Cross-Sell Drive,Recommend bundle products based on purchase history.
12843.0,68,29,6578.46,4,5,5,455,14,Champions,1,9.95,0,0.8914366316297943,109.86897533344606,VIP Loyalty Program,"Early access to new launches, zero discount needed."
12844.0,39,3,497.52,4,3,2,432,9,Loyal Customers,1,151.08,0,0.5606976954821954,166.5598035711143,Cross-Sell Drive,Recommend bundle products based on purchase history.
12845.0,176,4,354.09,3,3,2,332,8,Loyal Customers,0,0.0,1,0.41007426532861513,75.66943465476427,Cross-Sell Drive,Recommend bundle products based on purchase history.
12846.0,591,1,15.58,1,1,1,111,3,Hibernating / Lost,0,0.0,1,0.0655049447515128,57.59393937978768,Suppress / Low-Cost Ads,Exclude from paid campaigns to save marketing budget.
12847.0,296,1,765.36,2,1,3,213,6,About to Sleep,1,871.54,0,0.30714663904060524,157.06017444652892,Suppress / Low-Cost Ads,Exclude from paid campaigns to save marketing budget.
12848.0,584,1,208.0,1,1,1,111,3,Hibernating / Lost,0,0.0,1,0.06762089144318961,17.6769357132125,Suppress / Low-Cost Ads,Exclude from paid campaigns to save marketing budget.
12849.0,177,5,2744.17,3,4,5,345,12,Loyal Customers,1,346.39,0,0.6212600601345806,417.5448665395217,Cross-Sell Drive,Recommend bundle products based on purchase history.
12850.0,354,1,330.0,1,1,2,112,4,Hibernating / Lost,0,0.0,1,0.21429032306107354,104.33014889489706,Suppress / Low-Cost Ads,Exclude from paid campaigns to save marketing budget.
12851.0,5,2,284.13,5,2,2,522,9,Promising / Potential,0,0.0,1,0.5706621462516804,143.30050721921134,Cross-Sell Drive,Recommend bundle products based on purchase history.
12852.0,203,1,311.55,3,1,2,312,6,Others / Need Attention,0,0.0,1,0.28128059927883853,126.51232635561905,Suppress / Low-Cost Ads,Exclude from paid campaigns to save marketing budget.
12853.0,43,11,3907.5,4,5,5,455,14,Champions,0,0.0,1,0.8387667705667549,624.1540294305491,VIP Loyalty Program,"Early access to new launches, zero discount needed."
12854.0,150,6,2479.89,3,4,4,344,11,Loyal Customers,1,514.13,0,0.6115428803408962,360.15179127795744,Cross-Sell Drive,Recommend bundle products based on purchase history.
12855.0,281,4,650.94,2,3,3,233,8,At Risk,0,0.0,1,0.4028251352882102,113.5108457591377,Standard Retention Push,Automated email re-engagement.
12857.0,119,6,3688.0,3,4,5,345,12,Loyal Customers,0,0.0,1,0.6919637750300208,478.20130170210837,Cross-Sell Drive,Recommend bundle products based on purchase history.
12858.0,292,1,177.92,2,1,1,211,4,About to Sleep,0,0.0,1,0.2308704347408752,53.5030510633161,Suppress / Low-Cost Ads,Exclude from paid campaigns to save marketing budget.
12859.0,367,1,575.1,1,1,3,113,5,Hibernating / Lost,0,0.0,1,0.23905766197172196,127.17879409716339,Suppress / Low-Cost Ads,Exclude from paid campaigns to save marketing budget.
12860.0,602,1,55.47,1,1,1,111,3,Hibernating / Lost,0,0.0,1,0.06230144525986281,8.93448454726072,Suppress / Low-Cost Ads,Exclude from paid campaigns to save marketing budget.
12861.0,528,1,68.25,1,1,1,111,3,Hibernating / Lost,0,0.0,1,0.08697479428266164,16.97138868540797,Suppress / Low-Cost Ads,Exclude from paid campaigns to save marketing budget.
12862.0,334,2,1008.32,2,2,3,223,7,About to Sleep,0,0.0,1,0.321038532589345,147.46792528921864,Suppress / Low-Cost Ads,Exclude from paid campaigns to save marketing budget.
12863.0,288,5,2271.35,2,4,4,244,10,At Risk,1,521.2,0,0.5065683748346395,322.410467091236,Standard Retention Push,Automated email re-engagement.
12864.0,47,2,299.57,4,2,2,422,8,Promising / Potential,0,0.0,1,0.526796974143216,98.40407571021211,Cross-Sell Drive,Recommend bundle products based on purchase history.
12865.0,32,3,2736.62,5,3,5,535,13,Loyal Customers,1,586.85,0,0.7036518977834002,492.1831458934253,Cross-Sell Drive,Recommend bundle products based on purchase history.
12866.0,192,3,1227.35,3,3,4,334,10,Loyal Customers,0,0.0,1,0.48391814351983864,193.7487888501773,Cross-Sell Drive,Recommend bundle products based on purchase history.
12867.0,5,12,6902.21,5,5,5,555,15,Champions,1,1011.08,0,0.8627860531191149,1064.2211549210178,VIP Loyalty Program,"Early access to new launches, zero discount needed."
12868.0,94,8,2247.06,4,5,4,454,13,Champions,0,0.0,1,0.7502286477920843,379.09706829448015,VIP Loyalty Program,"Early access to new launches, zero discount needed."
12869.0,590,1,337.67,1,1,2,112,4,Hibernating / Lost,0,0.0,1,0.07956129569344372,31.28109097895319,Suppress / Low-Cost Ads,Exclude from paid campaigns to save marketing budget.
12870.0,284,3,1676.95,2,3,4,234,9,At Risk,0,0.0,1,0.4413088888066884,286.5796990048026,Standard Retention Push,Automated email re-engagement.
12871.0,116,2,495.38,3,2,2,322,7,Promising / Potential,1,248.64,0,0.44980576431159136,149.4789953411985,Cross-Sell Drive,Recommend bundle products based on purchase history.
12872.0,235,12,3685.49,3,5,5,355,13,Loyal Customers,0,0.0,1,0.6580800233735066,327.85342702773767,Cross-Sell Drive,Recommend bundle products based on purchase history.
12873.0,191,3,2027.3,3,3,4,334,10,Loyal Customers,0,0.0,1,0.4851089894619799,323.97100888577376,Cross-Sell Drive,Recommend bundle products based on purchase history.
12874.0,294,2,948.42,2,2,3,223,7,About to Sleep,0,0.0,1,0.36488155912892917,165.06983275392878,Suppress / Low-Cost Ads,Exclude from paid campaigns to save marketing budget.
12875.0,52,5,1356.99,4,4,4,444,12,Champions,0,0.0,1,0.7292111730390863,331.0353829743966,VIP Loyalty Program,"Early access to new launches, zero discount needed."
12876.0,105,3,2590.2,4,3,4,434,11,Loyal Customers,1,1491.59,0,0.5822071326147512,414.49599624087995,Cross-Sell Drive,Recommend bundle products based on purchase history.
12877.0,33,17,2478.63,5,5,4,554,14,Champions,3,476.54,0,0.8400785835901547,330.20849308835994,VIP Loyalty Program,"Early access to new launches, zero discount needed."
12878.0,145,2,854.99,3,2,3,323,8,Promising / Potential,0,0.0,1,0.46556212634139116,169.9690818407695,Cross-Sell Drive,Recommend bundle products based on purchase history.
12879.0,0,1,140.5,5,1,1,511,7,New Customers,2,432.72,0,0.5128374623598569,315.07810335025806,Onboarding Sequence,10% discount on 2nd purchase within 30 days.
12880.0,290,2,640.13,2,2,3,223,7,About to Sleep,0,0.0,1,0.3694157445257289,134.97827649703035,Suppress / Low-Cost Ads,Exclude from paid campaigns to save marketing budget.
12881.0,184,1,298.0,3,1,2,312,6,Others / Need Attention,0,0.0,1,0.3003551996731436,90.32363021387796,Suppress / Low-Cost Ads,Exclude from paid campaigns to save marketing budget.
12885.0,32,1,645.35,5,1,3,513,9,New Customers,2,529.87,0,0.5756524721103804,338.84752252366764,Onboarding Sequence,10% discount on 2nd purchase within 30 days.
12886.0,128,1,775.0,3,1,3,313,7,Others / Need Attention,1,603.4,0,0.40895725629108093,248.65657741870797,Suppress / Low-Cost Ads,Exclude from paid campaigns to save marketing budget.
12887.0,292,1,222.4,2,1,1,211,4,About to Sleep,0,0.0,1,0.23086943787659975,54.03367112126509,Suppress / Low-Cost Ads,Exclude from paid campaigns to save marketing budget.
12888.0,123,2,354.12,3,2,2,322,7,Promising / Potential,0,0.0,1,0.441390631201663,133.68417591849885,Cross-Sell Drive,Recommend bundle products based on purchase history.
12889.0,290,4,385.46,2,3,2,232,7,At Risk,0,0.0,1,0.3447439770898857,72.2088448994008,Standard Retention Push,Automated email re-engagement.
12890.0,296,1,336.8,2,1,2,212,5,About to Sleep,1,380.47,0,0.2653842566830531,111.66720472177421,Suppress / Low-Cost Ads,Exclude from paid campaigns to save marketing budget.
12891.0,94,11,840.5,4,5,3,453,12,Champions,0,0.0,1,0.7294222269240325,116.60966540537672,VIP Loyalty Program,"Early access to new launches, zero discount needed."
12892.0,305,1,263.38,2,1,1,211,4,About to Sleep,0,0.0,1,0.21982103876259795,65.64543388516525,Suppress / Low-Cost Ads,Exclude from paid campaigns to save marketing budget.
12894.0,484,1,157.35,1,1,1,111,3,Hibernating / Lost,0,0.0,1,0.10555948975187157,25.67866365961225,Suppress / Low-Cost Ads,Exclude from paid campaigns to save marketing budget.
12897.0,113,4,514.25,3,3,2,332,8,Loyal Customers,0,0.0,1,0.48576975089389585,125.68624510803235,Cross-Sell Drive,Recommend bundle products based on purchase history.
12898.0,372,2,310.96,1,2,2,122,5,Hibernating / Lost,0,0.0,1,0.24280646575861253,70.45847085587455,Suppress / Low-Cost Ads,Exclude from paid campaigns to save marketing budget.
12899.0,322,1,366.4,2,1,2,212,5,About to Sleep,0,0.0,1,0.24144666256975011,102.76330290603288,Suppress / Low-Cost Ads,Exclude from paid campaigns to save marketing budget.
12900.0,331,1,340.33,2,1,2,212,5,About to Sleep,0,0.0,1,0.2335127199061583,99.38649850335347,Suppress / Low-Cost Ads,Exclude from paid campaigns to save marketing budget.
12901.0,17,19,11639.47,5,5,5,555,15,Champions,9,6015.07,0,0.8812755154790677,1787.4682477163587,VIP Loyalty Program,"Early access to new launches, zero discount needed."
12902.0,173,1,138.68,3,1,1,311,5,Others / Need Attention,0,0.0,1,0.2695792173890952,70.27033156988502,Suppress / Low-Cost Ads,Exclude from paid campaigns to save marketing budget.
12903.0,337,1,833.53,2,1,3,213,6,About to Sleep,0,0.0,1,0.2663682238213674,138.60568111655476,Suppress / Low-Cost Ads,Exclude from paid campaigns to save marketing budget.
12904.0,81,1,244.69,4,1,1,411,6,New Customers,1,264.89,0,0.4216995121382353,126.76639780255064,Onboarding Sequence,10% discount on 2nd purchase within 30 days.
12905.0,485,2,1018.42,1,2,3,123,6,Hibernating / Lost,0,0.0,1,0.18498946760302182,84.29527939360858,Suppress / Low-Cost Ads,Exclude from paid campaigns to save marketing budget.
12907.0,304,2,508.91,2,2,2,222,6,About to Sleep,0,0.0,1,0.30840168153625536,101.37924596911417,Suppress / Low-Cost Ads,Exclude from paid campaigns to save marketing budget.
12908.0,85,5,1776.0,4,4,4,444,12,Champions,0,0.0,1,0.6963330879899742,412.53732826872675,VIP Loyalty Program,"Early access to new launches, zero discount needed."
12909.0,110,6,2452.89,3,4,4,344,11,Loyal Customers,2,650.3,0,0.6566864879853026,405.9668038919745,Cross-Sell Drive,Recommend bundle products based on purchase history.
12910.0,43,9,4208.38,4,5,5,455,14,Champions,4,1588.14,0,0.8298786146667368,621.169439206837,VIP Loyalty Program,"Early access to new launches, zero discount needed."
12911.0,460,1,1680.47,1,1,4,114,6,Hibernating / Lost,0,0.0,1,0.1968542669587523,124.76481206494222,Suppress / Low-Cost Ads,Exclude from paid campaigns to save marketing budget.
12913.0,191,11,5083.62,3,5,5,355,13,Loyal Customers,2,1617.24,0,0.6977630471888403,632.1782868508302,Cross-Sell Drive,Recommend bundle products based on purchase history.
12914.0,309,1,223.98,2,1,1,211,4,About to Sleep,0,0.0,1,0.21650003646901472,51.25446479878618,Suppress / Low-Cost Ads,Exclude from paid campaigns to save marketing budget.
12915.0,57,4,1174.75,4,3,4,434,11,Loyal Customers,0,0.0,1,0.6451677634718713,239.2587689989876,Cross-Sell Drive,Recommend bundle products based on purchase history.
12916.0,47,7,4654.02,4,4,5,445,13,Champions,0,0.0,1,0.7830547960808696,603.4512859305601,VIP Loyalty Program,"Early access to new launches, zero discount needed."
12917.0,37,6,4359.2,4,4,5,445,13,Champions,0,0.0,1,0.7858596471176829,801.3226146129842,VIP Loyalty Program,"Early access to new launches, zero discount needed."
12918.0,535,1,10953.5,1,1,5,115,7,Hibernating / Lost,0,0.0,1,0.17254703308235197,355.7528678900286,Suppress / Low-Cost Ads,Exclude from paid campaigns to save marketing budget.
12919.0,25,3,441.65,5,3,2,532,10,Loyal Customers,3,893.54,0,0.5707549093456061,151.84055134343535,Cross-Sell Drive,Recommend bundle products based on purchase history.
12920.0,480,3,323.86,1,3,2,132,6,Others / Need Attention,1,164.23,0,0.15017055654771128,33.76516660706851,Suppress / Low-Cost Ads,Exclude from paid campaigns to save marketing budget.
12921.0,7,61,29417.42,5,5,5,555,15,Champions,13,6503.62,0,0.9677294142338302,4403.947495120304,VIP Loyalty Program,"Early access to new launches, zero discount needed."
12922.0,70,1,405.38,4,1,2,412,7,New Customers,0,0.0,1,0.48562072637323617,211.3660965042568,Onboarding Sequence,10% discount on 2nd purchase within 30 days.
12923.0,299,2,612.9,2,2,3,223,7,About to Sleep,1,176.97,0,0.359268385331854,131.27060275739598,Suppress / Low-Cost Ads,Exclude from paid campaigns to save marketing budget.
12924.0,107,11,2190.97,3,5,4,354,12,Loyal Customers,1,278.43,0,0.7390994533847717,260.159744313234,Cross-Sell Drive,Recommend bundle products based on purchase history.
12925.0,501,1,35.28,1,1,1,111,3,Hibernating / Lost,2,694.05,0,0.09799708488300418,51.469026307129965,Suppress / Low-Cost Ads,Exclude from paid campaigns to save marketing budget.
12926.0,320,4,1548.46,2,3,4,234,9,At Risk,0,0.0,1,0.40637317993857547,173.02111415741126,Standard Retention Push,Automated email re-engagement.
12927.0,303,1,197.31,2,1,1,211,4,About to Sleep,0,0.0,1,0.22149707084782555,57.611961257805035,Suppress / Low-Cost Ads,Exclude from paid campaigns to save marketing budget.
12928.0,56,10,3378.33,4,5,5,455,14,Champions,2,926.56,0,0.8254494648940044,496.7714206989618,VIP Loyalty Program,"Early access to new launches, zero discount needed."
12929.0,220,1,117.85,3,1,1,311,5,Others / Need Attention,0,0.0,1,0.22695328134980808,65.1464130414778,Suppress / Low-Cost Ads,Exclude from paid campaigns to save marketing budget.
12930.0,80,1,221.56,4,1,1,411,6,New Customers,1,194.24,0,0.4228880549242683,99.28381044942333,Onboarding Sequence,10% discount on 2nd purchase within 30 days.
12931.0,10,53,82822.08,5,5,5,555,15,Champions,4,9525.26,0,0.95780518668881,9855.90528444651,VIP Loyalty Program,"Early access to new launches, zero discount needed."
12932.0,448,8,1698.56,1,5,4,154,10,Can't Lose Them,0,0.0,1,0.23781527080289777,105.16500347443392,Executive Outreach,Feedback survey + customized high-value offer.
12933.0,80,7,1436.99,4,4,4,444,12,Champions,1,250.04,0,0.7147485323677296,276.24060023002727,VIP Loyalty Program,"Early access to new launches, zero discount needed."
12934.0,645,1,181.65,1,1,1,111,3,Hibernating / Lost,0,0.0,1,0.051133727507690185,12.853393129469728,Suppress / Low-Cost Ads,Exclude from paid campaigns to save marketing budget.
12935.0,18,12,3618.5,5,5,5,555,15,Champions,3,625.36,0,0.8551705177848831,486.23057763544307,VIP Loyalty Program,"Early access to new launches, zero discount needed."
12937.0,106,7,2021.57,4,4,4,444,12,Champions,2,1076.04,0,0.6882378290801452,357.38562831096334,VIP Loyalty Program,"Early access to new launches, zero discount needed."
12939.0,47,16,21673.08,4,5,5,455,14,Champions,4,3591.72,0,0.8566882335867798,2163.483713979585,VIP Loyalty Program,"Early access to new launches, zero discount needed."
12941.0,633,1,377.49,1,1,2,112,4,Hibernating / Lost,0,0.0,1,0.06551653177797157,24.318853172562925,Suppress / Low-Cost Ads,Exclude from paid campaigns to save marketing budget.
12942.0,40,3,942.65,4,3,3,433,10,Loyal Customers,0,0.0,1,0.6091638243105542,216.0367258522824,Cross-Sell Drive,Recommend bundle products based on purchase history.
12943.0,467,2,496.5,1,2,2,122,5,Hibernating / Lost,0,0.0,1,0.16799204156284253,54.781491356484345,Suppress / Low-Cost Ads,Exclude from paid campaigns to save marketing budget.
12944.0,263,1,286.95,2,1,2,212,5,About to Sleep,1,317.56,0,0.29786444651269206,89.57460416850402,Suppress / Low-Cost Ads,Exclude from paid campaigns to save marketing budget.
12945.0,197,2,900.11,3,2,3,323,8,Promising / Potential,0,0.0,1,0.40343816008455247,156.99997113339558,Cross-Sell Drive,Recommend bundle products based on purchase history.
12946.0,345,1,324.45,2,1,2,212,5,About to Sleep,0,0.0,1,0.22153481984837942,102.35448839702102,Suppress / Low-Cost Ads,Exclude from paid campaigns to save marketing budget.
12947.0,52,6,1908.03,4,4,4,444,12,Champions,0,0.0,1,0.7354966953491157,474.64008481825005,VIP Loyalty Program,"Early access to new launches, zero discount needed."
12948.0,14,6,1676.44,5,4,4,544,13,Champions,3,640.99,0,0.7650388412190228,452.97245786676586,VIP Loyalty Program,"Early access to new launches, zero discount needed."
12949.0,23,21,14808.9,5,5,5,555,15,Champions,1,717.8,0,0.8848545040964035,1621.1149900703804,VIP Loyalty Program,"Early access to new launches, zero discount needed."
12951.0,82,14,2901.43,4,5,5,455,14,Champions,1,312.29,0,0.8257402094555343,408.53442834547246,VIP Loyalty Program,"Early access to new launches, zero discount needed."
12953.0,431,1,498.96,1,1,2,112,4,Hibernating / Lost,1,329.85,0,0.15786712764156918,69.20065780752127,Suppress / Low-Cost Ads,Exclude from paid campaigns to save marketing budget.
12954.0,547,1,162.45,1,1,1,111,3,Hibernating / Lost,0,0.0,1,0.0799029353690478,19.437386516176637,Suppress / Low-Cost Ads,Exclude from paid campaigns to save marketing budget.
12955.0,1,6,1843.36,5,4,4,544,13,Champions,5,2913.8,0,0.7762215240387902,538.8126782337224,VIP Loyalty Program,"Early access to new launches, zero discount needed."
12956.0,215,4,521.89,3,3,2,332,8,Loyal Customers,0,0.0,1,0.3650370961904955,93.78500336805187,Cross-Sell Drive,Recommend bundle products based on purchase history.
12957.0,95,9,6404.72,4,5,5,455,14,Champions,4,2302.25,0,0.7910565752625749,739.6688667938679,VIP Loyalty Program,"Early access to new launches, zero discount needed."
12958.0,309,2,539.49,2,2,2,222,6,About to Sleep,0,0.0,1,0.30323276118844633,104.31064281200817,Suppress / Low-Cost Ads,Exclude from paid campaigns to save marketing budget.
12959.0,393,1,150.95,1,1,1,111,3,Hibernating / Lost,0,0.0,1,0.1552700915331272,37.7713881172459,Suppress / Low-Cost Ads,Exclude from paid campaigns to save marketing budget.
12960.0,322,4,1322.07,2,3,4,234,9,At Risk,0,0.0,1,0.40403311815917375,155.1185226424219,Standard Retention Push,Automated email re-engagement.
12961.0,288,1,211.99,2,1,1,211,4,About to Sleep,0,0.0,1,0.23434606012632897,58.57334717402668,Suppress / Low-Cost Ads,Exclude from paid campaigns to save marketing budget.
12962.0,22,1,170.54,5,1,1,511,7,New Customers,1,95.85,0,0.48606386433916027,115.17780557121154,Onboarding Sequence,10% discount on 2nd purchase within 30 days.
12963.0,274,5,2110.76,2,4,4,244,10,At Risk,7,1490.83,0,0.5235975106621573,333.24882950993685,Standard Retention Push,Automated email re-engagement.
12964.0,346,1,132.24,2,1,1,211,4,About to Sleep,0,0.0,1,0.1875027659843268,42.644897811237264,Suppress / Low-Cost Ads,Exclude from paid campaigns to save marketing budget.
12967.0,267,3,4306.92,2,3,5,235,10,At Risk,0,0.0,1,0.512826646998551,568.6138536678366,High-Value Win-Back,20% off limited promo code + direct outreach.
12968.0,21,1,135.95,5,1,1,511,7,New Customers,0,0.0,1,0.48728132059748597,131.7888948226872,Onboarding Sequence,10% discount on 2nd purchase within 30 days.
12969.0,511,1,122.45,1,1,1,111,3,Hibernating / Lost,0,0.0,1,0.09377576999726778,21.3279953909472,Suppress / Low-Cost Ads,Exclude from paid campaigns to save marketing budget.
12970.0,231,8,1096.53,3,5,3,353,11,Loyal Customers,2,428.44,0,0.534082486128695,172.44397421780843,Cross-Sell Drive,Recommend bundle products based on purchase history.
12971.0,1,94,12948.2,5,5,5,555,15,Champions,22,3024.59,0,0.9889327366163774,2286.1770992102306,VIP Loyalty Program,"Early access to new launches, zero discount needed."
12972.0,322,4,1161.2,2,3,4,234,9,At Risk,0,0.0,1,0.40403800714843296,143.54917787584114,Standard Retention Push,Automated email re-engagement.
12973.0,322,1,385.55,2,1,2,212,5,About to Sleep,0,0.0,1,0.24144621989992365,102.76311449914839,Suppress / Low-Cost Ads,Exclude from paid campaigns to save marketing budget.
12974.0,106,2,408.95,4,2,2,422,8,Promising / Potential,0,0.0,1,0.45512367967092104,135.45632904625543,Cross-Sell Drive,Recommend bundle products based on purchase history.
12975.0,345,6,2100.09,2,4,4,244,10,At Risk,0,0.0,1,0.44544448757461497,271.4470202550327,Standard Retention Push,Automated email re-engagement.
12976.0,120,8,3156.38,3,5,5,355,13,Loyal Customers,0,0.0,1,0.7476639357954433,410.06829986302716,Cross-Sell Drive,Recommend bundle products based on purchase history.
12977.0,65,4,517.63,4,3,2,432,9,Loyal Customers,0,0.0,1,0.5373148158871894,149.2859174320387,Cross-Sell Drive,Recommend bundle products based on purchase history.
12978.0,294,5,2502.82,2,4,4,244,10,At Risk,0,0.0,1,0.4992580634649014,317.75774690500447,Standard Retention Push,Automated email re-engagement.
12979.0,638,1,517.7,1,1,2,112,4,Hibernating / Lost,0,0.0,1,0.06404066554247079,24.325961414997625,Suppress / Low-Cost Ads,Exclude from paid campaigns to save marketing budget.
12980.0,66,21,16245.78,4,5,5,455,14,Champions,0,0.0,1,0.8649370647787846,1635.857625587986,VIP Loyalty Program,"Early access to new launches, zero discount needed."
12981.0,42,1,187.18,4,1,1,411,6,New Customers,1,185.04,0,0.4685651882834695,112.96618368531011,Onboarding Sequence,10% discount on 2nd purchase within 30 days.
12982.0,151,8,2744.81,3,5,5,355,13,Loyal Customers,0,0.0,1,0.7181507403812575,403.90287191989046,Cross-Sell Drive,Recommend bundle products based on purchase history.
12983.0,507,1,490.08,1,1,2,112,4,Hibernating / Lost,0,0.0,1,0.11463760003235945,50.251103255177604,Suppress / Low-Cost Ads,Exclude from paid campaigns to save marketing budget.
12986.0,337,10,2729.84,2,5,5,255,12,At Risk,0,0.0,1,0.5915702077317213,327.7442848131431,Standard Retention Push,Automated email re-engagement.
12987.0,106,4,1057.81,4,3,3,433,10,Loyal Customers,1,254.4,0,0.5385664902665315,180.41902555139632,Cross-Sell Drive,Recommend bundle products based on purchase history.
12988.0,201,1,535.32,3,1,2,312,6,Others / Need Attention,0,0.0,1,0.28324767282157104,128.56897672005687,Suppress / Low-Cost Ads,Exclude from paid campaigns to save marketing budget.
12989.0,66,26,11096.78,4,5,5,455,14,Champions,7,2454.97,0,0.8827004094542098,1554.9333231555552,VIP Loyalty Program,"Early access to new launches, zero discount needed."
12990.0,94,6,809.9,4,4,3,443,11,Champions,1,145.6,0,0.6487630141215742,165.42470460353593,VIP Loyalty Program,"Early access to new launches, zero discount needed."
12991.0,21,2,564.62,5,2,3,523,10,Promising / Potential,1,200.2,0,0.6014102866683835,241.50091124407624,Cross-Sell Drive,Recommend bundle products based on purchase history.
12992.0,634,1,93.35,1,1,1,111,3,Hibernating / Lost,0,0.0,1,0.05379624534464389,10.854302007108215,Suppress / Low-Cost Ads,Exclude from paid campaigns to save marketing budget.
12993.0,29,7,1217.27,5,4,4,544,13,Champions,1,42.36,0,0.757618723037452,238.4402101072599,VIP Loyalty Program,"Early access to new launches, zero discount needed."
12994.0,29,2,645.47,5,2,3,523,10,Promising / Potential,1,328.95,0,0.5920347123230902,222.52866788729244,Cross-Sell Drive,Recommend bundle products based on purchase history.
12996.0,284,1,355.5,2,1,2,212,5,About to Sleep,0,0.0,1,0.276929446417306,116.52513820177808,Suppress / Low-Cost Ads,Exclude from paid campaigns to save marketing budget.
12997.0,145,6,1492.49,3,4,4,344,11,Loyal Customers,2,618.42,0,0.6173396386554206,241.603655395328,Cross-Sell Drive,Recommend bundle products based on purchase history.
12998.0,401,3,920.08,1,3,3,133,7,Others / Need Attention,0,0.0,1,0.24159322388516902,83.46061436311595,Suppress / Low-Cost Ads,Exclude from paid campaigns to save marketing budget.
12999.0,105,3,455.88,4,3,2,432,9,Loyal Customers,0,0.0,1,0.480672225583597,125.66370647474406,Cross-Sell Drive,Recommend bundle products based on purchase history.
13000.0,15,4,1032.5,5,3,3,533,11,Loyal Customers,0,0.0,1,0.6388587026880452,264.67408867675255,Cross-Sell Drive,Recommend bundle products based on purchase history.
13001.0,67,31,22968.7,4,5,5,455,14,Champions,2,1203.4,0,0.897759662663167,1974.940821325015,VIP Loyalty Program,"Early access to new launches, zero discount needed."
13002.0,227,3,414.13,3,3,2,332,8,Loyal Customers,0,0.0,1,0.34431606195170616,86.09705667189996,Cross-Sell Drive,Recommend bundle products based on purchase history.
13003.0,14,3,149.05,5,3,1,531,9,Loyal Customers,0,0.0,1,0.5333994786731824,69.1791899455933,Cross-Sell Drive,Recommend bundle products based on purchase history.
13004.0,23,30,9780.03,5,5,5,555,15,Champions,6,1870.82,0,0.9112586908142531,1119.657297207198,VIP Loyalty Program,"Early access to new launches, zero discount needed."
13005.0,82,4,999.68,4,3,3,433,10,Loyal Customers,0,0.0,1,0.5674450406841289,205.99219029312835,Cross-Sell Drive,Recommend bundle products based on purchase history.
13007.0,488,1,175.25,1,1,1,111,3,Hibernating / Lost,0,0.0,1,0.10373452448369913,24.31696988333204,Suppress / Low-Cost Ads,Exclude from paid campaigns to save marketing budget.
13008.0,232,3,612.13,3,3,3,333,9,Loyal Customers,0,0.0,1,0.3860945354901656,127.19476230651274,Cross-Sell Drive,Recommend bundle products based on purchase history.
13009.0,581,1,234.0,1,1,1,111,3,Hibernating / Lost,0,0.0,1,0.0685474508625622,20.611991602632436,Suppress / Low-Cost Ads,Exclude from paid campaigns to save marketing budget.
13010.0,283,2,330.12,2,2,2,222,6,About to Sleep,0,0.0,1,0.33063106004877507,96.73037393735568,Suppress / Low-Cost Ads,Exclude from paid campaigns to save marketing budget.
13011.0,281,1,101.1,2,1,1,211,4,About to Sleep,0,0.0,1,0.24051923775680717,48.5319355938194,Suppress / Low-Cost Ads,Exclude from paid campaigns to save marketing budget.
13012.0,57,7,2323.3,4,4,4,444,12,Champions,4,649.53,0,0.7369998400409125,386.3403102695868,VIP Loyalty Program,"Early access to new launches, zero discount needed."
13013.0,1,25,11500.92,5,5,5,555,15,Champions,4,1124.85,0,0.9068116137767431,2055.9276781443787,VIP Loyalty Program,"Early access to new launches, zero discount needed."
13014.0,22,6,3937.28,5,4,5,545,14,Champions,5,1443.8,0,0.7934748107688046,807.7205475957071,VIP Loyalty Program,"Early access to new launches, zero discount needed."
13015.0,106,10,5003.18,4,5,5,455,14,Champions,1,1583.24,0,0.7875236078405305,735.2496953007942,VIP Loyalty Program,"Early access to new launches, zero discount needed."
13016.0,32,1,425.25,5,1,2,512,8,New Customers,2,364.64,0,0.5250413785828818,236.0267903404727,Onboarding Sequence,10% discount on 2nd purchase within 30 days.
13018.0,1,25,7561.17,5,5,5,555,15,Champions,10,2201.99,0,0.9068536248484342,1338.073952823072,VIP Loyalty Program,"Early access to new launches, zero discount needed."
13019.0,288,6,1229.95,2,4,4,244,10,At Risk,0,0.0,1,0.5146318748723964,155.16220577933095,Standard Retention Push,Automated email re-engagement.
13020.0,471,2,618.96,1,2,3,123,6,Hibernating / Lost,0,0.0,1,0.19549587880733443,70.85980829165244,Suppress / Low-Cost Ads,Exclude from paid campaigns to save marketing budget.
13021.0,75,12,3423.33,4,5,5,455,14,Champions,5,1463.91,0,0.8213431467536466,467.46666587571167,VIP Loyalty Program,"Early access to new launches, zero discount needed."
13022.0,338,1,65.3,2,1,1,211,4,About to Sleep,0,0.0,1,0.19351050508674084,39.496754030937986,Suppress / Low-Cost Ads,Exclude from paid campaigns to save marketing budget.
13023.0,38,2,1095.53,4,2,3,423,9,Promising / Potential,1,353.5,0,0.5880088954474735,273.6425638335618,Cross-Sell Drive,Recommend bundle products based on purchase history.
13024.0,379,2,555.87,1,2,2,122,5,Hibernating / Lost,0,0.0,1,0.2365898163572029,85.75479510414974,Suppress / Low-Cost Ads,Exclude from paid campaigns to save marketing budget.
13025.0,640,1,323.39,1,1,2,112,4,Hibernating / Lost,0,0.0,1,0.06346091375659979,27.25421459707937,Suppress / Low-Cost Ads,Exclude from paid campaigns to save marketing budget.
13026.0,1,7,1361.92,5,4,4,544,13,Champions,2,371.16,0,0.781764683110042,317.2492343165177,VIP Loyalty Program,"Early access to new launches, zero discount needed."
13027.0,22,19,17335.2,5,5,5,555,15,Champions,0,0.0,1,0.8786279859974453,1919.4383050546046,VIP Loyalty Program,"Early access to new launches, zero discount needed."
13029.0,47,4,1453.0,4,3,4,434,11,Loyal Customers,1,474.3,0,0.6562256891381542,317.8519666741688,Cross-Sell Drive,Recommend bundle products based on purchase history.
13030.0,277,1,855.48,2,1,3,213,6,About to Sleep,1,371.74,0,0.32717393515041737,171.31594987861027,Suppress / Low-Cost Ads,Exclude from paid campaigns to save marketing budget.
13031.0,316,5,3419.27,2,4,5,245,11,At Risk,0,0.0,1,0.523614921332203,381.5901214826859,Standard Retention Push,Automated email re-engagement.
13032.0,301,7,1833.37,2,4,4,244,10,At Risk,2,1010.18,0,0.5068270277392704,239.2148898578088,Standard Retention Push,Automated email re-engagement.
13033.0,266,2,220.55,2,2,1,221,5,About to Sleep,0,0.0,1,0.30422125209930706,47.05391599841157,Suppress / Low-Cost Ads,Exclude from paid campaigns to save marketing budget.
13034.0,278,2,445.77,2,2,2,222,6,About to Sleep,1,476.91,0,0.3360376514446314,98.9312088099387,Suppress / Low-Cost Ads,Exclude from paid campaigns to save marketing budget.
13035.0,169,2,775.32,3,2,3,323,8,Promising / Potential,1,588.88,0,0.43663895048594625,169.88088622222665,Cross-Sell Drive,Recommend bundle products based on purchase history.
13036.0,593,1,307.1,1,1,2,112,4,Hibernating / Lost,0,0.0,1,0.07849844974512854,23.670531927113256,Suppress / Low-Cost Ads,Exclude from paid campaigns to save marketing budget.
13037.0,47,12,3914.95,4,5,5,455,14,Champions,0,0.0,1,0.840471689196119,625.4227156371448,VIP Loyalty Program,"Early access to new launches, zero discount needed."
13038.0,92,2,591.76,4,2,3,423,9,Promising / Potential,1,316.7,0,0.5232038202059679,193.25947194752436,Cross-Sell Drive,Recommend bundle products based on purchase history.
13039.0,493,4,1010.73,1,3,3,133,7,Others / Need Attention,0,0.0,1,0.173678338368762,58.55871752195802,Suppress / Low-Cost Ads,Exclude from paid campaigns to save marketing budget.
13041.0,359,4,799.13,1,3,3,133,7,Others / Need Attention,0,0.0,1,0.28754925293887557,85.7218427950504,Suppress / Low-Cost Ads,Exclude from paid campaigns to save marketing budget.
13042.0,507,3,1556.54,1,3,4,134,8,Others / Need Attention,0,0.0,1,0.18916867207309251,102.8552628928853,Suppress / Low-Cost Ads,Exclude from paid campaigns to save marketing budget.
13043.0,182,1,516.42,3,1,2,312,6,Others / Need Attention,0,0.0,1,0.302399684435268,130.0802338770684,Suppress / Low-Cost Ads,Exclude from paid campaigns to save marketing budget.
13044.0,200,11,4853.9,3,5,5,355,13,Loyal Customers,0,0.0,1,0.6884487283612941,612.7110702551738,Cross-Sell Drive,Recommend bundle products based on purchase history.
13045.0,8,3,808.92,5,3,3,533,11,Loyal Customers,0,0.0,1,0.6393137668848414,257.16571155610563,Cross-Sell Drive,Recommend bundle products based on purchase history.
13046.0,175,2,517.66,3,2,2,322,7,Promising / Potential,1,431.59,0,0.3801940060193907,125.51721386456586,Cross-Sell Drive,Recommend bundle products based on purchase history.
13047.0,36,22,8239.63,5,5,5,555,15,Champions,2,555.53,0,0.8817281081264964,1046.7150423170124,VIP Loyalty Program,"Early access to new launches, zero discount needed."
13048.0,22,8,3623.35,5,5,5,555,15,Champions,1,460.86,0,0.8358565746918897,506.0707817676665,VIP Loyalty Program,"Early access to new launches, zero discount needed."
13049.0,227,3,905.34,3,3,3,333,9,Loyal Customers,1,502.9,0,0.3918717722464172,135.67836666691971,Cross-Sell Drive,Recommend bundle products based on purchase history.
13050.0,15,31,11017.41,5,5,5,555,15,Champions,4,1327.12,0,0.916829919554869,1740.9234934738306,VIP Loyalty Program,"Early access to new launches, zero discount needed."
13051.0,487,2,155.8,1,2,1,121,4,Hibernating / Lost,0,0.0,1,0.12988333872691205,22.20298262530773,Suppress / Low-Cost Ads,Exclude from paid campaigns to save marketing budget.
13052.0,121,7,3168.53,3,4,5,345,12,Loyal Customers,0,0.0,1,0.6967315286611311,420.5848272288251,Cross-Sell Drive,Recommend bundle products based on purchase history.
13053.0,530,1,127.65,1,1,1,111,3,Hibernating / Lost,0,0.0,1,0.08620402317596221,19.605906824669052,Suppress / Low-Cost Ads,Exclude from paid campaigns to save marketing budget.
13055.0,122,2,1451.56,3,2,4,324,9,Promising / Potential,2,869.55,0,0.544548996901885,347.79126897873334,Cross-Sell Drive,Recommend bundle products based on purchase history.
13056.0,460,1,209.48,1,1,1,111,3,Hibernating / Lost,0,0.0,1,0.11711112039281912,29.60839612534813,Suppress / Low-Cost Ads,Exclude from paid campaigns to save marketing budget.
13057.0,439,3,722.09,1,3,3,133,7,Others / Need Attention,0,0.0,1,0.20933167812977682,68.80826193645932,Suppress / Low-Cost Ads,Exclude from paid campaigns to save marketing budget.
13058.0,60,1,47.55,4,1,1,411,6,New Customers,2,223.85,0,0.4468198269655339,57.71874992534773,Onboarding Sequence,10% discount on 2nd purchase within 30 days.
13059.0,158,10,2303.17,3,5,4,354,12,Loyal Customers,0,0.0,1,0.6815330721912373,308.0423829990838,Cross-Sell Drive,Recommend bundle products based on purchase history.
13060.0,162,1,307.53,3,1,2,312,6,Others / Need Attention,0,0.0,1,0.3233340166580331,97.23388237649807,Suppress / Low-Cost Ads,Exclude from paid campaigns to save marketing budget.
13062.0,100,1,346.98,4,1,2,412,7,New Customers,0,0.0,1,0.44927675874371664,199.1219349284568,Onboarding Sequence,10% discount on 2nd purchase within 30 days.
13063.0,389,1,188.4,1,1,1,111,3,Hibernating / Lost,0,0.0,1,0.1578411050461881,42.09392889338379,Suppress / Low-Cost Ads,Exclude from paid campaigns to save marketing budget.
13064.0,61,4,1220.5,4,3,4,434,11,Loyal Customers,2,460.24,0,0.6406954354084573,211.0300795727841,Cross-Sell Drive,Recommend bundle products based on purchase history.
13065.0,282,5,1260.91,2,4,4,244,10,At Risk,0,0.0,1,0.5139004387239385,155.65115860305923,Standard Retention Push,Automated email re-engagement.
13067.0,318,2,393.05,2,2,2,222,6,About to Sleep,1,115.46,0,0.2940587289503579,86.57239863184324,Suppress / Low-Cost Ads,Exclude from paid campaigns to save marketing budget.
13068.0,228,1,165.0,3,1,1,311,5,Others / Need Attention,1,179.0,0,0.22019117599284543,52.95413915178776,Suppress / Low-Cost Ads,Exclude from paid campaigns to save marketing budget.
13069.0,8,34,9121.71,5,5,5,555,15,Champions,4,561.42,0,0.9262709109680888,1378.0850662488992,VIP Loyalty Program,"Early access to new launches, zero discount needed."
13070.0,101,4,751.7,4,3,3,433,10,Loyal Customers,0,0.0,1,0.5446200446033223,154.4802713958339,Cross-Sell Drive,Recommend bundle products based on purchase history.
13071.0,521,1,129.22,1,1,1,111,3,Hibernating / Lost,0,0.0,1,0.08971903436817918,20.405347261243616,Suppress / Low-Cost Ads,Exclude from paid campaigns to save marketing budget.
13072.0,175,1,177.15,3,1,1,311,5,Others / Need Attention,0,0.0,1,0.26766513014098636,62.03003490627053,Suppress / Low-Cost Ads,Exclude from paid campaigns to save marketing budget.
13073.0,320,2,418.08,2,2,2,222,6,About to Sleep,0,0.0,1,0.2920406751665303,85.97827324315766,Suppress / Low-Cost Ads,Exclude from paid campaigns to save marketing budget.
13074.0,420,4,1378.74,1,3,4,134,8,Others / Need Attention,0,0.0,1,0.26900741222707636,124.55526990560791,Suppress / Low-Cost Ads,Exclude from paid campaigns to save marketing budget.
13075.0,38,1,919.61,4,1,3,413,8,New Customers,0,0.0,1,0.5751604487454345,396.3865433848618,Onboarding Sequence,10% discount on 2nd purchase within 30 days.
13076.0,366,1,135.4,1,1,1,111,3,Hibernating / Lost,0,0.0,1,0.1733042657251732,45.69497004712453,Suppress / Low-Cost Ads,Exclude from paid campaigns to save marketing budget.
13077.0,199,10,2912.84,3,5,5,355,13,Loyal Customers,1,151.83,0,0.682623147832865,382.7238482158762,Cross-Sell Drive,Recommend bundle products based on purchase history.
13078.0,15,46,23821.66,5,5,5,555,15,Champions,11,5710.79,0,0.9468732531013712,3061.0610835667885,VIP Loyalty Program,"Early access to new launches, zero discount needed."
13079.0,0,3,258.58,5,3,1,531,9,Loyal Customers,3,160.6,0,0.5503161796938488,238.91972723501323,Cross-Sell Drive,Recommend bundle products based on purchase history.
13080.0,88,4,280.73,4,3,2,432,9,Loyal Customers,0,0.0,1,0.5093943799212597,65.30633268335508,Cross-Sell Drive,Recommend bundle products based on purchase history.
13081.0,52,25,49737.89,4,5,5,455,14,Champions,3,9467.26,0,0.8858874584137936,10791.92503567798,VIP Loyalty Program,"Early access to new launches, zero discount needed."
13082.0,35,21,7335.75,5,5,5,555,15,Champions,0,0.0,1,0.8788668270856212,1042.6882585377368,VIP Loyalty Program,"Early access to new launches, zero discount needed."
13083.0,334,1,91.68,2,1,1,211,4,About to Sleep,2,303.75,0,0.19656759258569,40.12072549410443,Suppress / Low-Cost Ads,Exclude from paid campaigns to save marketing budget.
13084.0,400,1,122.4,1,1,1,111,3,Hibernating / Lost,0,0.0,1,0.150852587950293,34.309324259454726,Suppress / Low-Cost Ads,Exclude from paid campaigns to save marketing budget.
13085.0,66,8,2433.28,4,5,4,454,13,Champions,0,0.0,1,0.7748911469373851,400.7792457766788,VIP Loyalty Program,"Early access to new launches, zero discount needed."
13086.0,291,1,439.33,2,1,2,212,5,About to Sleep,0,0.0,1,0.2701548483848615,113.67455303575522,Suppress / Low-Cost Ads,Exclude from paid campaigns to save marketing budget.
13087.0,635,1,313.64,1,1,2,112,4,Hibernating / Lost,0,0.0,1,0.06492334634828978,27.882277594100692,Suppress / Low-Cost Ads,Exclude from paid campaigns to save marketing budget.
13088.0,326,1,236.11,2,1,1,211,4,About to Sleep,0,0.0,1,0.20278897036833254,57.22513100746523,Suppress / Low-Cost Ads,Exclude from paid campaigns to save marketing budget.
13089.0,8,177,101236.52,5,5,5,555,15,Champions,26,15501.34,0,0.9991877126530211,13787.267075548096,VIP Loyalty Program,"Early access to new launches, zero discount needed."
13090.0,45,19,10104.29,4,5,5,455,14,Champions,5,3998.8,0,0.8693998635957012,1612.9427190956058,VIP Loyalty Program,"Early access to new launches, zero discount needed."
13091.0,638,2,1976.0,1,2,4,124,7,Hibernating / Lost,1,345.82,0,0.11678452456600286,55.291573021924954,Suppress / Low-Cost Ads,Exclude from paid campaigns to save marketing budget.
13092.0,120,11,2102.2,3,5,4,354,12,Loyal Customers,1,38.08,0,0.7267128593756615,186.49953406824997,Cross-Sell Drive,Recommend bundle products based on purchase history.
13093.0,184,55,54943.65,3,5,5,355,13,Loyal Customers,0,0.0,1,0.9070823344548007,2803.956167397811,Cross-Sell Drive,Recommend bundle products based on purchase history.
13094.0,38,11,2051.52,4,5,4,454,13,Champions,2,381.6,0,0.8128946730204869,257.3806257611522,VIP Loyalty Program,"Early access to new launches, zero discount needed."
13096.0,303,1,419.7,2,1,2,212,5,About to Sleep,0,0.0,1,0.25879102982314217,110.14532445399654,Suppress / Low-Cost Ads,Exclude from paid campaigns to save marketing budget.
13097.0,31,26,12022.51,5,5,5,555,15,Champions,2,1366.71,0,0.8967214743420305,1745.5037628215075,VIP Loyalty Program,"Early access to new launches, zero discount needed."
13098.0,3,18,15169.46,5,5,5,555,15,Champions,10,13712.98,0,0.8849481740628378,1953.6416674798745,VIP Loyalty Program,"Early access to new launches, zero discount needed."
13099.0,8,1,207.36,5,1,1,511,7,New Customers,0,0.0,1,0.5031002866961467,151.6945987335178,Onboarding Sequence,10% discount on 2nd purchase within 30 days.
13101.0,143,4,695.4,3,3,3,333,9,Loyal Customers,0,0.0,1,0.5004257005258514,135.20853177858675,Cross-Sell Drive,Recommend bundle products based on purchase history.
13102.0,42,32,10234.53,4,5,5,455,14,Champions,5,1462.39,0,0.9111731675483681,1608.9563569172678,VIP Loyalty Program,"Early access to new launches, zero discount needed."
13103.0,346,2,465.7,2,2,2,222,6,About to Sleep,1,243.94,0,0.266570723306807,78.47978872816111,Suppress / Low-Cost Ads,Exclude from paid campaigns to save marketing budget.
13104.0,42,6,987.06,4,4,3,443,11,Champions,3,722.04,0,0.7040727453302675,237.29727997206476,VIP Loyalty Program,"Early access to new launches, zero discount needed."
13105.0,345,1,72.0,2,1,1,211,4,About to Sleep,0,0.0,1,0.1882468152355462,38.42240066053782,Suppress / Low-Cost Ads,Exclude from paid campaigns to save marketing budget.
13106.0,42,2,603.46,4,2,3,423,9,Promising / Potential,0,0.0,1,0.5832979659965893,219.24477847804366,Cross-Sell Drive,Recommend bundle products based on purchase history.
13107.0,84,7,4656.67,4,4,5,445,13,Champions,2,596.4,0,0.7508979946775229,583.7396244305617,VIP Loyalty Program,"Early access to new launches, zero discount needed."
13108.0,281,2,1098.52,2,2,3,223,7,About to Sleep,0,0.0,1,0.3796670587832811,171.758688066194,Suppress / Low-Cost Ads,Exclude from paid campaigns to save marketing budget.
13109.0,66,2,717.34,4,2,3,423,9,Promising / Potential,1,416.69,0,0.5546454008399584,208.47511071508424,Cross-Sell Drive,Recommend bundle products based on purchase history.
13110.0,46,10,2511.04,4,5,4,454,13,Champions,2,446.43,0,0.8018317987384369,383.4763197525934,VIP Loyalty Program,"Early access to new launches, zero discount needed."
13111.0,627,1,321.88,1,1,2,112,4,Hibernating / Lost,0,0.0,1,0.06732840934422446,28.915166960650062,Suppress / Low-Cost Ads,Exclude from paid campaigns to save marketing budget.
13112.0,450,1,20.6,1,1,1,111,3,Hibernating / Lost,0,0.0,1,0.12224255853438093,103.95737254524485,Suppress / Low-Cost Ads,Exclude from paid campaigns to save marketing budget.
13113.0,22,33,17166.83,5,5,5,555,15,Champions,4,1458.9,0,0.9190457135707596,1934.8577566027545,VIP Loyalty Program,"Early access to new launches, zero discount needed."
13114.0,639,1,234.38,1,1,1,111,3,Hibernating / Lost,0,0.0,1,0.05256954002300651,14.922957581506504,Suppress / Low-Cost Ads,Exclude from paid campaigns to save marketing budget.
13115.0,93,7,4078.47,4,4,5,445,13,Champions,3,1416.23,0,0.7426255661481285,577.3087318764389,VIP Loyalty Program,"Early access to new launches, zero discount needed."
13116.0,47,1,501.14,4,1,2,412,7,New Customers,0,0.0,1,0.5136066919714393,228.53226591072973,Onboarding Sequence,10% discount on 2nd purchase within 30 days.
13117.0,30,17,2500.67,5,5,4,554,14,Champions,1,143.14,0,0.8420308488138755,310.8779699781663,VIP Loyalty Program,"Early access to new launches, zero discount needed."
13118.0,117,7,2017.3,3,4,4,344,11,Loyal Customers,2,398.11,0,0.6562603245163999,303.5152940043886,Cross-Sell Drive,Recommend bundle products based on purchase history.
13119.0,577,1,134.9,1,1,1,111,3,Hibernating / Lost,0,0.0,1,0.06980225832410891,19.02986246936711,Suppress / Low-Cost Ads,Exclude from paid campaigns to save marketing budget.
13120.0,147,1,30.6,3,1,1,311,5,Others / Need Attention,0,0.0,1,0.29522250321163057,169.1693532507659,Suppress / Low-Cost Ads,Exclude from paid campaigns to save marketing budget.
13121.0,178,1,283.73,3,1,2,312,6,Others / Need Attention,0,0.0,1,0.3065301468607987,92.18057707870648,Suppress / Low-Cost Ads,Exclude from paid campaigns to save marketing budget.
13122.0,3,2,922.39,5,2,3,523,10,Promising / Potential,0,0.0,1,0.6222102544857435,308.77478138007956,Cross-Sell Drive,Recommend bundle products based on purchase history.
13123.0,381,2,506.75,1,2,2,122,5,Hibernating / Lost,0,0.0,1,0.23483664185735986,76.57923164938938,Suppress / Low-Cost Ads,Exclude from paid campaigns to save marketing budget.
13124.0,161,3,3490.24,3,3,5,335,11,Loyal Customers,1,1292.21,0,0.572248564394289,443.7471296474438,Cross-Sell Drive,Recommend bundle products based on purchase history.
13125.0,432,1,158.57,1,1,1,111,3,Hibernating / Lost,0,0.0,1,0.13195990072240693,32.10089320412268,Suppress / Low-Cost Ads,Exclude from paid campaigns to save marketing budget.
13126.0,162,10,2976.03,3,5,5,355,13,Loyal Customers,3,1022.22,0,0.7203090853652473,416.8268158084549,Cross-Sell Drive,Recommend bundle products based on purchase history.
13128.0,540,1,263.5,1,1,1,111,3,Hibernating / Lost,0,0.0,1,0.08244380892224223,25.003867205276315,Suppress / Low-Cost Ads,Exclude from paid campaigns to save marketing budget.
13129.0,361,2,233.25,1,2,1,121,4,Hibernating / Lost,0,0.0,1,0.21610410250248568,41.41434775272744,Suppress / Low-Cost Ads,Exclude from paid campaigns to save marketing budget.
13130.0,3,1,64.0,5,1,1,511,7,New Customers,0,0.0,1,0.5091899699738116,95.61023253388015,Onboarding Sequence,10% discount on 2nd purchase within 30 days.
13131.0,96,5,2565.37,4,4,4,444,12,Champions,2,748.4,0,0.6848689474124746,457.5021822551463,VIP Loyalty Program,"Early access to new launches, zero discount needed."
13132.0,170,1,77.3,3,1,1,311,5,Others / Need Attention,0,0.0,1,0.2724665795357687,54.97826540955745,Suppress / Low-Cost Ads,Exclude from paid campaigns to save marketing budget.
13133.0,182,3,200.45,3,3,1,331,7,Loyal Customers,0,0.0,1,0.3475740164024881,25.758972025163263,Cross-Sell Drive,Recommend bundle products based on purchase history.
13134.0,92,5,1567.39,4,4,4,444,12,Champions,1,907.84,0,0.6890840352159959,406.7938973963227,VIP Loyalty Program,"Early access to new launches, zero discount needed."
13135.0,105,2,3371.45,4,2,5,425,11,Promising / Potential,0,0.0,1,0.6079479541418278,853.0838516265409,Cross-Sell Drive,Recommend bundle products based on purchase history.
13136.0,51,11,4893.63,4,5,5,455,14,Champions,2,1380.93,0,0.8334120640492861,773.5070877163813,VIP Loyalty Program,"Early access to new launches, zero discount needed."
13137.0,1,13,5993.33,5,5,5,555,15,Champions,3,1719.37,0,0.8687958380869665,895.9815200630671,VIP Loyalty Program,"Early access to new launches, zero discount needed."
13138.0,42,4,994.3,4,3,3,433,10,Loyal Customers,3,472.94,0,0.614482094690709,216.74263263770692,Cross-Sell Drive,Recommend bundle products based on purchase history.
13139.0,18,4,4848.98,5,3,5,535,13,Loyal Customers,4,3354.0,0,0.7240788347372971,821.2131278509429,Cross-Sell Drive,Recommend bundle products based on purchase history.
13140.0,17,5,1215.68,5,4,4,544,13,Champions,0,0.0,1,0.7565431778250976,292.6726613177772,VIP Loyalty Program,"Early access to new launches, zero discount needed."
13141.0,123,16,6680.86,3,5,5,355,13,Loyal Customers,1,987.72,0,0.7905497463706733,870.9962376094369,Cross-Sell Drive,Recommend bundle products based on purchase history.
13143.0,493,1,405.1,1,1,2,112,4,Hibernating / Lost,0,0.0,1,0.12174101715283259,52.20070578097835,Suppress / Low-Cost Ads,Exclude from paid campaigns to save marketing budget.
13144.0,241,2,135.35,3,2,1,321,6,Promising / Potential,0,0.0,1,0.2660502524949653,44.45604103795486,Cross-Sell Drive,Recommend bundle products based on purchase history.
13145.0,0,6,1304.72,5,4,4,544,13,Champions,1,118.8,0,0.7770779035440196,298.55311889243677,VIP Loyalty Program,"Early access to new launches, zero discount needed."
13147.0,8,1,118.8,5,1,1,511,7,New Customers,3,594.0,0,0.5031030809443944,179.9149352707468,Onboarding Sequence,10% discount on 2nd purchase within 30 days.
13148.0,42,24,7704.56,4,5,5,455,14,Champions,2,917.25,0,0.8880783978749356,1080.2652620700512,VIP Loyalty Program,"Early access to new launches, zero discount needed."
13149.0,15,3,1132.62,5,3,3,533,11,Loyal Customers,1,543.44,0,0.6314083986310421,319.7780804780354,Cross-Sell Drive,Recommend bundle products based on purchase history.
13150.0,393,3,449.97,1,3,2,132,6,Others / Need Attention,0,0.0,1,0.2125398105373516,53.02741277541179,Suppress / Low-Cost Ads,Exclude from paid campaigns to save marketing budget.
13151.0,204,3,2580.74,3,3,4,334,10,Loyal Customers,0,0.0,1,0.4693017783344654,331.92691924207344,Cross-Sell Drive,Recommend bundle products based on purchase history.
13152.0,326,7,2146.38,2,4,4,244,10,At Risk,0,0.0,1,0.47640433932249093,230.30650805097892,Standard Retention Push,Automated email re-engagement.
13154.0,308,3,1624.84,2,3,4,234,9,At Risk,0,0.0,1,0.412728003729687,300.89139602532873,Standard Retention Push,Automated email re-engagement.
13155.0,235,4,1347.62,3,3,4,334,10,Loyal Customers,2,402.56,0,0.4398943671860368,166.32886905629715,Cross-Sell Drive,Recommend bundle products based on purchase history.
13156.0,294,3,1586.54,2,3,4,234,9,At Risk,0,0.0,1,0.42934365589310786,313.0047169779757,Standard Retention Push,Automated email re-engagement.
13157.0,50,8,4819.34,4,5,5,455,14,Champions,1,868.02,0,0.8203130525991523,717.3457460623927,VIP Loyalty Program,"Early access to new launches, zero discount needed."
13158.0,3,5,1508.18,5,4,4,544,13,Champions,0,0.0,1,0.7688711445827812,380.57598726079357,VIP Loyalty Program,"Early access to new launches, zero discount needed."
13159.0,15,2,851.59,5,2,3,523,10,Promising / Potential,2,586.26,0,0.608383429647664,296.5001838780606,Cross-Sell Drive,Recommend bundle products based on purchase history.
13161.0,222,2,478.88,3,2,2,322,7,Promising / Potential,0,0.0,1,0.3279306480768108,96.96025429068952,Cross-Sell Drive,Recommend bundle products based on purchase history.
13162.0,31,16,9275.49,5,5,5,555,15,Champions,0,0.0,1,0.862982396699317,1181.5218328893336,VIP Loyalty Program,"Early access to new launches, zero discount needed."
13163.0,519,1,17.65,1,1,1,111,3,Hibernating / Lost,0,0.0,1,0.09051866288623833,76.97877460013653,Suppress / Low-Cost Ads,Exclude from paid campaigns to save marketing budget.
13164.0,478,2,372.2,1,2,2,122,5,Hibernating / Lost,0,0.0,1,0.16064080680647352,45.4855368300107,Suppress / Low-Cost Ads,Exclude from paid campaigns to save marketing budget.
13165.0,260,2,784.32,2,2,3,223,7,About to Sleep,1,666.84,0,0.4040364126712568,156.5228329139547,Suppress / Low-Cost Ads,Exclude from paid campaigns to save marketing budget.
13166.0,192,2,884.18,3,2,3,323,8,Promising / Potential,0,0.0,1,0.40931132271130044,159.2855416472704,Cross-Sell Drive,Recommend bundle products based on purchase history.
13167.0,39,3,751.37,4,3,3,433,10,Loyal Customers,2,373.78,0,0.6103281571977868,205.95263287173174,Cross-Sell Drive,Recommend bundle products based on purchase history.
13168.0,108,4,1528.78,3,3,4,334,10,Loyal Customers,1,346.53,0,0.5930865241900363,272.8445481859628,Cross-Sell Drive,Recommend bundle products based on purchase history.
13169.0,161,2,632.4,3,2,3,323,8,Promising / Potential,1,207.68,0,0.44624736938202336,163.75300758712072,Cross-Sell Drive,Recommend bundle products based on purchase history.
13171.0,208,1,140.35,3,1,1,311,5,Others / Need Attention,2,328.06,0,0.2373667112370068,57.08471195619164,Suppress / Low-Cost Ads,Exclude from paid campaigns to save marketing budget.
13172.0,309,1,69.6,2,1,1,211,4,About to Sleep,0,0.0,1,0.216503341644124,44.1897416781639,Suppress / Low-Cost Ads,Exclude from paid campaigns to save marketing budget.
13173.0,276,10,2451.64,2,5,4,254,11,At Risk,1,187.71,0,0.6136711052268566,268.7325190145486,Standard Retention Push,Automated email re-engagement.
13174.0,225,11,8786.08,3,5,5,355,13,Loyal Customers,1,708.76,0,0.6616503757877159,673.3015528988687,Cross-Sell Drive,Recommend bundle products based on purchase history.
13175.0,491,2,831.45,1,2,3,123,6,Hibernating / Lost,0,0.0,1,0.18062895225476605,66.47156390408264,Suppress / Low-Cost Ads,Exclude from paid campaigns to save marketing budget.
13177.0,339,1,229.75,2,1,1,211,4,About to Sleep,1,282.45,0,0.19274854458496093,48.39220073992435,Suppress / Low-Cost Ads,Exclude from paid campaigns to save marketing budget.
13178.0,42,18,12725.45,4,5,5,455,14,Champions,3,1333.74,0,0.8673583500065376,1757.1098251674864,VIP Loyalty Program,"Early access to new launches, zero discount needed."
13179.0,527,1,572.31,1,1,3,113,5,Hibernating / Lost,0,0.0,1,0.12599098835429245,61.31228640313925,Suppress / Low-Cost Ads,Exclude from paid campaigns to save marketing budget.
13180.0,516,1,86.1,1,1,1,111,3,Hibernating / Lost,0,0.0,1,0.09172766020265732,17.89881525264684,Suppress / Low-Cost Ads,Exclude from paid campaigns to save marketing budget.
13181.0,290,1,359.69,2,1,2,212,5,About to Sleep,0,0.0,1,0.2711179199985093,114.07979001698047,Suppress / Low-Cost Ads,Exclude from paid campaigns to save marketing budget.
13183.0,10,12,5473.38,5,5,5,555,15,Champions,3,1562.8,0,0.8599001749520409,848.4257115014752,VIP Loyalty Program,"Early access to new launches, zero discount needed."
13184.0,39,9,1504.44,4,5,4,454,13,Champions,1,196.85,0,0.802160788734295,290.4428021322298,VIP Loyalty Program,"Early access to new launches, zero discount needed."
13185.0,176,1,71.4,3,1,1,311,5,Others / Need Attention,0,0.0,1,0.26671441184472977,53.81759387862313,Suppress / Low-Cost Ads,Exclude from paid campaigns to save marketing budget.
13186.0,2,2,1301.94,5,2,4,524,11,Promising / Potential,1,273.95,0,0.6700676480428767,379.8438614918788,Cross-Sell Drive,Recommend bundle products based on purchase history.
13187.0,246,4,367.01,2,3,2,232,7,At Risk,0,0.0,1,0.39460664231597253,82.65290106529716,Standard Retention Push,Automated email re-engagement.
13189.0,24,1,127.0,5,1,1,511,7,New Customers,1,133.68,0,0.48363301517618185,110.69068244306662,Onboarding Sequence,10% discount on 2nd purchase within 30 days.
13190.0,453,3,570.66,1,3,3,133,7,Others / Need Attention,0,0.0,1,0.19827599845450217,65.17421041698374,Suppress / Low-Cost Ads,Exclude from paid campaigns to save marketing budget.
13191.0,567,1,164.69,1,1,1,111,3,Hibernating / Lost,0,0.0,1,0.07303037521832689,17.765550464243777,Suppress / Low-Cost Ads,Exclude from paid campaigns to save marketing budget.
13192.0,4,6,2558.58,5,4,4,544,13,Champions,0,0.0,1,0.773658263461336,544.5691544620323,VIP Loyalty Program,"Early access to new launches, zero discount needed."
13194.0,44,2,472.78,4,2,2,422,8,Promising / Potential,0,0.0,1,0.5304312439768888,160.64705405312156,Cross-Sell Drive,Recommend bundle products based on purchase history.
13195.0,323,1,172.38,2,1,1,211,4,About to Sleep,0,0.0,1,0.20516194863564097,48.09311992327642,Suppress / Low-Cost Ads,Exclude from paid campaigns to save marketing budget.
13196.0,171,4,1783.19,3,3,4,334,10,Loyal Customers,3,1285.65,0,0.5174842172663471,302.7987266141161,Cross-Sell Drive,Recommend bundle products based on purchase history.
13197.0,518,1,373.01,1,1,2,112,4,Hibernating / Lost,0,0.0,1,0.10931428078622796,45.445584224476114,Suppress / Low-Cost Ads,Exclude from paid campaigns to save marketing budget.
13198.0,29,7,4582.17,5,4,5,545,14,Champions,1,392.06,0,0.7931425918079903,592.7933869589273,VIP Loyalty Program,"Early access to new launches, zero discount needed."
13199.0,1,51,11355.93,5,5,5,555,15,Champions,16,5076.96,0,0.9573406104239445,2148.578218365439,VIP Loyalty Program,"Early access to new launches, zero discount needed."
13200.0,35,1,319.32,5,1,2,512,8,New Customers,3,550.77,0,0.5214009132699882,250.5404671538627,Onboarding Sequence,10% discount on 2nd purchase within 30 days.
13201.0,411,4,1240.61,1,3,4,134,8,Others / Need Attention,0,0.0,1,0.27771454963441533,87.43758225618093,Suppress / Low-Cost Ads,Exclude from paid campaigns to save marketing budget.
13202.0,303,7,1580.3,2,4,4,244,10,At Risk,0,0.0,1,0.5044008615229503,210.92429186809807,Standard Retention Push,Automated email re-engagement.
13203.0,29,8,2088.65,5,5,4,554,14,Champions,2,559.6,0,0.8004481914019156,413.99753204212146,VIP Loyalty Program,"Early access to new launches, zero discount needed."
13204.0,640,1,966.66,1,1,3,113,5,Hibernating / Lost,0,0.0,1,0.07676616938885239,27.689463047088058,Suppress / Low-Cost Ads,Exclude from paid campaigns to save marketing budget.
13205.0,352,1,2803.2,1,1,5,115,7,Hibernating / Lost,0,0.0,1,0.3372349629197169,311.85460651070247,Suppress / Low-Cost Ads,Exclude from paid campaigns to save marketing budget.
13206.0,309,13,8377.32,2,5,5,255,12,At Risk,0,0.0,1,0.6462259381570401,561.8352476162859,High-Value Win-Back,20% off limited promo code + direct outreach.
13207.0,59,3,483.12,4,3,2,432,9,Loyal Customers,1,52.74,0,0.5365888364818489,142.75119397492685,Cross-Sell Drive,Recommend bundle products based on purchase history.
13208.0,64,7,1599.67,4,4,4,444,12,Champions,2,388.83,0,0.7303584383501134,316.82568480726036,VIP Loyalty Program,"Early access to new launches, zero discount needed."
13209.0,37,10,6773.98,4,5,5,455,14,Champions,3,1735.53,0,0.8383218855647988,1039.8702429708428,VIP Loyalty Program,"Early access to new launches, zero discount needed."
13210.0,2,1,353.48,5,1,2,512,8,New Customers,0,0.0,1,0.561272040534028,319.8035721818396,Onboarding Sequence,10% discount on 2nd purchase within 30 days.
13211.0,4,9,2418.54,5,5,4,554,14,Champions,1,310.78,0,0.8238883925613714,417.94535578195587,VIP Loyalty Program,"Early access to new launches, zero discount needed."
13213.0,37,10,3294.82,4,5,5,455,14,Champions,1,556.7,0,0.8383813936536576,500.17058961421475,VIP Loyalty Program,"Early access to new launches, zero discount needed."
13214.0,326,7,3264.23,2,4,5,245,11,At Risk,0,0.0,1,0.5275061702162092,312.0188266166822,Standard Retention Push,Automated email re-engagement.
13215.0,311,1,81.6,2,1,1,211,4,About to Sleep,0,0.0,1,0.21485581895608696,43.853471570550774,Suppress / Low-Cost Ads,Exclude from paid campaigns to save marketing budget.
13216.0,176,1,333.74,3,1,2,312,6,Others / Need Attention,0,0.0,1,0.3086026595359903,122.8797006304204,Suppress / Low-Cost Ads,Exclude from paid campaigns to save marketing budget.
13217.0,31,4,666.48,5,3,3,533,11,Loyal Customers,0,0.0,1,0.6207087124103151,189.05574934377378,Cross-Sell Drive,Recommend bundle products based on purchase history.
13218.0,36,1,62.64,5,1,1,511,7,New Customers,0,0.0,1,0.4690619984746961,97.1123845547989,Onboarding Sequence,10% discount on 2nd purchase within 30 days.
13219.0,527,1,76.23,1,1,1,111,3,Hibernating / Lost,0,0.0,1,0.08736213445025631,17.04697035929335,Suppress / Low-Cost Ads,Exclude from paid campaigns to save marketing budget.
13220.0,94,4,1243.29,4,3,4,434,11,Loyal Customers,1,92.8,0,0.602934289615723,188.61055999543208,Cross-Sell Drive,Recommend bundle products based on purchase history.
13221.0,149,2,847.41,3,2,3,323,8,Promising / Potential,0,0.0,1,0.46071993834748015,166.1335551260015,Cross-Sell Drive,Recommend bundle products based on purchase history.
13222.0,486,1,88.5,1,1,1,111,3,Hibernating / Lost,0,0.0,1,0.10464441376360345,20.41926094090005,Suppress / Low-Cost Ads,Exclude from paid campaigns to save marketing budget.
13223.0,109,6,969.12,3,4,3,343,10,Loyal Customers,0,0.0,1,0.6103750731148687,192.72657342830203,Cross-Sell Drive,Recommend bundle products based on purchase history.
13224.0,60,1,1212.26,4,1,4,414,9,New Customers,1,943.69,0,0.5988111399908701,422.6650073584022,Onboarding Sequence,10% discount on 2nd purchase within 30 days.
13225.0,52,14,14095.79,4,5,5,455,14,Champions,2,2164.28,0,0.8455853799657128,1644.8900307713238,VIP Loyalty Program,"Early access to new launches, zero discount needed."
13226.0,182,2,312.46,3,2,2,322,7,Promising / Potential,0,0.0,1,0.37220207468307565,108.00252351673116,Cross-Sell Drive,Recommend bundle products based on purchase history.
13227.0,110,1,257.7,3,1,1,311,5,Others / Need Attention,0,0.0,1,0.33402611127731663,102.44978699366321,Suppress / Low-Cost Ads,Exclude from paid campaigns to save marketing budget.
13229.0,134,1,160.95,3,1,1,311,5,Others / Need Attention,0,0.0,1,0.30855718414714006,76.89332658537676,Suppress / Low-Cost Ads,Exclude from paid campaigns to save marketing budget.
13230.0,47,28,5787.99,4,5,5,455,14,Champions,2,572.79,0,0.8980469301063404,573.923049304595,VIP Loyalty Program,"Early access to new launches, zero discount needed."
13232.0,7,5,1048.3,5,4,3,543,12,Champions,2,309.3,0,0.7266715907736137,283.52233367696925,VIP Loyalty Program,"Early access to new launches, zero discount needed."
13233.0,245,3,875.58,3,3,3,333,9,Loyal Customers,1,300.88,0,0.3711963299349931,128.51987646271544,Cross-Sell Drive,Recommend bundle products based on purchase history.
13234.0,581,2,356.95,1,2,2,122,5,Hibernating / Lost,0,0.0,1,0.10386816066588167,26.898566074245224,Suppress / Low-Cost Ads,Exclude from paid campaigns to save marketing budget.
13235.0,121,1,1031.07,3,1,3,313,7,Others / Need Attention,0,0.0,1,0.417212352790277,259.23759777027743,Suppress / Low-Cost Ads,Exclude from paid campaigns to save marketing budget.
13236.0,15,1,439.23,5,1,2,512,8,New Customers,1,305.62,0,0.5456275425319952,317.2655024635053,Onboarding Sequence,10% discount on 2nd purchase within 30 days.
13237.0,296,1,643.0,2,1,3,213,6,About to Sleep,0,0.0,1,0.3071499255277712,157.06185499966543,Suppress / Low-Cost Ads,Exclude from paid campaigns to save marketing budget.
13238.0,72,4,624.75,4,3,3,433,10,Loyal Customers,2,381.88,0,0.579365942737111,176.46354925983508,Cross-Sell Drive,Recommend bundle products based on purchase history.
13239.0,170,5,1594.69,3,4,4,344,11,Loyal Customers,0,0.0,1,0.5803956449160679,328.4574661343212,Cross-Sell Drive,Recommend bundle products based on purchase history.
13240.0,5,8,1738.52,5,5,4,554,14,Champions,0,0.0,1,0.8184670983366488,368.68975562125615,VIP Loyalty Program,"Early access to new launches, zero discount needed."
13241.0,320,1,115.58,2,1,1,211,4,About to Sleep,0,0.0,1,0.20755532152261968,42.156022649747854,Suppress / Low-Cost Ads,Exclude from paid campaigns to save marketing budget.
13242.0,21,7,699.4,5,4,3,543,12,Champions,0,0.0,1,0.725907158088998,181.73026847498292,VIP Loyalty Program,"Early access to new launches, zero discount needed."
13243.0,112,5,1278.04,3,4,4,344,11,Loyal Customers,0,0.0,1,0.647218559522885,230.86565272831768,Cross-Sell Drive,Recommend bundle products based on purchase history.
13244.0,1,1,121.74,5,1,1,511,7,New Customers,0,0.0,1,0.5116215517183077,152.5719896417268,Onboarding Sequence,10% discount on 2nd purchase within 30 days.
13245.0,341,1,558.72,2,1,2,212,5,About to Sleep,1,430.5,0,0.22490659577355898,103.13110557961305,Suppress / Low-Cost Ads,Exclude from paid campaigns to save marketing budget.
13246.0,85,10,3261.12,4,5,5,455,14,Champions,1,126.31,0,0.804164643281347,483.96180421541175,VIP Loyalty Program,"Early access to new launches, zero discount needed."
13248.0,33,2,465.68,5,2,2,522,9,Promising / Potential,0,0.0,1,0.5369824392340226,162.6311570458012,Cross-Sell Drive,Recommend bundle products based on purchase history.
13249.0,1,9,1608.93,5,5,4,554,14,Champions,0,0.0,1,0.8260124503022692,373.98941800784235,VIP Loyalty Program,"Early access to new launches, zero discount needed."
13250.0,369,2,256.04,1,2,1,121,4,Hibernating / Lost,0,0.0,1,0.2095781235034886,39.577956148802876,Suppress / Low-Cost Ads,Exclude from paid campaigns to save marketing budget.
13251.0,311,1,252.68,2,1,1,211,4,About to Sleep,0,0.0,1,0.2148521764759881,64.16157627737545,Suppress / Low-Cost Ads,Exclude from paid campaigns to save marketing budget.
13252.0,303,2,399.3,2,2,2,222,6,About to Sleep,0,0.0,1,0.3094440986094015,91.10193040250475,Suppress / Low-Cost Ads,Exclude from paid campaigns to save marketing budget.
13253.0,65,4,2951.11,4,3,5,435,12,Loyal Customers,0,0.0,1,0.6820956717165472,493.54868252364156,Cross-Sell Drive,Recommend bundle products based on purchase history.
13254.0,285,1,51.41,2,1,1,211,4,About to Sleep,0,0.0,1,0.23698075108531658,36.04898320387231,Suppress / Low-Cost Ads,Exclude from paid campaigns to save marketing budget.
13255.0,282,2,730.65,2,2,3,223,7,About to Sleep,1,173.81,0,0.37853192596828755,138.30917529488892,Suppress / Low-Cost Ads,Exclude from paid campaigns to save marketing budget.
13257.0,345,1,149.75,2,1,1,211,4,About to Sleep,0,0.0,1,0.18824531570681535,45.79302305169706,Suppress / Low-Cost Ads,Exclude from paid campaigns to save marketing budget.
13258.0,114,3,561.22,3,3,2,332,8,Loyal Customers,2,473.96,0,0.4765300127189488,158.0239737548013,Cross-Sell Drive,Recommend bundle products based on purchase history.
13259.0,306,8,1141.06,2,5,3,253,10,At Risk,1,292.32,0,0.5119633299534327,165.302165047366,Standard Retention Push,Automated email re-engagement.
13261.0,177,2,944.1,3,2,3,323,8,Promising / Potential,0,0.0,1,0.4270770592755422,166.19916659332137,Cross-Sell Drive,Recommend bundle products based on purchase history.
13262.0,172,3,573.45,3,3,3,333,9,Loyal Customers,0,0.0,1,0.4572004032750606,150.61983860295882,Cross-Sell Drive,Recommend bundle products based on purchase history.
13263.0,17,27,6121.3,5,5,5,555,15,Champions,12,2583.39,0,0.9057116499508084,679.4783043691737,VIP Loyalty Program,"Early access to new launches, zero discount needed."
13264.0,351,1,722.56,1,1,3,113,5,Hibernating / Lost,0,0.0,1,0.25351195452319286,133.16754957990995,Suppress / Low-Cost Ads,Exclude from paid campaigns to save marketing budget.
13265.0,92,3,1465.66,4,3,4,434,11,Loyal Customers,2,642.0,0,0.5975527303268529,354.07969612954537,Cross-Sell Drive,Recommend bundle products based on purchase history.
13266.0,21,15,4836.36,5,5,5,555,15,Champions,4,1298.68,0,0.8649932160206212,795.8474761069632,VIP Loyalty Program,"Early access to new launches, zero discount needed."
13267.0,1,32,8356.11,5,5,5,555,15,Champions,4,1402.15,0,0.9241889793983992,1183.1926745817618,VIP Loyalty Program,"Early access to new launches, zero discount needed."
13268.0,78,6,2150.25,4,4,4,444,12,Champions,5,1064.44,0,0.7101411563496747,465.6636156024649,VIP Loyalty Program,"Early access to new launches, zero discount needed."
13269.0,18,21,6526.92,5,5,5,555,15,Champions,7,2364.78,0,0.8874162371503681,923.5837815143025,VIP Loyalty Program,"Early access to new launches, zero discount needed."
13270.0,275,1,1180.0,2,1,4,214,7,About to Sleep,0,0.0,1,0.37599835034850904,235.6531565529431,Suppress / Low-Cost Ads,Exclude from paid campaigns to save marketing budget.
13273.0,22,1,138.98,5,1,1,511,7,New Customers,0,0.0,1,0.4860648593861544,131.45989374700576,Onboarding Sequence,10% discount on 2nd purchase within 30 days.
13274.0,318,1,360.85,2,1,2,212,5,About to Sleep,0,0.0,1,0.2450317078529517,104.2891516812797,Suppress / Low-Cost Ads,Exclude from paid campaigns to save marketing budget.
13275.0,292,2,241.66,2,2,1,221,5,About to Sleep,0,0.0,1,0.27810696512494915,52.51934260308743,Suppress / Low-Cost Ads,Exclude from paid campaigns to save marketing budget.
13276.0,8,4,1485.71,5,3,4,534,12,Loyal Customers,1,453.55,0,0.6919324056347429,371.23110203309807,Cross-Sell Drive,Recommend bundle products based on purchase history.
13277.0,25,5,390.8,5,4,2,542,11,Champions,2,132.5,0,0.6649680727578333,154.16641450991872,VIP Loyalty Program,"Early access to new launches, zero discount needed."
13278.0,308,3,893.12,2,3,3,233,8,At Risk,1,542.73,0,0.364163919804826,126.08503428277658,Standard Retention Push,Automated email re-engagement.
13280.0,31,7,2322.63,5,4,4,544,13,Champions,0,0.0,1,0.7558003056354636,396.1956417315426,VIP Loyalty Program,"Early access to new launches, zero discount needed."
13281.0,348,1,350.85,2,1,2,212,5,About to Sleep,0,0.0,1,0.21902545672816565,94.671373248541,Suppress / Low-Cost Ads,Exclude from paid campaigns to save marketing budget.
13282.0,71,3,954.15,4,3,3,433,10,Loyal Customers,1,359.04,0,0.5726963236827133,234.79225480230863,Cross-Sell Drive,Recommend bundle products based on purchase history.
13283.0,94,3,305.2,4,3,2,432,9,Loyal Customers,1,68.16,0,0.4940571657110998,70.99276163642344,Cross-Sell Drive,Recommend bundle products based on purchase history.
13284.0,239,1,201.19,3,1,1,311,5,Others / Need Attention,0,0.0,1,0.2111320169691112,52.77114077709572,Suppress / Low-Cost Ads,Exclude from paid campaigns to save marketing budget.
13285.0,70,5,2625.57,4,4,4,444,12,Champions,1,739.02,0,0.7115293539056229,486.4984402470813,VIP Loyalty Program,"Early access to new launches, zero discount needed."
13286.0,509,1,734.91,1,1,3,113,5,Hibernating / Lost,0,0.0,1,0.13595978243131557,70.04096295755515,Suppress / Low-Cost Ads,Exclude from paid campaigns to save marketing budget.
13287.0,512,3,781.59,1,3,3,133,7,Others / Need Attention,0,0.0,1,0.1565140366443305,54.54753851052564,Suppress / Low-Cost Ads,Exclude from paid campaigns to save marketing budget.
13288.0,352,5,927.61,1,4,3,143,8,Can't Lose Them,0,0.0,1,0.22868952615324956,69.40704709115352,Executive Outreach,Feedback survey + customized high-value offer.
13289.0,632,1,307.95,1,1,2,112,4,Hibernating / Lost,0,0.0,1,0.0658157983432055,19.84618754955697,Suppress / Low-Cost Ads,Exclude from paid campaigns to save marketing budget.
13290.0,347,1,208.63,2,1,1,211,4,About to Sleep,0,0.0,1,0.18676067140773456,47.21741130243038,Suppress / Low-Cost Ads,Exclude from paid campaigns to save marketing budget.
13291.0,64,11,3320.84,4,5,5,455,14,Champions,0,0.0,1,0.8244666116125435,469.2443829107166,VIP Loyalty Program,"Early access to new launches, zero discount needed."
13292.0,193,4,665.14,3,3,3,333,9,Loyal Customers,1,329.37,0,0.4398577022768404,123.94613797719599,Cross-Sell Drive,Recommend bundle products based on purchase history.
13293.0,301,6,1192.94,2,4,4,244,10,At Risk,0,0.0,1,0.4988132204248341,169.33365449135556,Standard Retention Push,Automated email re-engagement.
13294.0,98,3,1689.53,4,3,4,434,11,Loyal Customers,0,0.0,1,0.5905009473948895,376.8968107426908,Cross-Sell Drive,Recommend bundle products based on purchase history.
13295.0,268,4,1101.97,2,3,3,233,8,At Risk,0,0.0,1,0.4181266760301704,139.1533995965033,Standard Retention Push,Automated email re-engagement.
13296.0,46,6,792.51,4,4,3,443,11,Champions,0,0.0,1,0.7000039936162972,194.30651896267014,VIP Loyalty Program,"Early access to new launches, zero discount needed."
13297.0,294,3,2278.77,2,3,4,234,9,At Risk,4,2089.85,0,0.4293222500903704,302.8613950806438,Standard Retention Push,Automated email re-engagement.
13299.0,177,3,1218.7,3,3,4,334,10,Loyal Customers,0,0.0,1,0.5021713191942279,201.05690640464434,Cross-Sell Drive,Recommend bundle products based on purchase history.
13300.0,78,3,1285.51,4,3,4,434,11,Loyal Customers,0,0.0,1,0.6138361145589,306.24087259697535,Cross-Sell Drive,Recommend bundle products based on purchase history.
13301.0,12,4,618.09,5,3,3,533,11,Loyal Customers,0,0.0,1,0.6422338884992287,240.00021918165768,Cross-Sell Drive,Recommend bundle products based on purchase history.
13302.0,64,2,159.2,4,2,1,421,7,Promising / Potential,0,0.0,1,0.45507323292725854,71.48734853556958,Cross-Sell Drive,Recommend bundle products based on purchase history.
13303.0,309,1,61.72,2,1,1,211,4,About to Sleep,0,0.0,1,0.21650351035076387,49.1994240724112,Suppress / Low-Cost Ads,Exclude from paid campaigns to save marketing budget.
13304.0,260,4,1217.99,2,3,4,234,9,At Risk,0,0.0,1,0.47831316082547026,148.6451306343343,Standard Retention Push,Automated email re-engagement.
13305.0,1,14,3225.1,5,5,5,555,15,Champions,2,529.61,0,0.8724548753855849,545.0389502458357,VIP Loyalty Program,"Early access to new launches, zero discount needed."
13306.0,339,1,53.65,2,1,1,211,4,About to Sleep,0,0.0,1,0.19275200291430217,29.65964051907121,Suppress / Low-Cost Ads,Exclude from paid campaigns to save marketing budget.
13307.0,29,3,273.34,5,3,2,532,10,Loyal Customers,0,0.0,1,0.5659822709586158,91.72030774689091,Cross-Sell Drive,Recommend bundle products based on purchase history.
13308.0,112,2,1099.81,3,2,3,323,8,Promising / Potential,2,570.56,0,0.505668170786718,231.2599109244525,Cross-Sell Drive,Recommend bundle products based on purchase history.
13309.0,115,3,796.22,3,3,3,333,9,Loyal Customers,3,910.15,0,0.5264458442111386,185.09811547369145,Cross-Sell Drive,Recommend bundle products based on purchase history.
13310.0,115,4,1226.82,3,3,4,334,10,Loyal Customers,1,314.38,0,0.5848451109679353,182.95188346404564,Cross-Sell Drive,Recommend bundle products based on purchase history.
13311.0,59,1,490.11,4,1,2,412,7,New Customers,1,108.46,0,0.4990036293772152,222.034548813072,Onboarding Sequence,10% discount on 2nd purchase within 30 days.
13312.0,360,1,124.75,1,1,1,111,3,Hibernating / Lost,0,0.0,1,0.17752991045457323,40.37671044493397,Suppress / Low-Cost Ads,Exclude from paid campaigns to save marketing budget.
13313.0,50,10,2808.34,4,5,5,455,14,Champions,2,636.98,0,0.8296288627200304,495.71667924800977,VIP Loyalty Program,"Early access to new launches, zero discount needed."
13315.0,598,1,310.26,1,1,2,112,4,Hibernating / Lost,0,0.0,1,0.07675539006652166,23.783665472669362,Suppress / Low-Cost Ads,Exclude from paid campaigns to save marketing budget.
13316.0,40,8,10993.82,4,5,5,455,14,Champions,2,2197.75,0,0.8272669110879179,1588.6289137539488,VIP Loyalty Program,"Early access to new launches, zero discount needed."
13317.0,107,18,5526.39,3,5,5,355,13,Loyal Customers,1,959.7,0,0.8131434537120042,760.9885594646995,Cross-Sell Drive,Recommend bundle products based on purchase history.
13319.0,0,51,18627.42,5,5,5,555,15,Champions,7,3455.08,0,0.9575016831197498,2263.1123134244203,VIP Loyalty Program,"Early access to new launches, zero discount needed."
13320.0,15,5,1660.55,5,4,4,544,13,Champions,1,567.55,0,0.7583219754739103,499.01664656947656,VIP Loyalty Program,"Early access to new launches, zero discount needed."
13324.0,112,15,7190.51,3,5,5,355,13,Loyal Customers,3,3322.96,0,0.7940639639833882,936.6824558797509,Cross-Sell Drive,Recommend bundle products based on purchase history.
13326.0,341,1,281.76,2,1,2,212,5,About to Sleep,0,0.0,1,0.22491268948020804,69.48077964445471,Suppress / Low-Cost Ads,Exclude from paid campaigns to save marketing budget.
13327.0,21,19,8990.46,5,5,5,555,15,Champions,1,889.02,0,0.8792581131308568,998.6685348646072,VIP Loyalty Program,"Early access to new launches, zero discount needed."
13328.0,225,1,1308.48,3,1,4,314,8,Others / Need Attention,0,0.0,1,0.3461737321884161,224.55115721376558,Suppress / Low-Cost Ads,Exclude from paid campaigns to save marketing budget.
13329.0,275,7,4628.17,2,4,5,245,11,At Risk,1,484.8,0,0.5886237300901277,405.01063614307367,Standard Retention Push,Automated email re-engagement.
13330.0,1,6,2806.18,5,4,5,545,14,Champions,0,0.0,1,0.8097504641417889,624.5719944872029,VIP Loyalty Program,"Early access to new launches, zero discount needed."
13331.0,310,1,262.4,2,1,1,211,4,About to Sleep,0,0.0,1,0.2156744515407526,64.40713331642534,Suppress / Low-Cost Ads,Exclude from paid campaigns to save marketing budget.
13333.0,320,3,1015.74,2,3,3,233,8,At Risk,0,0.0,1,0.35074199935676154,142.54460801995253,Standard Retention Push,Automated email re-engagement.
13334.0,99,4,5458.77,4,3,5,435,12,Loyal Customers,1,804.98,0,0.6450977661942275,681.8659331363668,Cross-Sell Drive,Recommend bundle products based on purchase history.
13337.0,455,1,1575.26,1,1,4,114,6,Hibernating / Lost,0,0.0,1,0.2007337701765889,163.83079900133583,Suppress / Low-Cost Ads,Exclude from paid campaigns to save marketing budget.
13338.0,66,4,2445.62,4,3,4,434,11,Loyal Customers,0,0.0,1,0.6350363680045799,423.7347058683785,Cross-Sell Drive,Recommend bundle products based on purchase history.
13339.0,109,1,860.12,3,1,3,313,7,Others / Need Attention,0,0.0,1,0.43148894182891606,248.16333139910589,Suppress / Low-Cost Ads,Exclude from paid campaigns to save marketing budget.
13340.0,14,10,20593.62,5,5,5,555,15,Champions,2,1506.94,0,0.8492590551491522,1712.877010742156,VIP Loyalty Program,"Early access to new launches, zero discount needed."
13341.0,169,1,775.85,3,1,3,313,7,Others / Need Attention,0,0.0,1,0.36172067748955616,193.54251651228034,Suppress / Low-Cost Ads,Exclude from paid campaigns to save marketing budget.
13343.0,86,1,353.43,4,1,2,412,7,New Customers,0,0.0,1,0.46619435651048224,206.61990747232772,Onboarding Sequence,10% discount on 2nd purchase within 30 days.
13344.0,186,1,1656.15,3,1,4,314,8,Others / Need Attention,2,887.57,0,0.3902987181167905,332.68832696805146,Suppress / Low-Cost Ads,Exclude from paid campaigns to save marketing budget.
13345.0,196,1,389.5,3,1,2,312,6,Others / Need Attention,0,0.0,1,0.2882198265887467,121.27585404961621,Suppress / Low-Cost Ads,Exclude from paid campaigns to save marketing budget.
13346.0,371,6,299.4,1,4,2,142,7,Can't Lose Them,0,0.0,1,0.18531447313856575,17.877604439524237,Executive Outreach,Feedback survey + customized high-value offer.
13355.0,31,1,674.7,5,1,3,513,9,New Customers,0,0.0,1,0.5768404923417536,339.5468293652295,Onboarding Sequence,10% discount on 2nd purchase within 30 days.
13357.0,166,5,3838.36,3,4,5,345,12,Loyal Customers,0,0.0,1,0.6337457396499431,561.084296405165,Cross-Sell Drive,Recommend bundle products based on purchase history.
13358.0,177,1,439.03,3,1,2,312,6,Others / Need Attention,0,0.0,1,0.30756193066338156,129.41453839528052,Suppress / Low-Cost Ads,Exclude from paid campaigns to save marketing budget.
13359.0,312,1,603.75,2,1,3,213,6,About to Sleep,1,439.56,0,0.29082605826633423,148.71460611642325,Suppress / Low-Cost Ads,Exclude from paid campaigns to save marketing budget.
13360.0,340,4,1553.65,2,3,4,234,9,At Risk,0,0.0,1,0.38311247243639013,163.11742531474184,Standard Retention Push,Automated email re-engagement.
13361.0,381,2,1450.5,1,2,4,124,7,Hibernating / Lost,0,0.0,1,0.31607714569656886,193.30933328004917,Suppress / Low-Cost Ads,Exclude from paid campaigns to save marketing budget.
13362.0,154,5,3884.86,3,4,5,345,12,Loyal Customers,2,1509.21,0,0.6471970815980785,549.4627445626447,Cross-Sell Drive,Recommend bundle products based on purchase history.
13363.0,318,1,731.36,2,1,3,213,6,About to Sleep,2,992.5,0,0.2848346108330819,145.65086502521956,Suppress / Low-Cost Ads,Exclude from paid campaigns to save marketing budget.
13365.0,126,1,700.6,3,1,3,313,7,Others / Need Attention,1,1524.77,0,0.41131534711769224,245.0697061721184,Suppress / Low-Cost Ads,Exclude from paid campaigns to save marketing budget.
13367.0,340,1,510.2,2,1,2,212,5,About to Sleep,0,0.0,1,0.22575757132998187,99.75744032295714,Suppress / Low-Cost Ads,Exclude from paid campaigns to save marketing budget.
13368.0,165,4,1121.5,3,3,3,333,9,Loyal Customers,0,0.0,1,0.4736575866487439,157.63419845064408,Cross-Sell Drive,Recommend bundle products based on purchase history.
13369.0,274,1,616.56,2,1,3,213,6,About to Sleep,0,0.0,1,0.33040409224799827,168.9529292210724,Suppress / Low-Cost Ads,Exclude from paid campaigns to save marketing budget.
13370.0,280,1,1509.74,2,1,4,214,7,About to Sleep,0,0.0,1,0.37029429497459376,281.0559523803874,Suppress / Low-Cost Ads,Exclude from paid campaigns to save marketing budget.
13371.0,414,2,2297.66,1,2,4,124,7,Hibernating / Lost,0,0.0,1,0.2823893766769777,215.46861301436402,Suppress / Low-Cost Ads,Exclude from paid campaigns to save marketing budget.
13373.0,67,5,6330.52,4,4,5,445,13,Champions,1,1256.67,0,0.7543024784240764,769.1281400555398,VIP Loyalty Program,"Early access to new launches, zero discount needed."
13374.0,323,2,422.8,2,2,2,222,6,About to Sleep,0,0.0,1,0.28902975909141115,85.09184410149376,Suppress / Low-Cost Ads,Exclude from paid campaigns to save marketing budget.
13375.0,353,1,1013.58,1,1,3,113,5,Hibernating / Lost,1,778.65,0,0.25166663827503244,150.93269310963265,Suppress / Low-Cost Ads,Exclude from paid campaigns to save marketing budget.
13376.0,8,3,1019.76,5,3,3,533,11,Loyal Customers,0,0.0,1,0.6393076306450329,299.9574598055775,Cross-Sell Drive,Recommend bundle products based on purchase history.
13377.0,305,2,1552.88,2,2,4,224,8,About to Sleep,0,0.0,1,0.40055734120583775,251.59881059673523,Suppress / Low-Cost Ads,Exclude from paid campaigns to save marketing budget.
13379.0,45,1,136.29,4,1,1,411,6,New Customers,2,436.27,0,0.4649312606202226,123.36216342190413,Onboarding Sequence,10% discount on 2nd purchase within 30 days.
13380.0,341,1,62.4,2,1,1,211,4,About to Sleep,0,0.0,1,0.19124116763555865,43.45867321671227,Suppress / Low-Cost Ads,Exclude from paid campaigns to save marketing budget.
13381.0,22,10,7046.39,5,5,5,555,15,Champions,2,1177.98,0,0.844429197895145,977.5444388155404,VIP Loyalty Program,"Early access to new launches, zero discount needed."
13382.0,189,5,1387.58,3,4,4,344,11,Loyal Customers,0,0.0,1,0.5577201147008364,238.89366515335644,Cross-Sell Drive,Recommend bundle products based on purchase history.
13383.0,452,1,305.28,1,1,2,112,4,Hibernating / Lost,0,0.0,1,0.144747357376099,44.71583735541469,Suppress / Low-Cost Ads,Exclude from paid campaigns to save marketing budget.
13384.0,37,6,4284.74,4,4,5,445,13,Champions,5,2396.09,0,0.7858612286186125,801.3242272323172,VIP Loyalty Program,"Early access to new launches, zero discount needed."
13385.0,238,1,534.57,3,1,2,312,6,Others / Need Attention,0,0.0,1,0.248139676907552,112.63310312789928,Suppress / Low-Cost Ads,Exclude from paid campaigns to save marketing budget.
13386.0,323,2,835.46,2,2,3,223,7,About to Sleep,0,0.0,1,0.3328277344993178,123.46788530398611,Suppress / Low-Cost Ads,Exclude from paid campaigns to save marketing budget.
13387.0,326,1,189.44,2,1,1,211,4,About to Sleep,0,0.0,1,0.202789922638707,47.61974569501199,Suppress / Low-Cost Ads,Exclude from paid campaigns to save marketing budget.
13388.0,40,3,1185.65,4,3,4,434,11,Loyal Customers,0,0.0,1,0.656671875668823,303.187915184951,Cross-Sell Drive,Recommend bundle products based on purchase history.
13389.0,141,1,257.89,3,1,1,311,5,Others / Need Attention,2,540.07,0,0.30133095798914034,101.11268368913971,Suppress / Low-Cost Ads,Exclude from paid campaigns to save marketing budget.
13391.0,112,1,59.8,3,1,1,311,5,Others / Need Attention,0,0.0,1,0.3318689517591151,70.6086210458127,Suppress / Low-Cost Ads,Exclude from paid campaigns to save marketing budget.
13392.0,586,1,91.14,1,1,1,111,3,Hibernating / Lost,0,0.0,1,0.0670104377156231,13.520488724336316,Suppress / Low-Cost Ads,Exclude from paid campaigns to save marketing budget.
13393.0,492,4,1131.45,1,3,3,133,7,Others / Need Attention,0,0.0,1,0.17437601499742805,58.79395151258374,Suppress / Low-Cost Ads,Exclude from paid campaigns to save marketing budget.
13394.0,24,16,5645.13,5,5,5,555,15,Champions,3,976.57,0,0.867015647280384,798.9601111995427,VIP Loyalty Program,"Early access to new launches, zero discount needed."
13395.0,94,3,1180.23,4,3,4,434,11,Loyal Customers,0,0.0,1,0.5952174103366448,270.068509611053,Cross-Sell Drive,Recommend bundle products based on purchase history.
13396.0,228,1,387.27,3,1,2,312,6,Others / Need Attention,1,973.72,0,0.2573379426469632,108.28151256371669,Suppress / Low-Cost Ads,Exclude from paid campaigns to save marketing budget.
13397.0,19,9,2875.93,5,5,5,555,15,Champions,1,315.94,0,0.8421822188644066,487.839099705698,VIP Loyalty Program,"Early access to new launches, zero discount needed."
13398.0,101,2,670.34,4,2,3,423,9,Promising / Potential,0,0.0,1,0.5122604826380049,189.21725444441924,Cross-Sell Drive,Recommend bundle products based on purchase history.
13399.0,373,3,275.4,1,3,2,132,6,Others / Need Attention,0,0.0,1,0.22929735207055302,34.92110030401646,Suppress / Low-Cost Ads,Exclude from paid campaigns to save marketing budget.
13400.0,491,1,310.83,1,1,2,112,4,Hibernating / Lost,0,0.0,1,0.1227873117852678,38.978602237166086,Suppress / Low-Cost Ads,Exclude from paid campaigns to save marketing budget.
13402.0,36,4,1535.13,5,3,4,534,12,Loyal Customers,0,0.0,1,0.6621372107710155,324.40230281605267,Cross-Sell Drive,Recommend bundle products based on purchase history.
13403.0,296,2,154.5,2,2,1,221,5,About to Sleep,1,75.0,0,0.27421609288945625,41.663269318114956,Suppress / Low-Cost Ads,Exclude from paid campaigns to save marketing budget.
13404.0,121,1,217.81,3,1,1,311,5,Others / Need Attention,1,34.68,0,0.32222082610036784,63.695146801432934,Suppress / Low-Cost Ads,Exclude from paid campaigns to save marketing budget.
13405.0,113,5,1198.81,3,4,4,344,11,Loyal Customers,1,15.0,0,0.6461083454245224,153.52225983049624,Cross-Sell Drive,Recommend bundle products based on purchase history.
13406.0,336,2,568.92,2,2,3,223,7,About to Sleep,0,0.0,1,0.3189317020681447,116.53225966502977,Suppress / Low-Cost Ads,Exclude from paid campaigns to save marketing budget.
13407.0,487,3,2244.7,1,3,4,134,8,Others / Need Attention,0,0.0,1,0.2045444980624993,127.43987601536595,Suppress / Low-Cost Ads,Exclude from paid campaigns to save marketing budget.
13408.0,8,85,41453.1,5,5,5,555,15,Champions,21,10280.36,0,0.9847185284867478,8672.853243230036,VIP Loyalty Program,"Early access to new launches, zero discount needed."
13410.0,96,7,1743.94,4,4,4,444,12,Champions,2,458.02,0,0.6985953826544187,292.05710350223916,VIP Loyalty Program,"Early access to new launches, zero discount needed."
13411.0,16,1,213.55,5,1,1,511,7,New Customers,0,0.0,1,0.49336267280245294,159.5440711656676,Onboarding Sequence,10% discount on 2nd purchase within 30 days.
13412.0,529,1,487.35,1,1,2,112,4,Hibernating / Lost,0,0.0,1,0.10420633385748457,49.703234743441804,Suppress / Low-Cost Ads,Exclude from paid campaigns to save marketing budget.
13413.0,548,6,429.44,1,4,2,142,7,Can't Lose Them,0,0.0,1,0.08765864896417264,16.738919341679807,Executive Outreach,Feedback survey + customized high-value offer.
13414.0,42,6,2494.14,4,4,4,444,12,Champions,0,0.0,1,0.744845499604176,488.42042924789547,VIP Loyalty Program,"Early access to new launches, zero discount needed."
13415.0,381,4,800.67,1,3,3,133,7,Others / Need Attention,0,0.0,1,0.2661131733658514,79.3314932305131,Suppress / Low-Cost Ads,Exclude from paid campaigns to save marketing budget.
13416.0,645,1,228.3,1,1,1,111,3,Hibernating / Lost,2,712.5,0,0.05113344183610402,13.273914932849742,Suppress / Low-Cost Ads,Exclude from paid campaigns to save marketing budget.
13417.0,114,5,1264.66,3,4,4,344,11,Loyal Customers,1,404.83,0,0.6449923610756716,230.07155813684372,Cross-Sell Drive,Recommend bundle products based on purchase history.
13418.0,7,28,10850.3,5,5,5,555,15,Champions,3,1383.3,0,0.9123437156647713,1759.982690543932,VIP Loyalty Program,"Early access to new launches, zero discount needed."
13420.0,58,2,159.85,4,2,1,421,7,Promising / Potential,0,0.0,1,0.4623266377144577,72.62678421003598,Cross-Sell Drive,Recommend bundle products based on purchase history.
13421.0,199,7,3077.08,3,4,5,345,12,Loyal Customers,1,1026.04,0,0.6111187245390082,352.6268378425777,Cross-Sell Drive,Recommend bundle products based on purchase history.
13423.0,337,1,217.03,2,1,1,211,4,About to Sleep,0,0.0,1,0.19426850631706505,49.11556537433699,Suppress / Low-Cost Ads,Exclude from paid campaigns to save marketing budget.
13424.0,358,1,572.77,1,1,3,113,5,Hibernating / Lost,0,0.0,1,0.24711992886397982,134.05333067667686,Suppress / Low-Cost Ads,Exclude from paid campaigns to save marketing budget.
13425.0,17,5,3403.63,5,4,5,545,14,Champions,0,0.0,1,0.7922058949321855,593.0825709881041,VIP Loyalty Program,"Early access to new launches, zero discount needed."
13426.0,91,17,6084.74,4,5,5,455,14,Champions,5,2082.64,0,0.833122986443444,757.007889631605,VIP Loyalty Program,"Early access to new launches, zero discount needed."
13427.0,29,5,888.79,5,4,3,543,12,Champions,1,117.74,0,0.7048922496690976,202.62659935293195,VIP Loyalty Program,"Early access to new launches, zero discount needed."
13428.0,423,2,281.51,1,2,2,122,5,Hibernating / Lost,1,218.47,0,0.20010062009157947,38.492243778440745,Suppress / Low-Cost Ads,Exclude from paid campaigns to save marketing budget.
13431.0,315,6,2047.14,2,4,4,244,10,At Risk,2,1269.1,0,0.4817531378414288,306.61656335105,Standard Retention Push,Automated email re-engagement.
13432.0,480,2,439.1,1,2,2,122,5,Hibernating / Lost,0,0.0,1,0.15933100477792672,46.532593184227345,Suppress / Low-Cost Ads,Exclude from paid campaigns to save marketing budget.
13433.0,410,4,658.32,1,3,3,133,7,Others / Need Attention,0,0.0,1,0.2394651610510914,67.32753264625897,Suppress / Low-Cost Ads,Exclude from paid campaigns to save marketing budget.
13434.0,5,4,1205.46,5,3,4,534,12,Loyal Customers,1,461.4,0,0.695044751289628,278.25096453414744,Cross-Sell Drive,Recommend bundle products based on purchase history.
13435.0,19,5,1753.46,5,4,4,544,13,Champions,4,2721.77,0,0.7547325646073565,506.6128436014046,VIP Loyalty Program,"Early access to new launches, zero discount needed."
13437.0,8,4,2173.6,5,3,4,534,12,Loyal Customers,3,1234.46,0,0.6919138984651731,470.6118115220731,Cross-Sell Drive,Recommend bundle products based on purchase history.
13438.0,456,1,46.5,1,1,1,111,3,Hibernating / Lost,0,0.0,1,0.1191420548422426,15.751376231257893,Suppress / Low-Cost Ads,Exclude from paid campaigns to save marketing budget.
13439.0,164,3,986.61,3,3,3,333,9,Loyal Customers,0,0.0,1,0.46686883668871515,186.86648029010934,Cross-Sell Drive,Recommend bundle products based on purchase history.
13440.0,332,7,1295.25,2,4,4,244,10,At Risk,0,0.0,1,0.4691495086799594,165.4931156543626,Standard Retention Push,Automated email re-engagement.
13441.0,0,2,720.9,5,2,3,523,10,Promising / Potential,0,0.0,1,0.6256435674900065,293.7078812293169,Cross-Sell Drive,Recommend bundle products based on purchase history.
13442.0,576,3,419.87,1,3,2,132,6,Others / Need Attention,0,0.0,1,0.0996882913396181,24.87163303842525,Suppress / Low-Cost Ads,Exclude from paid campaigns to save marketing budget.
13443.0,357,6,1280.16,1,4,4,144,9,Can't Lose Them,0,0.0,1,0.26830344882910584,96.2921796806236,Executive Outreach,Feedback survey + customized high-value offer.
13444.0,283,2,631.68,2,2,3,223,7,About to Sleep,0,0.0,1,0.37739014775035185,137.8919888097902,Suppress / Low-Cost Ads,Exclude from paid campaigns to save marketing budget.
13445.0,535,1,241.9,1,1,1,111,3,Hibernating / Lost,0,0.0,1,0.08430443235941876,24.160617935528542,Suppress / Low-Cost Ads,Exclude from paid campaigns to save marketing budget.
13446.0,339,11,3881.89,2,5,5,255,12,At Risk,0,0.0,1,0.5969360735729947,345.67162291945414,Standard Retention Push,Automated email re-engagement.
13448.0,127,11,7124.76,3,5,5,355,13,Loyal Customers,2,2116.11,0,0.7591494004564443,947.5296465674603,Cross-Sell Drive,Recommend bundle products based on purchase history.
13450.0,33,11,3497.78,5,5,5,555,15,Champions,2,622.26,0,0.8416541248607635,474.8645079697368,VIP Loyalty Program,"Early access to new launches, zero discount needed."
13451.0,35,10,6678.16,5,5,5,555,15,Champions,1,512.76,0,0.8359380502131486,915.3004461422477,VIP Loyalty Program,"Early access to new launches, zero discount needed."
13452.0,168,3,729.8,3,3,3,333,9,Loyal Customers,0,0.0,1,0.46203262589405203,152.21176325077718,Cross-Sell Drive,Recommend bundle products based on purchase history.
13453.0,74,3,781.69,4,3,3,433,10,Loyal Customers,0,0.0,1,0.5691234255380647,203.62199886578398,Cross-Sell Drive,Recommend bundle products based on purchase history.
13454.0,550,1,219.87,1,1,1,111,3,Hibernating / Lost,0,0.0,1,0.07883510992881027,18.66351356173069,Suppress / Low-Cost Ads,Exclude from paid campaigns to save marketing budget.
13455.0,275,5,2540.53,2,4,4,244,10,At Risk,1,365.4,0,0.5223693202191066,347.21521527772796,Standard Retention Push,Automated email re-engagement.
13456.0,64,3,855.06,4,3,3,433,10,Loyal Customers,3,911.66,0,0.5810184506617897,203.43020800975867,Cross-Sell Drive,Recommend bundle products based on purchase history.
13457.0,597,2,148.22,1,2,1,121,4,Hibernating / Lost,0,0.0,1,0.08035219705730201,13.735852901962085,Suppress / Low-Cost Ads,Exclude from paid campaigns to save marketing budget.
13458.0,8,12,9991.12,5,5,5,555,15,Champions,4,1968.15,0,0.8610009791761357,1604.5054256237004,VIP Loyalty Program,"Early access to new launches, zero discount needed."
13459.0,533,2,1160.41,1,2,4,124,7,Hibernating / Lost,0,0.0,1,0.18065758210623462,76.6422704128406,Suppress / Low-Cost Ads,Exclude from paid campaigns to save marketing budget.
13461.0,47,5,3599.2,4,4,5,445,13,Champions,1,560.8,0,0.771960666753432,536.9348893973564,VIP Loyalty Program,"Early access to new launches, zero discount needed."
13462.0,161,5,1153.85,3,4,4,344,11,Loyal Customers,0,0.0,1,0.591041782203971,191.70857665070676,Cross-Sell Drive,Recommend bundle products based on purchase history.
13464.0,303,5,2422.96,2,4,4,244,10,At Risk,1,674.68,0,0.48830763551814105,310.78823841502737,Standard Retention Push,Automated email re-engagement.
13465.0,355,2,931.12,1,2,3,123,6,Hibernating / Lost,0,0.0,1,0.2994473337468224,117.3698289601053,Suppress / Low-Cost Ads,Exclude from paid campaigns to save marketing budget.
13466.0,93,5,1013.35,4,4,3,443,11,Champions,0,0.0,1,0.6425184558979444,209.78104693996877,VIP Loyalty Program,"Early access to new launches, zero discount needed."
13468.0,1,64,12424.56,5,5,5,555,15,Champions,8,965.95,0,0.9714897742535407,2100.568139204737,VIP Loyalty Program,"Early access to new launches, zero discount needed."
13469.0,562,1,82.4,1,1,1,111,3,Hibernating / Lost,0,0.0,1,0.0746963767750688,14.575501489792986,Suppress / Low-Cost Ads,Exclude from paid campaigns to save marketing budget.
13470.0,8,2,165.0,5,2,1,521,8,Promising / Potential,0,0.0,1,0.5163021450477275,103.43093738322712,Cross-Sell Drive,Recommend bundle products based on purchase history.
13472.0,372,2,592.24,1,2,3,123,6,Hibernating / Lost,0,0.0,1,0.282385383955279,102.35394369185562,Suppress / Low-Cost Ads,Exclude from paid campaigns to save marketing budget.
13473.0,241,7,2476.38,3,4,4,344,11,Loyal Customers,1,181.38,0,0.5107154593567431,246.893414571697,Cross-Sell Drive,Recommend bundle products based on purchase history.
13474.0,145,3,663.79,3,3,3,333,9,Loyal Customers,0,0.0,1,0.4899591445405983,154.7706729962629,Cross-Sell Drive,Recommend bundle products based on purchase history.
13475.0,100,4,1431.78,4,3,4,434,11,Loyal Customers,0,0.0,1,0.595914111900121,274.145356516194,Cross-Sell Drive,Recommend bundle products based on purchase history.
13476.0,87,5,2061.47,4,4,4,444,12,Champions,0,0.0,1,0.6942624119894202,444.782510760829,VIP Loyalty Program,"Early access to new launches, zero discount needed."
13477.0,47,9,2279.14,4,5,4,454,13,Champions,2,555.03,0,0.7958905433540074,391.691412182533,VIP Loyalty Program,"Early access to new launches, zero discount needed."
13478.0,378,5,2215.78,1,4,4,144,9,Can't Lose Them,0,0.0,1,0.24273360604154415,152.22845511735548,Executive Outreach,Feedback survey + customized high-value offer.
13479.0,109,4,851.37,3,3,3,333,9,Loyal Customers,0,0.0,1,0.5417094800102138,161.89400180145205,Cross-Sell Drive,Recommend bundle products based on purchase history.
13480.0,325,2,627.82,2,2,3,223,7,About to Sleep,0,0.0,1,0.3306747435293925,120.82296876652559,Suppress / Low-Cost Ads,Exclude from paid campaigns to save marketing budget.
13481.0,17,10,3387.61,5,5,5,555,15,Champions,1,443.23,0,0.8476602073548493,506.6472704727888,VIP Loyalty Program,"Early access to new launches, zero discount needed."
13482.0,141,2,336.09,3,2,2,322,7,Promising / Potential,0,0.0,1,0.4199061869272209,104.7337502680403,Cross-Sell Drive,Recommend bundle products based on purchase history.
13484.0,150,3,790.72,3,3,3,333,9,Loyal Customers,0,0.0,1,0.4838732299488179,162.0614311934068,Cross-Sell Drive,Recommend bundle products based on purchase history.
13485.0,142,11,3019.22,3,5,5,355,13,Loyal Customers,0,0.0,1,0.745642610003251,364.37144829332635,Cross-Sell Drive,Recommend bundle products based on purchase history.
13486.0,37,2,819.61,4,2,3,423,9,Promising / Potential,1,302.8,0,0.5891963354922862,224.84558277260612,Cross-Sell Drive,Recommend bundle products based on purchase history.
13487.0,122,4,680.27,3,3,3,333,9,Loyal Customers,1,166.6,0,0.5259646525603476,150.26014362184426,Cross-Sell Drive,Recommend bundle products based on purchase history.
13488.0,29,19,13215.95,5,5,5,555,15,Champions,4,2371.93,0,0.8750031219830442,1772.5967389107893,VIP Loyalty Program,"Early access to new launches, zero discount needed."
13489.0,14,4,449.52,5,3,2,532,10,Loyal Customers,0,0.0,1,0.5916104175878524,191.3516847375318,Cross-Sell Drive,Recommend bundle products based on purchase history.
13490.0,563,1,154.25,1,1,1,111,3,Hibernating / Lost,0,0.0,1,0.07435992408635284,18.088979824136555,Suppress / Low-Cost Ads,Exclude from paid campaigns to save marketing budget.
13491.0,56,26,4439.19,4,5,5,455,14,Champions,1,127.37,0,0.8877323070519135,332.8965094346406,VIP Loyalty Program,"Early access to new launches, zero discount needed."
13492.0,45,3,1269.84,4,3,4,434,11,Loyal Customers,0,0.0,1,0.6511601306397539,324.8617047414605,Cross-Sell Drive,Recommend bundle products based on purchase history.
13493.0,184,2,618.63,3,2,3,323,8,Promising / Potential,0,0.0,1,0.41876916127342767,153.66972300189485,Cross-Sell Drive,Recommend bundle products based on purchase history.
13494.0,220,1,316.26,3,1,2,312,6,Others / Need Attention,0,0.0,1,0.2648539631158848,119.12407433788042,Suppress / Low-Cost Ads,Exclude from paid campaigns to save marketing budget.
13495.0,141,8,4401.82,3,5,5,355,13,Loyal Customers,2,972.44,0,0.7278590347233813,551.4248329059943,Cross-Sell Drive,Recommend bundle products based on purchase history.
13496.0,268,1,501.01,2,1,2,212,5,About to Sleep,1,152.32,0,0.2927925695278507,125.94763778532803,Suppress / Low-Cost Ads,Exclude from paid campaigns to save marketing budget.
13497.0,191,6,1320.33,3,4,4,344,11,Loyal Customers,0,0.0,1,0.5632401892607688,198.68372887096928,Cross-Sell Drive,Recommend bundle products based on purchase history.
13498.0,639,1,327.38,1,1,2,112,4,Hibernating / Lost,0,0.0,1,0.06375087731599349,25.294715531028512,Suppress / Low-Cost Ads,Exclude from paid campaigns to save marketing budget.
13499.0,134,2,463.79,3,2,2,322,7,Promising / Potential,3,695.32,0,0.4282261348911841,131.8678157230547,Cross-Sell Drive,Recommend bundle products based on purchase history.
13500.0,31,2,625.93,5,2,3,523,10,Promising / Potential,2,840.37,0,0.5896812391760642,221.6440656276357,Cross-Sell Drive,Recommend bundle products based on purchase history.
13501.0,197,3,2885.11,3,3,5,335,11,Loyal Customers,0,0.0,1,0.5289242426900681,392.6162849622048,Cross-Sell Drive,Recommend bundle products based on purchase history.
13502.0,183,4,677.66,3,3,3,333,9,Loyal Customers,1,102.84,0,0.4518863556671008,127.33565491658727,Cross-Sell Drive,Recommend bundle products based on purchase history.
13503.0,388,5,1688.54,1,4,4,144,9,Can't Lose Them,1,216.85,0,0.23390820899435605,128.49357622129708,Executive Outreach,Feedback survey + customized high-value offer.
13505.0,75,3,2583.12,4,3,4,434,11,Loyal Customers,1,1810.51,0,0.6172540230111341,447.1630547093172,Cross-Sell Drive,Recommend bundle products based on purchase history.
13506.0,225,5,1639.2,3,4,4,344,11,Loyal Customers,0,0.0,1,0.5141465528989465,290.96578423035044,Cross-Sell Drive,Recommend bundle products based on purchase history.
13507.0,7,3,2022.79,5,3,4,534,12,Loyal Customers,1,456.37,0,0.6860749083191182,469.7399986062419,Cross-Sell Drive,Recommend bundle products based on purchase history.
13508.0,152,2,287.05,3,2,2,322,7,Promising / Potential,0,0.0,1,0.406920530992102,74.12669099682107,Cross-Sell Drive,Recommend bundle products based on purchase history.
13509.0,8,6,840.02,5,4,3,543,12,Champions,2,274.7,0,0.7320592808316693,230.13487235215985,VIP Loyalty Program,"Early access to new launches, zero discount needed."
13510.0,4,9,3664.54,5,5,5,555,15,Champions,2,893.75,0,0.8516358933960071,527.4086094383957,VIP Loyalty Program,"Early access to new launches, zero discount needed."
13511.0,585,1,282.76,1,1,2,112,4,Hibernating / Lost,0,0.0,1,0.08136294821508816,25.98822007955906,Suppress / Low-Cost Ads,Exclude from paid campaigns to save marketing budget.
13512.0,169,4,713.39,3,3,3,333,9,Loyal Customers,0,0.0,1,0.46881764729429865,132.10667108225624,Cross-Sell Drive,Recommend bundle products based on purchase history.
13513.0,35,3,824.59,5,3,3,533,11,Loyal Customers,0,0.0,1,0.6084791825202753,208.46692828530985,Cross-Sell Drive,Recommend bundle products based on purchase history.
13514.0,337,3,663.7,2,3,3,233,8,At Risk,1,152.2,0,0.3321434296904143,109.42114095841242,Standard Retention Push,Automated email re-engagement.
13515.0,26,5,898.66,5,4,3,543,12,Champions,1,367.16,0,0.7079213604929846,223.82059432145638,VIP Loyalty Program,"Early access to new launches, zero discount needed."
13516.0,147,2,441.85,3,2,2,322,7,Promising / Potential,2,1243.41,0,0.41280408557148485,117.0314309178941,Cross-Sell Drive,Recommend bundle products based on purchase history.
13517.0,15,2,1612.18,5,2,4,524,11,Promising / Potential,1,516.24,0,0.655918019252004,527.72250392844,Cross-Sell Drive,Recommend bundle products based on purchase history.
13519.0,351,1,220.46,1,1,1,111,3,Hibernating / Lost,1,122.75,0,0.1840170903272843,43.564415195397466,Suppress / Low-Cost Ads,Exclude from paid campaigns to save marketing budget.
13520.0,46,10,6233.03,4,5,5,455,14,Champions,1,676.37,0,0.8323036850271405,771.479285401178,VIP Loyalty Program,"Early access to new launches, zero discount needed."
13523.0,108,4,3505.88,3,3,5,335,11,Loyal Customers,2,1595.64,0,0.6413480687312347,485.48089527130816,Cross-Sell Drive,Recommend bundle products based on purchase history.
13524.0,10,3,408.86,5,3,2,532,10,Loyal Customers,2,271.32,0,0.5885488971221791,189.401360944856,Cross-Sell Drive,Recommend bundle products based on purchase history.
13525.0,157,1,282.88,3,1,2,312,6,Others / Need Attention,1,345.9,0,0.32868378299264,98.84267861729408,Suppress / Low-Cost Ads,Exclude from paid campaigns to save marketing budget.
13526.0,647,2,1182.0,1,2,4,124,7,Hibernating / Lost,0,0.0,1,0.11234997883084619,40.803877634323364,Suppress / Low-Cost Ads,Exclude from paid campaigns to save marketing budget.
13527.0,14,9,3762.65,5,5,5,555,15,Champions,3,921.09,0,0.8453763776164929,531.12813421362,VIP Loyalty Program,"Early access to new launches, zero discount needed."
13529.0,113,1,181.1,3,1,1,311,5,Others / Need Attention,1,126.66,0,0.33078685184520407,75.29245675412305,Suppress / Low-Cost Ads,Exclude from paid campaigns to save marketing budget.
13530.0,543,1,402.98,1,1,2,112,4,Hibernating / Lost,0,0.0,1,0.09801375194912487,38.44184067756507,Suppress / Low-Cost Ads,Exclude from paid campaigns to save marketing budget.
13531.0,114,6,1738.52,3,4,4,344,11,Loyal Customers,0,0.0,1,0.6523028543343452,335.5887978718212,Cross-Sell Drive,Recommend bundle products based on purchase history.
13533.0,91,3,270.79,4,3,1,431,8,Loyal Customers,0,0.0,1,0.4467301581385723,71.13974460699764,Cross-Sell Drive,Recommend bundle products based on purchase history.
13534.0,16,31,6222.35,5,5,5,555,15,Champions,4,1498.55,0,0.9165042201362643,842.1446104415727,VIP Loyalty Program,"Early access to new launches, zero discount needed."
13535.0,311,1,89.5,2,1,1,211,4,About to Sleep,0,0.0,1,0.21485565075546875,43.85343723970944,Suppress / Low-Cost Ads,Exclude from paid campaigns to save marketing budget.
13537.0,334,2,717.85,2,2,3,223,7,About to Sleep,0,0.0,1,0.32104652376186993,117.30497980906165,Suppress / Low-Cost Ads,Exclude from paid campaigns to save marketing budget.
13538.0,3,11,2822.63,5,5,5,555,15,Champions,1,290.1,0,0.8601745367003102,411.380391232791,VIP Loyalty Program,"Early access to new launches, zero discount needed."
13539.0,149,6,1253.67,3,4,4,344,11,Loyal Customers,1,315.69,0,0.6127356279166216,174.9354732431941,Cross-Sell Drive,Recommend bundle products based on purchase history.
13540.0,376,3,632.39,1,3,3,133,7,Others / Need Attention,0,0.0,1,0.2645981053834475,86.97458457208677,Suppress / Low-Cost Ads,Exclude from paid campaigns to save marketing budget.
13541.0,336,2,785.25,2,2,3,223,7,About to Sleep,0,0.0,1,0.31892577135330724,123.55115444039056,Suppress / Low-Cost Ads,Exclude from paid campaigns to save marketing budget.
13542.0,285,17,4006.17,2,5,5,255,12,At Risk,0,0.0,1,0.7002414033714526,437.4151683802872,Standard Retention Push,Automated email re-engagement.
13543.0,543,2,1439.61,1,2,4,124,7,Hibernating / Lost,0,0.0,1,0.17355724853166932,68.55951037846306,Suppress / Low-Cost Ads,Exclude from paid campaigns to save marketing budget.
13544.0,149,5,660.5,3,4,3,343,10,Loyal Customers,1,168.5,0,0.5552814057930072,142.87089785380647,Cross-Sell Drive,Recommend bundle products based on purchase history.
13545.0,299,2,374.64,2,2,2,222,6,About to Sleep,0,0.0,1,0.3136218700171103,92.33188774127139,Suppress / Low-Cost Ads,Exclude from paid campaigns to save marketing budget.
13546.0,109,3,653.31,3,3,3,333,9,Loyal Customers,2,438.83,0,0.5337271482774267,176.99133867851603,Cross-Sell Drive,Recommend bundle products based on purchase history.
13547.0,317,1,175.53,2,1,1,211,4,About to Sleep,0,0.0,1,0.20996679497129322,49.21944989123665,Suppress / Low-Cost Ads,Exclude from paid campaigns to save marketing budget.
13548.0,5,3,908.99,5,3,3,533,11,Loyal Customers,0,0.0,1,0.6426721667810722,267.5988073224847,Cross-Sell Drive,Recommend bundle products based on purchase history.
13549.0,51,6,849.65,4,4,3,443,11,Champions,2,156.15,0,0.6948653741969478,190.33107475787259,VIP Loyalty Program,"Early access to new launches, zero discount needed."
13550.0,292,1,349.51,2,1,2,212,5,About to Sleep,0,0.0,1,0.26919814200356595,113.27199438862966,Suppress / Low-Cost Ads,Exclude from paid campaigns to save marketing budget.
13551.0,228,2,244.2,3,2,1,321,6,Promising / Potential,0,0.0,1,0.27858867078290317,51.96353938338595,Cross-Sell Drive,Recommend bundle products based on purchase history.
13552.0,32,19,6001.76,5,5,5,555,15,Champions,3,977.16,0,0.8734974169837082,793.6936646680595,VIP Loyalty Program,"Early access to new launches, zero discount needed."
13553.0,583,1,517.8,1,1,2,112,4,Hibernating / Lost,0,0.0,1,0.08209152248222207,34.031819285606275,Suppress / Low-Cost Ads,Exclude from paid campaigns to save marketing budget.
13554.0,289,7,1638.28,2,4,4,244,10,At Risk,0,0.0,1,0.5214272485286334,218.044181813176,Standard Retention Push,Automated email re-engagement.
13555.0,110,11,6439.96,3,5,5,355,13,Loyal Customers,2,2559.23,0,0.7739725428268591,741.0208684200429,Cross-Sell Drive,Recommend bundle products based on purchase history.
13556.0,338,2,200.82,2,2,1,221,5,About to Sleep,0,0.0,1,0.23544141774724636,37.58486964380717,Suppress / Low-Cost Ads,Exclude from paid campaigns to save marketing budget.
13557.0,189,12,2688.88,3,5,4,354,12,Loyal Customers,1,343.38,0,0.6624242649847341,268.5973863370024,Cross-Sell Drive,Recommend bundle products based on purchase history.
13559.0,421,2,990.0,1,2,3,123,6,Hibernating / Lost,0,0.0,1,0.23662235685994604,107.82315307316168,Suppress / Low-Cost Ads,Exclude from paid campaigns to save marketing budget.
13561.0,124,11,1820.72,3,5,4,354,12,Loyal Customers,0,0.0,1,0.7228350480450316,172.8671204663885,Cross-Sell Drive,Recommend bundle products based on purchase history.
13562.0,50,7,4248.58,4,4,5,445,13,Champions,1,589.6,0,0.7805719051628944,601.537877412055,VIP Loyalty Program,"Early access to new launches, zero discount needed."
13563.0,49,1,310.88,4,1,2,412,7,New Customers,1,466.65,0,0.5111797299810508,237.82204178580014,Onboarding Sequence,10% discount on 2nd purchase within 30 days.
13564.0,53,37,17249.55,4,5,5,455,14,Champions,0,0.0,1,0.9194049527206047,1935.6140591949866,VIP Loyalty Program,"Early access to new launches, zero discount needed."
13565.0,243,2,284.76,3,2,2,322,7,Promising / Potential,1,130.04,0,0.3058098743426263,58.10381869083212,Cross-Sell Drive,Recommend bundle products based on purchase history.
13566.0,343,3,833.41,2,3,3,233,8,At Risk,2,874.71,0,0.32569053371707146,108.93531138015311,Standard Retention Push,Automated email re-engagement.
13567.0,337,4,1083.69,2,3,3,233,8,At Risk,0,0.0,1,0.3392985254725498,114.6562517564936,Standard Retention Push,Automated email re-engagement.
13568.0,82,1,192.85,4,1,1,411,6,New Customers,0,0.0,1,0.42051418154936027,108.46908645353025,Onboarding Sequence,10% discount on 2nd purchase within 30 days.
13569.0,276,3,638.35,2,3,3,233,8,At Risk,1,255.43,0,0.4009522490127615,132.08947892695292,Standard Retention Push,Automated email re-engagement.
13570.0,152,1,239.49,3,1,1,311,5,Others / Need Attention,0,0.0,1,0.29017715468181837,79.00040274040086,Suppress / Low-Cost Ads,Exclude from paid campaigns to save marketing budget.
13571.0,1,21,3538.05,5,5,5,555,15,Champions,5,1008.49,0,0.8954597938354137,625.6846980784202,VIP Loyalty Program,"Early access to new launches, zero discount needed."
13572.0,114,1,1384.25,3,1,4,314,8,Others / Need Attention,0,0.0,1,0.4761531330837052,409.95179495450554,Suppress / Low-Cost Ads,Exclude from paid campaigns to save marketing budget.
13573.0,162,5,653.84,3,4,3,343,10,Loyal Customers,1,262.63,0,0.5396014142707323,144.79825650557947,Cross-Sell Drive,Recommend bundle products based on purchase history.
13574.0,320,1,421.25,2,1,2,212,5,About to Sleep,0,0.0,1,0.24323336441229915,103.52374987471107,Suppress / Low-Cost Ads,Exclude from paid campaigns to save marketing budget.
13575.0,42,2,218.75,4,2,1,421,7,Promising / Potential,3,513.32,0,0.4817370679340094,70.41960131709833,Cross-Sell Drive,Recommend bundle products based on purchase history.
13576.0,5,23,9675.34,5,5,5,555,15,Champions,5,1876.4,0,0.8995098966205957,1493.0049926941242,VIP Loyalty Program,"Early access to new launches, zero discount needed."
13577.0,1,10,2995.48,5,5,5,555,15,Champions,1,493.8,0,0.8574559375055711,526.7049991569313,VIP Loyalty Program,"Early access to new launches, zero discount needed."
13578.0,318,1,147.66,2,1,1,211,4,About to Sleep,0,0.0,1,0.20916085660488737,50.88098947937614,Suppress / Low-Cost Ads,Exclude from paid campaigns to save marketing budget.
13579.0,278,4,1236.7,2,3,4,234,9,At Risk,1,302.34,0,0.45649905578233063,141.8659726278672,Standard Retention Push,Automated email re-engagement.
13580.0,315,1,107.75,2,1,1,211,4,About to Sleep,0,0.0,1,0.21158810575838338,43.18651003088917,Suppress / Low-Cost Ads,Exclude from paid campaigns to save marketing budget.
13581.0,218,2,280.53,3,2,2,322,7,Promising / Potential,0,0.0,1,0.33224278847369737,63.12606741136014,Cross-Sell Drive,Recommend bundle products based on purchase history.
13582.0,298,2,241.68,2,2,1,221,5,About to Sleep,0,0.0,1,0.272280137235529,51.41897041328561,Suppress / Low-Cost Ads,Exclude from paid campaigns to save marketing budget.
13583.0,64,2,1445.03,4,2,4,424,10,Promising / Potential,0,0.0,1,0.6067888056586044,391.5415931541059,Cross-Sell Drive,Recommend bundle products based on purchase history.
13584.0,215,3,392.45,3,3,2,332,8,Loyal Customers,0,0.0,1,0.3576246022883922,89.42488908579601,Cross-Sell Drive,Recommend bundle products based on purchase history.
13585.0,439,3,684.54,1,3,3,133,7,Others / Need Attention,0,0.0,1,0.20933246254121374,68.80851977601851,Suppress / Low-Cost Ads,Exclude from paid campaigns to save marketing budget.
13586.0,450,1,131.53,1,1,1,111,3,Hibernating / Lost,0,0.0,1,0.12224105626522475,27.802029081554778,Suppress / Low-Cost Ads,Exclude from paid campaigns to save marketing budget.
13587.0,358,3,961.1,1,3,3,133,7,Others / Need Attention,1,712.4,0,0.2819912107651915,116.59821857922084,Suppress / Low-Cost Ads,Exclude from paid campaigns to save marketing budget.
13588.0,8,4,1420.72,5,3,4,534,12,Loyal Customers,5,1058.23,0,0.691934154110538,371.23204011403055,Cross-Sell Drive,Recommend bundle products based on purchase history.
13589.0,88,5,888.09,4,4,3,443,11,Champions,1,232.65,0,0.6480941328483248,176.93141596477304,VIP Loyalty Program,"Early access to new launches, zero discount needed."
13590.0,59,16,5484.05,4,5,5,455,14,Champions,2,865.54,0,0.8496256257523295,789.7927288116872,VIP Loyalty Program,"Early access to new launches, zero discount needed."
13591.0,113,6,1753.04,3,4,4,344,11,Loyal Customers,1,340.9,0,0.6534059095372134,336.15628422736467,Cross-Sell Drive,Recommend bundle products based on purchase history.
13592.0,114,3,205.51,3,3,1,331,7,Loyal Customers,1,42.45,0,0.42589148197427706,32.84390153498311,Cross-Sell Drive,Recommend bundle products based on purchase history.
13593.0,17,14,5523.69,5,5,5,555,15,Champions,0,0.0,1,0.8634974696872272,803.5432971831831,VIP Loyalty Program,"Early access to new launches, zero discount needed."
13594.0,394,1,136.35,1,1,1,111,3,Hibernating / Lost,1,396.97,0,0.15463278939873215,40.77187973597595,Suppress / Low-Cost Ads,Exclude from paid campaigns to save marketing budget.
13595.0,425,3,818.22,1,3,3,133,7,Others / Need Attention,0,0.0,1,0.2208352112453228,73.69906333378344,Suppress / Low-Cost Ads,Exclude from paid campaigns to save marketing budget.
13597.0,309,2,396.71,2,2,2,222,6,About to Sleep,0,0.0,1,0.30323656866154924,89.27440173473549,Suppress / Low-Cost Ads,Exclude from paid campaigns to save marketing budget.
13598.0,404,4,609.42,1,3,3,133,7,Others / Need Attention,1,180.17,0,0.24482714043600073,68.83509575273118,Suppress / Low-Cost Ads,Exclude from paid campaigns to save marketing budget.
13599.0,65,20,7327.8,4,5,5,455,14,Champions,13,2839.83,0,0.8618537413292933,1022.5039209192109,VIP Loyalty Program,"Early access to new launches, zero discount needed."
13600.0,221,2,518.42,3,2,2,322,7,Promising / Potential,0,0.0,1,0.3290035166183952,108.61719044428912,Cross-Sell Drive,Recommend bundle products based on purchase history.
13601.0,120,3,865.02,3,3,3,333,9,Loyal Customers,1,320.12,0,0.5203709382235826,176.15625636192672,Cross-Sell Drive,Recommend bundle products based on purchase history.
13602.0,290,3,596.28,2,3,3,233,8,At Risk,1,428.89,0,0.384697051567055,126.73437600448555,Standard Retention Push,Automated email re-engagement.
13604.0,567,1,717.62,1,1,3,113,5,Hibernating / Lost,0,0.0,1,0.10605792172133488,49.97793075913606,Suppress / Low-Cost Ads,Exclude from paid campaigns to save marketing budget.
13605.0,296,2,522.67,2,2,2,222,6,About to Sleep,0,0.0,1,0.3167706540248775,108.10134259640922,Suppress / Low-Cost Ads,Exclude from paid campaigns to save marketing budget.
13606.0,152,2,250.42,3,2,1,321,6,Promising / Potential,1,30.12,0,0.35860232222782207,64.12957889064295,Cross-Sell Drive,Recommend bundle products based on purchase history.
13607.0,311,1,400.3,2,1,2,212,5,About to Sleep,1,678.01,0,0.25139037562892097,106.99549558260405,Suppress / Low-Cost Ads,Exclude from paid campaigns to save marketing budget.
13608.0,449,1,236.2,1,1,1,111,3,Hibernating / Lost,0,0.0,1,0.12276302188767829,35.182378736552266,Suppress / Low-Cost Ads,Exclude from paid campaigns to save marketing budget.
13609.0,502,1,167.35,1,1,1,111,3,Hibernating / Lost,0,0.0,1,0.0975660768162987,23.734166175326806,Suppress / Low-Cost Ads,Exclude from paid campaigns to save marketing budget.
13610.0,19,12,1820.21,5,5,4,554,14,Champions,2,355.67,0,0.827265807388351,266.2279630579761,VIP Loyalty Program,"Early access to new launches, zero discount needed."
13611.0,79,9,2784.45,4,5,5,455,14,Champions,1,535.08,0,0.8037132071685308,478.70210098091036,VIP Loyalty Program,"Early access to new launches, zero discount needed."
13612.0,541,1,818.29,1,1,3,113,5,Hibernating / Lost,0,0.0,1,0.11867097392451387,56.034245185757456,Suppress / Low-Cost Ads,Exclude from paid campaigns to save marketing budget.
13613.0,361,5,1039.85,1,4,3,143,8,Can't Lose Them,0,0.0,1,0.2210496170360089,71.53904528364893,Executive Outreach,Feedback survey + customized high-value offer.
13614.0,73,4,1543.71,4,3,4,434,11,Loyal Customers,2,815.48,0,0.6271281061909402,314.2366469779534,Cross-Sell Drive,Recommend bundle products based on purchase history.
13615.0,227,8,6272.53,3,5,5,355,13,Loyal Customers,0,0.0,1,0.6375678983470027,482.67154099054596,Cross-Sell Drive,Recommend bundle products based on purchase history.
13616.0,477,2,288.1,1,2,2,122,5,Hibernating / Lost,0,0.0,1,0.16129983102747747,31.028351708702363,Suppress / Low-Cost Ads,Exclude from paid campaigns to save marketing budget.
13617.0,22,7,1100.27,5,4,3,543,12,Champions,1,178.48,0,0.7249272542210692,261.0281066551553,VIP Loyalty Program,"Early access to new launches, zero discount needed."
13618.0,82,1,177.34,4,1,1,411,6,New Customers,0,0.0,1,0.4205146585724572,97.75667322476914,Onboarding Sequence,10% discount on 2nd purchase within 30 days.
13619.0,453,2,231.69,1,2,1,121,4,Hibernating / Lost,0,0.0,1,0.14976354602401531,28.70079514408492,Suppress / Low-Cost Ads,Exclude from paid campaigns to save marketing budget.
13620.0,437,1,112.34,1,1,1,111,3,Hibernating / Lost,0,0.0,1,0.12919686505918138,26.36992135658694,Suppress / Low-Cost Ads,Exclude from paid campaigns to save marketing budget.
13621.0,25,1,213.85,5,1,1,511,7,New Customers,0,0.0,1,0.48241445070734323,120.95318742238915,Onboarding Sequence,10% discount on 2nd purchase within 30 days.
13622.0,605,1,658.95,1,1,3,113,5,Hibernating / Lost,0,0.0,1,0.08975195587025186,34.966289481722946,Suppress / Low-Cost Ads,Exclude from paid campaigns to save marketing budget.
13623.0,119,9,2370.63,3,5,4,354,12,Loyal Customers,1,195.86,0,0.7147502168793896,313.01833070981326,Cross-Sell Drive,Recommend bundle products based on purchase history.
13624.0,297,1,462.08,2,1,2,212,5,About to Sleep,0,0.0,1,0.2644330427654742,111.26695716905166,Suppress / Low-Cost Ads,Exclude from paid campaigns to save marketing budget.
13625.0,505,1,301.26,1,1,2,112,4,Hibernating / Lost,0,0.0,1,0.1156321029392493,35.72145565781375,Suppress / Low-Cost Ads,Exclude from paid campaigns to save marketing budget.
13626.0,161,2,707.04,3,2,3,323,8,Promising / Potential,0,0.0,1,0.44624504146784405,163.75215334578638,Cross-Sell Drive,Recommend bundle products based on purchase history.
13627.0,85,5,1634.43,4,4,4,444,12,Champions,2,611.47,0,0.6963368662191498,420.7523300733056,VIP Loyalty Program,"Early access to new launches, zero discount needed."
13628.0,585,1,310.14,1,1,2,112,4,Hibernating / Lost,0,0.0,1,0.08136268992512263,26.70520815697236,Suppress / Low-Cost Ads,Exclude from paid campaigns to save marketing budget.
13629.0,8,16,11296.86,5,5,5,555,15,Champions,3,2074.0,0,0.8756661925828946,1620.0681712261776,VIP Loyalty Program,"Early access to new launches, zero discount needed."
13630.0,14,5,1361.46,5,4,4,544,13,Champions,2,670.32,0,0.7592200801201261,382.847854412351,VIP Loyalty Program,"Early access to new launches, zero discount needed."
13631.0,8,11,3070.42,5,5,5,555,15,Champions,0,0.0,1,0.857216922779267,409.96590577659316,VIP Loyalty Program,"Early access to new launches, zero discount needed."
13632.0,82,6,2341.48,4,4,4,444,12,Champions,2,1306.67,0,0.7061109102541414,463.020846694012,VIP Loyalty Program,"Early access to new launches, zero discount needed."
13634.0,15,14,4282.08,5,5,5,555,15,Champions,2,791.39,0,0.8646595478232804,684.0474524840749,VIP Loyalty Program,"Early access to new launches, zero discount needed."
13635.0,351,3,1928.13,1,3,4,134,8,Others / Need Attention,1,1071.03,0,0.3327183846316163,228.46681833450575,Suppress / Low-Cost Ads,Exclude from paid campaigns to save marketing budget.
13636.0,31,4,646.55,5,3,3,533,11,Loyal Customers,1,302.57,0,0.6207093046151633,189.05592971780285,Cross-Sell Drive,Recommend bundle products based on purchase history.
13637.0,96,2,684.85,4,2,3,423,9,Promising / Potential,1,125.65,0,0.5183404059360582,191.4630384404166,Cross-Sell Drive,Recommend bundle products based on purchase history.
13639.0,345,1,312.93,2,1,2,212,5,About to Sleep,1,1033.34,0,0.22153507059663857,102.35460424883067,Suppress / Low-Cost Ads,Exclude from paid campaigns to save marketing budget.
13640.0,520,1,405.0,1,1,2,112,4,Hibernating / Lost,0,0.0,1,0.10836936912569883,46.467145467489814,Suppress / Low-Cost Ads,Exclude from paid campaigns to save marketing budget.
13641.0,549,5,1016.47,1,4,3,143,8,Can't Lose Them,0,0.0,1,0.10202586138830327,28.329543674241783,Executive Outreach,Feedback survey + customized high-value offer.
13642.0,124,4,514.72,3,3,2,332,8,Loyal Customers,0,0.0,1,0.4724044213417211,123.10625621828835,Cross-Sell Drive,Recommend bundle products based on purchase history.
13643.0,7,9,1896.73,5,5,4,554,14,Champions,1,260.04,0,0.8217686137041227,412.0699582322237,VIP Loyalty Program,"Early access to new launches, zero discount needed."
13644.0,14,1,851.09,5,1,3,513,9,New Customers,3,1773.17,0,0.5969002677287849,451.78407965461196,Onboarding Sequence,10% discount on 2nd purchase within 30 days.
13645.0,29,1,252.1,5,1,1,511,7,New Customers,0,0.0,1,0.4775521635331924,143.5561716136699,Onboarding Sequence,10% discount on 2nd purchase within 30 days.
13646.0,308,2,326.25,2,2,2,222,6,About to Sleep,0,0.0,1,0.30426816216043706,89.01756870231495,Suppress / Low-Cost Ads,Exclude from paid campaigns to save marketing budget.
13647.0,84,6,2197.42,4,4,4,444,12,Champions,2,874.26,0,0.7040898688647743,461.6955813826863,VIP Loyalty Program,"Early access to new launches, zero discount needed."
13648.0,309,8,1764.02,2,5,4,254,11,At Risk,0,0.0,1,0.5591977533312602,237.1833234533282,Standard Retention Push,Automated email re-engagement.
13649.0,165,6,1678.88,3,4,4,344,11,Loyal Customers,0,0.0,1,0.594082804051808,312.5275754749882,Cross-Sell Drive,Recommend bundle products based on purchase history.
13650.0,116,6,2197.18,3,4,4,344,11,Loyal Customers,4,1090.82,0,0.6500778417985149,401.8813064444267,Cross-Sell Drive,Recommend bundle products based on purchase history.
13651.0,290,1,132.65,2,1,1,211,4,About to Sleep,2,94.2,0,0.2326051271074051,52.300052149255755,Suppress / Low-Cost Ads,Exclude from paid campaigns to save marketing budget.
13652.0,165,4,2114.01,3,3,4,334,10,Loyal Customers,1,456.84,0,0.524764017952648,339.86251729559274,Cross-Sell Drive,Recommend bundle products based on purchase history.
13653.0,396,1,152.2,1,1,1,111,3,Hibernating / Lost,0,0.0,1,0.15336386035187444,37.30767358550729,Suppress / Low-Cost Ads,Exclude from paid campaigns to save marketing budget.
13654.0,54,9,5314.94,4,5,5,455,14,Champions,2,993.06,0,0.8221627265542042,768.75433602034,VIP Loyalty Program,"Early access to new launches, zero discount needed."
13655.0,23,6,2280.51,5,4,4,544,13,Champions,0,0.0,1,0.7570566557501861,545.8811578904451,VIP Loyalty Program,"Early access to new launches, zero discount needed."
13656.0,73,4,1078.85,4,3,3,433,10,Loyal Customers,0,0.0,1,0.5781649463847802,203.93269984758544,Cross-Sell Drive,Recommend bundle products based on purchase history.
13657.0,110,1,152.34,3,1,1,311,5,Others / Need Attention,1,229.8,0,0.33402906941526833,76.07885351260937,Suppress / Low-Cost Ads,Exclude from paid campaigns to save marketing budget.
13658.0,113,5,4319.63,3,4,5,345,12,Loyal Customers,4,1705.87,0,0.691323116273301,686.1959104416143,Cross-Sell Drive,Recommend bundle products based on purchase history.
13659.0,114,12,4894.88,3,5,5,355,13,Loyal Customers,0,0.0,1,0.7762138221613394,788.8843949700185,Cross-Sell Drive,Recommend bundle products based on purchase history.
13660.0,309,1,314.59,2,1,2,212,5,About to Sleep,0,0.0,1,0.2532294514421749,115.20541191753395,Suppress / Low-Cost Ads,Exclude from paid campaigns to save marketing budget.
13661.0,512,1,325.24,1,1,2,112,4,Hibernating / Lost,0,0.0,1,0.11219187990613666,49.85624816137701,Suppress / Low-Cost Ads,Exclude from paid campaigns to save marketing budget.
13662.0,121,10,1885.29,3,5,4,354,12,Loyal Customers,1,364.82,0,0.7193074799453218,307.7923178522782,Cross-Sell Drive,Recommend bundle products based on purchase history.
13663.0,88,5,2047.51,4,4,4,444,12,Champions,0,0.0,1,0.6932283221527001,444.1200161968346,VIP Loyalty Program,"Early access to new launches, zero discount needed."
13665.0,295,3,1711.66,2,3,4,234,9,At Risk,0,0.0,1,0.42814727827448285,278.03273681934314,Standard Retention Push,Automated email re-engagement.
13666.0,196,4,107.3,3,3,1,331,7,Loyal Customers,1,20.6,0,0.3394523963418318,10.453977055402824,Cross-Sell Drive,Recommend bundle products based on purchase history.
13667.0,58,1,305.02,4,1,2,412,7,New Customers,0,0.0,1,0.5002266992615573,153.16859887413767,Onboarding Sequence,10% discount on 2nd purchase within 30 days.
13668.0,22,30,11661.22,5,5,5,555,15,Champions,5,1428.72,0,0.9116325098087216,1747.1838441876669,VIP Loyalty Program,"Early access to new launches, zero discount needed."
13669.0,58,2,243.15,4,2,1,421,7,Promising / Potential,1,170.4,0,0.46232402425149044,88.33524048891519,Cross-Sell Drive,Recommend bundle products based on purchase history.
13671.0,303,1,194.95,2,1,1,211,4,About to Sleep,0,0.0,1,0.22149712221011342,57.61197461726901,Suppress / Low-Cost Ads,Exclude from paid campaigns to save marketing budget.
13672.0,210,3,419.92,3,3,2,332,8,Loyal Customers,0,0.0,1,0.363235645617058,90.82794392070052,Cross-Sell Drive,Recommend bundle products based on purchase history.
13674.0,341,1,240.68,2,1,1,211,4,About to Sleep,0,0.0,1,0.19123768743626257,54.806379352904315,Suppress / Low-Cost Ads,Exclude from paid campaigns to save marketing budget.
13675.0,60,2,486.82,4,2,2,422,8,Promising / Potential,0,0.0,1,0.5109909923360064,154.75935571027057,Cross-Sell Drive,Recommend bundle products based on purchase history.
13676.0,448,2,243.9,1,2,1,121,4,Hibernating / Lost,0,0.0,1,0.15288975726622123,28.872594178861874,Suppress / Low-Cost Ads,Exclude from paid campaigns to save marketing budget.
13677.0,313,2,556.19,2,2,2,222,6,About to Sleep,0,0.0,1,0.29913328027871133,109.29825058420445,Suppress / Low-Cost Ads,Exclude from paid campaigns to save marketing budget.
13678.0,60,1,232.6,4,1,1,411,6,New Customers,0,0.0,1,0.44681405409689456,128.5182909015301,Onboarding Sequence,10% discount on 2nd purchase within 30 days.
13679.0,402,3,281.26,1,3,2,132,6,Others / Need Attention,0,0.0,1,0.20530160468201608,31.266640739358664,Suppress / Low-Cost Ads,Exclude from paid campaigns to save marketing budget.
13680.0,246,10,10104.84,2,5,5,255,12,At Risk,2,1330.83,0,0.6926636147188981,884.3377663356213,High-Value Win-Back,20% off limited promo code + direct outreach.
13681.0,64,1,203.46,4,1,1,411,6,New Customers,3,624.37,0,0.4420062618596704,110.82185899322303,Onboarding Sequence,10% discount on 2nd purchase within 30 days.
13682.0,96,1,59.5,4,1,1,411,6,New Customers,0,0.0,1,0.4040035385433851,82.20182583903974,Onboarding Sequence,10% discount on 2nd purchase within 30 days.
13683.0,366,1,258.6,1,1,1,111,3,Hibernating / Lost,0,0.0,1,0.17330203796962285,52.559691266607146,Suppress / Low-Cost Ads,Exclude from paid campaigns to save marketing budget.
13684.0,194,4,596.98,3,3,3,333,9,Loyal Customers,0,0.0,1,0.43866055446364427,123.60879740713109,Cross-Sell Drive,Recommend bundle products based on purchase history.
13686.0,91,3,409.04,4,3,2,432,9,Loyal Customers,0,0.0,1,0.4977053185455863,130.11672347969724,Cross-Sell Drive,Recommend bundle products based on purchase history.
13687.0,347,1,11880.84,2,1,5,215,8,About to Sleep,0,0.0,1,0.3421446180926425,1180.7754969337882,Suppress / Low-Cost Ads,Exclude from paid campaigns to save marketing budget.
13688.0,544,1,375.5,1,1,2,112,4,Hibernating / Lost,0,0.0,1,0.09758445181782571,37.10822393242559,Suppress / Low-Cost Ads,Exclude from paid campaigns to save marketing budget.
13689.0,353,1,349.5,1,1,2,112,4,Hibernating / Lost,1,910.0,0,0.2151108285422607,97.97877940488159,Suppress / Low-Cost Ads,Exclude from paid campaigns to save marketing budget.
13691.0,305,1,212.78,2,1,1,211,4,About to Sleep,0,0.0,1,0.2198221340267359,55.576112665915964,Suppress / Low-Cost Ads,Exclude from paid campaigns to save marketing budget.
13692.0,122,4,2497.66,3,3,4,334,10,Loyal Customers,1,616.74,0,0.5765074895795496,378.5286716028847,Cross-Sell Drive,Recommend bundle products based on purchase history.
13693.0,283,9,2011.82,2,5,4,254,11,At Risk,0,0.0,1,0.5978717830510913,273.68555621550007,Standard Retention Push,Automated email re-engagement.
13694.0,16,132,177354.83,5,5,5,555,15,Champions,11,19127.98,0,0.9963887582201901,19451.89648219459,VIP Loyalty Program,"Early access to new launches, zero discount needed."
13695.0,7,13,2033.67,5,5,4,554,14,Champions,3,737.06,0,0.8398227731020794,315.247462839213,VIP Loyalty Program,"Early access to new launches, zero discount needed."
13696.0,330,3,2020.4,2,3,4,234,9,At Risk,0,0.0,1,0.3870177207827641,277.2112068202727,Standard Retention Push,Automated email re-engagement.
13698.0,505,2,465.53,1,2,2,122,5,Hibernating / Lost,0,0.0,1,0.14369414068560804,41.965849652426556,Suppress / Low-Cost Ads,Exclude from paid campaigns to save marketing budget.
13699.0,64,2,764.15,4,2,3,423,9,Promising / Potential,0,0.0,1,0.5570480284542316,209.37818871254746,Cross-Sell Drive,Recommend bundle products based on purchase history.
13700.0,1,11,1999.6,5,5,4,554,14,Champions,2,613.86,0,0.8350504300233912,478.43874864250347,VIP Loyalty Program,"Early access to new launches, zero discount needed."
13701.0,355,1,161.0,1,1,1,111,3,Hibernating / Lost,0,0.0,1,0.1811118117807866,44.05770916886572,Suppress / Low-Cost Ads,Exclude from paid campaigns to save marketing budget.
13702.0,354,1,135.18,1,1,1,111,3,Hibernating / Lost,0,0.0,1,0.1818355298027039,47.944400289684616,Suppress / Low-Cost Ads,Exclude from paid campaigns to save marketing budget.
13703.0,227,2,425.56,3,2,2,322,7,Promising / Potential,0,0.0,1,0.32258940002156244,95.38099119739906,Cross-Sell Drive,Recommend bundle products based on purchase history.
13705.0,53,6,1846.15,4,4,4,444,12,Champions,1,189.18,0,0.7345499258958734,417.4642511876946,VIP Loyalty Program,"Early access to new launches, zero discount needed."
13706.0,211,2,631.17,3,2,3,323,8,Promising / Potential,0,0.0,1,0.38715410679563833,142.06839913764884,Cross-Sell Drive,Recommend bundle products based on purchase history.
13707.0,176,5,3365.86,3,4,5,345,12,Loyal Customers,0,0.0,1,0.6223865793671411,436.98703425336527,Cross-Sell Drive,Recommend bundle products based on purchase history.
13708.0,180,1,296.88,3,1,2,312,6,Others / Need Attention,0,0.0,1,0.30446373542623817,91.55916022796411,Suppress / Low-Cost Ads,Exclude from paid campaigns to save marketing budget.
13709.0,10,10,4202.91,5,5,5,555,15,Champions,8,3388.84,0,0.8519964272940248,678.8336577555,VIP Loyalty Program,"Early access to new launches, zero discount needed."
13710.0,332,2,329.04,2,2,2,222,6,About to Sleep,1,180.48,0,0.280111338525317,81.95017889622957,Suppress / Low-Cost Ads,Exclude from paid campaigns to save marketing budget.
13711.0,127,9,1792.26,3,5,4,354,12,Loyal Customers,0,0.0,1,0.7067578760399291,283.8105940301016,Cross-Sell Drive,Recommend bundle products based on purchase history.
13712.0,155,2,766.42,3,2,3,323,8,Promising / Potential,0,0.0,1,0.4534729942230358,166.40449167553237,Cross-Sell Drive,Recommend bundle products based on purchase history.
13713.0,317,3,743.26,2,3,3,233,8,At Risk,0,0.0,1,0.35408335718095163,116.649018086065,Standard Retention Push,Automated email re-engagement.
13714.0,374,1,161.35,1,1,1,111,3,Hibernating / Lost,0,0.0,1,0.16779405592191665,40.817998800763185,Suppress / Low-Cost Ads,Exclude from paid campaigns to save marketing budget.
13715.0,190,17,8483.29,3,5,5,355,13,Loyal Customers,0,0.0,1,0.7376780055774983,734.6836928036855,Cross-Sell Drive,Recommend bundle products based on purchase history.
13716.0,178,1,138.28,3,1,1,311,5,Others / Need Attention,0,0.0,1,0.26481259284217595,69.02783116267551,Suppress / Low-Cost Ads,Exclude from paid campaigns to save marketing budget.
13717.0,37,6,1274.28,4,4,4,444,12,Champions,2,489.02,0,0.7494734801505694,275.96608176088614,VIP Loyalty Program,"Early access to new launches, zero discount needed."
13718.0,155,2,306.55,3,2,2,322,7,Promising / Potential,0,0.0,1,0.40339964430822917,73.56170819474413,Cross-Sell Drive,Recommend bundle products based on purchase history.
13719.0,114,8,2112.31,3,5,4,354,12,Loyal Customers,3,702.94,0,0.7131653460053619,388.4919421390454,Cross-Sell Drive,Recommend bundle products based on purchase history.
13720.0,25,4,799.9,5,3,3,533,11,Loyal Customers,0,0.0,1,0.627557850492711,202.66463800653807,Cross-Sell Drive,Recommend bundle products based on purchase history.
13721.0,304,1,217.4,2,1,1,211,4,About to Sleep,1,524.14,0,0.2206581950157841,49.05309678807569,Suppress / Low-Cost Ads,Exclude from paid campaigns to save marketing budget.
13722.0,40,10,5635.41,4,5,5,455,14,Champions,0,0.0,1,0.8363519808729092,775.2317335068046,VIP Loyalty Program,"Early access to new launches, zero discount needed."
13723.0,126,6,1209.2,3,4,4,344,11,Loyal Customers,0,0.0,1,0.6389516359275843,189.7438258413956,Cross-Sell Drive,Recommend bundle products based on purchase history.
13724.0,546,1,213.01,1,1,1,111,3,Hibernating / Lost,0,0.0,1,0.08026115304776027,20.291873264846604,Suppress / Low-Cost Ads,Exclude from paid campaigns to save marketing budget.
13725.0,78,7,1865.7,4,4,4,444,12,Champions,1,114.86,0,0.7167187702327902,341.3512118780844,VIP Loyalty Program,"Early access to new launches, zero discount needed."
13726.0,9,1,292.68,5,1,2,512,8,New Customers,1,786.98,0,0.5528645275163857,206.40784660361317,Onboarding Sequence,10% discount on 2nd purchase within 30 days.
13727.0,520,6,746.57,1,4,3,143,8,Can't Lose Them,2,333.48,0,0.11904087420908338,30.58490635562694,Executive Outreach,Feedback survey + customized high-value offer.
13728.0,16,15,2636.05,5,5,4,554,14,Champions,1,219.12,0,0.8425452429780466,382.17048860204835,VIP Loyalty Program,"Early access to new launches, zero discount needed."
13729.0,344,3,724.73,2,3,3,233,8,At Risk,0,0.0,1,0.32462515522691204,106.94432493166849,Standard Retention Push,Automated email re-engagement.
13730.0,44,2,752.6,4,2,3,423,9,Promising / Potential,0,0.0,1,0.5809245852093137,218.3526935141243,Cross-Sell Drive,Recommend bundle products based on purchase history.
13731.0,128,2,610.59,3,2,3,323,8,Promising / Potential,0,0.0,1,0.4862116504763827,180.88416822812053,Cross-Sell Drive,Recommend bundle products based on purchase history.
13733.0,319,2,487.03,2,2,2,222,6,About to Sleep,0,0.0,1,0.29304655488736864,114.60380249522365,Suppress / Low-Cost Ads,Exclude from paid campaigns to save marketing budget.
13734.0,417,4,6701.64,1,3,5,135,9,Others / Need Attention,0,0.0,1,0.3141044741153821,389.4646472604628,Suppress / Low-Cost Ads,Exclude from paid campaigns to save marketing budget.
13735.0,84,11,8337.67,4,5,5,455,14,Champions,2,1475.55,0,0.8098284233373669,977.6305349752029,VIP Loyalty Program,"Early access to new launches, zero discount needed."
13736.0,169,6,2391.84,3,4,4,344,11,Loyal Customers,1,374.37,0,0.5893560205660465,361.9570291308725,Cross-Sell Drive,Recommend bundle products based on purchase history.
13737.0,109,1,339.6,3,1,2,312,6,Others / Need Attention,0,0.0,1,0.3821475351836239,176.62351060669658,Suppress / Low-Cost Ads,Exclude from paid campaigns to save marketing budget.
13738.0,305,1,440.93,2,1,2,212,5,About to Sleep,0,0.0,1,0.2569270132591295,109.35197118602927,Suppress / Low-Cost Ads,Exclude from paid campaigns to save marketing budget.
13739.0,436,1,75.3,1,1,1,111,3,Hibernating / Lost,1,216.9,0,0.12974616106112313,26.4820362470377,Suppress / Low-Cost Ads,Exclude from paid campaigns to save marketing budget.
13740.0,149,5,1597.77,3,4,4,344,11,Loyal Customers,0,0.0,1,0.6050721887735209,328.3514819790463,Cross-Sell Drive,Recommend bundle products based on purchase history.
13741.0,92,2,363.13,4,2,2,422,8,Promising / Potential,1,305.3,0,0.4720743643049109,140.50128191928815,Cross-Sell Drive,Recommend bundle products based on purchase history.
13742.0,71,10,2648.72,4,5,4,454,13,Champions,2,482.3,0,0.7817753194870102,408.645831267055,VIP Loyalty Program,"Early access to new launches, zero discount needed."
13743.0,16,5,912.12,5,4,3,543,12,Champions,2,429.48,0,0.7178855828309729,278.24706491780603,VIP Loyalty Program,"Early access to new launches, zero discount needed."
13744.0,4,2,1156.36,5,2,4,524,11,Promising / Potential,0,0.0,1,0.6679153551795884,385.1322669848961,Cross-Sell Drive,Recommend bundle products based on purchase history.
13745.0,71,2,777.36,4,2,3,423,9,Promising / Potential,0,0.0,1,0.5486223530172063,218.6347205772994,Cross-Sell Drive,Recommend bundle products based on purchase history.
13746.0,322,1,176.69,2,1,1,211,4,About to Sleep,0,0.0,1,0.20595697753366593,48.27948693913612,Suppress / Low-Cost Ads,Exclude from paid campaigns to save marketing budget.
13747.0,282,2,249.4,2,2,1,221,5,About to Sleep,0,0.0,1,0.28798657415454554,54.38506563946233,Suppress / Low-Cost Ads,Exclude from paid campaigns to save marketing budget.
13748.0,4,9,2268.35,5,5,4,554,14,Champions,0,0.0,1,0.8238911429799929,417.9467510251705,VIP Loyalty Program,"Early access to new launches, zero discount needed."
13750.0,49,10,3271.55,4,5,5,455,14,Champions,1,330.63,0,0.8303077186797609,495.3539097563175,VIP Loyalty Program,"Early access to new launches, zero discount needed."
13751.0,197,1,296.25,3,1,2,312,6,Others / Need Attention,0,0.0,1,0.2872244112709965,86.3749039146733,Suppress / Low-Cost Ads,Exclude from paid campaigns to save marketing budget.
13752.0,33,7,1590.73,5,4,4,544,13,Champions,0,0.0,1,0.7540156879367964,327.0880764048558,VIP Loyalty Program,"Early access to new launches, zero discount needed."
13753.0,196,4,2094.57,3,3,4,334,10,Loyal Customers,0,0.0,1,0.4870536426554942,315.4394573330312,Cross-Sell Drive,Recommend bundle products based on purchase history.
13754.0,60,3,447.05,4,3,2,432,9,Loyal Customers,0,0.0,1,0.5353790427873779,142.42934699897899,Cross-Sell Drive,Recommend bundle products based on purchase history.
13756.0,2,17,6990.31,5,5,5,555,15,Champions,6,2217.19,0,0.8822498066948972,1088.2291210148524,VIP Loyalty Program,"Early access to new launches, zero discount needed."
13757.0,583,1,195.55,1,1,1,111,3,Hibernating / Lost,0,0.0,1,0.06792861536150474,18.26859742108407,Suppress / Low-Cost Ads,Exclude from paid campaigns to save marketing budget.
13758.0,110,13,8577.95,3,5,5,355,13,Loyal Customers,2,839.03,0,0.7849729804185819,900.3780521431712,Cross-Sell Drive,Recommend bundle products based on purchase history.
13760.0,165,4,1211.94,3,3,4,334,10,Loyal Customers,1,151.7,0,0.5247924112913008,163.08946297374968,Cross-Sell Drive,Recommend bundle products based on purchase history.
13761.0,88,5,1373.23,4,4,4,444,12,Champions,1,578.94,0,0.6932464200774905,298.90358107453284,VIP Loyalty Program,"Early access to new launches, zero discount needed."
13762.0,127,5,2472.48,3,4,4,344,11,Loyal Customers,0,0.0,1,0.6303341788808012,392.46890189863285,Cross-Sell Drive,Recommend bundle products based on purchase history.
13763.0,326,2,3502.48,2,2,5,225,9,About to Sleep,1,1714.96,0,0.4253357499202859,396.72607615541773,Suppress / Low-Cost Ads,Exclude from paid campaigns to save marketing budget.
13764.0,53,5,2377.13,4,4,4,444,12,Champions,1,576.13,0,0.7282231904491888,477.52061797578006,VIP Loyalty Program,"Early access to new launches, zero discount needed."
13765.0,562,1,352.82,1,1,2,112,4,Hibernating / Lost,0,0.0,1,0.09013442462205112,34.27521854751483,Suppress / Low-Cost Ads,Exclude from paid campaigns to save marketing budget.
13766.0,404,1,190.35,1,1,1,111,3,Hibernating / Lost,0,0.0,1,0.14837367112108912,34.84155620104269,Suppress / Low-Cost Ads,Exclude from paid campaigns to save marketing budget.
13767.0,17,64,27996.54,5,5,5,555,15,Champions,9,7543.99,0,0.9691923407404559,4234.226243408275,VIP Loyalty Program,"Early access to new launches, zero discount needed."
13768.0,635,2,875.97,1,2,3,123,6,Hibernating / Lost,0,0.0,1,0.09856934720908406,32.147002423908994,Suppress / Low-Cost Ads,Exclude from paid campaigns to save marketing budget.
13769.0,1,18,5180.53,5,5,5,555,15,Champions,2,619.89,0,0.8860632611364532,899.8911074892104,VIP Loyalty Program,"Early access to new launches, zero discount needed."
13770.0,331,4,785.37,2,3,3,233,8,At Risk,0,0.0,1,0.3458864115270268,103.34345990596293,Standard Retention Push,Automated email re-engagement.
13771.0,108,7,4559.22,3,4,5,345,12,Loyal Customers,2,1169.6,0,0.7099007752565101,559.5453724993939,Cross-Sell Drive,Recommend bundle products based on purchase history.
13772.0,5,7,2668.31,5,4,4,544,13,Champions,1,445.91,0,0.7783952920640194,440.01200303922667,VIP Loyalty Program,"Early access to new launches, zero discount needed."
13773.0,305,2,301.54,2,2,2,222,6,About to Sleep,0,0.0,1,0.30736973022454683,56.74795084190172,Suppress / Low-Cost Ads,Exclude from paid campaigns to save marketing budget.
13775.0,499,1,1049.66,1,1,3,113,5,Hibernating / Lost,0,0.0,1,0.14177674401056617,83.38853973825141,Suppress / Low-Cost Ads,Exclude from paid campaigns to save marketing budget.
13776.0,337,2,623.98,2,2,3,223,7,About to Sleep,0,0.0,1,0.3178735291014332,116.14562112728731,Suppress / Low-Cost Ads,Exclude from paid campaigns to save marketing budget.
13777.0,38,52,42861.5,4,5,5,455,14,Champions,9,13616.92,0,0.9519448256949957,8279.046191523725,VIP Loyalty Program,"Early access to new launches, zero discount needed."
13778.0,12,4,1124.49,5,3,3,533,11,Loyal Customers,0,0.0,1,0.6422192028163045,261.16542763018816,Cross-Sell Drive,Recommend bundle products based on purchase history.
13779.0,424,1,161.13,1,1,1,111,3,Hibernating / Lost,0,0.0,1,0.13648591964173762,33.20190380790379,Suppress / Low-Cost Ads,Exclude from paid campaigns to save marketing budget.
13780.0,79,2,492.09,4,2,2,422,8,Promising / Potential,1,243.73,0,0.4878675893010802,164.97885871279698,Cross-Sell Drive,Recommend bundle products based on purchase history.
13781.0,159,3,778.83,3,3,3,333,9,Loyal Customers,0,0.0,1,0.47293939784098293,165.1950890461147,Cross-Sell Drive,Recommend bundle products based on purchase history.
13782.0,33,10,1369.65,5,5,4,554,14,Champions,3,424.07,0,0.8075220093386276,270.47966699315003,VIP Loyalty Program,"Early access to new launches, zero discount needed."
13783.0,396,4,1542.09,1,3,4,134,8,Others / Need Attention,0,0.0,1,0.2925915062418807,120.15234700865871,Suppress / Low-Cost Ads,Exclude from paid campaigns to save marketing budget.
13784.0,3,12,2571.59,5,5,4,554,14,Champions,2,338.64,0,0.8381029157009748,380.1554913064634,VIP Loyalty Program,"Early access to new launches, zero discount needed."
13785.0,337,4,542.49,2,3,2,232,7,At Risk,0,0.0,1,0.2950289522430778,79.35582934888804,Standard Retention Push,Automated email re-engagement.
13786.0,276,6,3358.94,2,4,5,245,11,At Risk,0,0.0,1,0.5796732895661357,422.443272668834,Standard Retention Push,Automated email re-engagement.
13787.0,273,5,1019.86,2,4,3,243,9,At Risk,1,202.64,0,0.4737085381624031,153.6507102082692,Standard Retention Push,Automated email re-engagement.
13788.0,414,1,3.75,1,1,1,111,3,Hibernating / Lost,0,0.0,1,0.14232895780543509,11425.192395204422,Suppress / Low-Cost Ads,Exclude from paid campaigns to save marketing budget.
13789.0,297,1,239.46,2,1,1,211,4,About to Sleep,0,0.0,1,0.22657456605776638,63.20934834277984,Suppress / Low-Cost Ads,Exclude from paid campaigns to save marketing budget.
13791.0,36,2,1516.0,5,2,4,524,11,Promising / Potential,0,0.0,1,0.632491561381171,408.12676715569523,Cross-Sell Drive,Recommend bundle products based on purchase history.
13792.0,196,2,263.0,3,2,1,321,6,Promising / Potential,1,120.95,0,0.3109525350016916,58.0001844781253,Cross-Sell Drive,Recommend bundle products based on purchase history.
13793.0,555,1,96.0,1,1,1,111,3,Hibernating / Lost,0,0.0,1,0.07708634067936215,15.041855066118071,Suppress / Low-Cost Ads,Exclude from paid campaigns to save marketing budget.
13794.0,455,1,126.03,1,1,1,111,3,Hibernating / Lost,0,0.0,1,0.11965292587357212,27.21339479930953,Suppress / Low-Cost Ads,Exclude from paid campaigns to save marketing budget.
13795.0,297,4,836.3,2,3,3,233,8,At Risk,0,0.0,1,0.3842296661706953,109.92665367984924,Standard Retention Push,Automated email re-engagement.
13796.0,408,1,289.7,1,1,2,112,4,Hibernating / Lost,0,0.0,1,0.17333513891729468,53.54727036338829,Suppress / Low-Cost Ads,Exclude from paid campaigns to save marketing budget.
13797.0,345,3,1179.45,2,3,4,234,9,At Risk,0,0.0,1,0.3698656385966964,169.2825316481954,Standard Retention Push,Automated email re-engagement.
13798.0,2,95,67844.16,5,5,5,555,15,Champions,15,7992.71,0,0.9891531565685604,8598.080335352644,VIP Loyalty Program,"Early access to new launches, zero discount needed."
13799.0,25,9,2803.57,5,5,5,555,15,Champions,0,0.0,1,0.8382617218788372,487.8482812568135,VIP Loyalty Program,"Early access to new launches, zero discount needed."
13800.0,218,3,1679.56,3,3,4,334,10,Loyal Customers,0,0.0,1,0.4523949525354657,286.8577635352121,Cross-Sell Drive,Recommend bundle products based on purchase history.
13802.0,47,19,26259.11,4,5,5,455,14,Champions,0,0.0,1,0.8680568550367815,3815.9065018220494,VIP Loyalty Program,"Early access to new launches, zero discount needed."
13803.0,164,3,1338.91,3,3,4,334,10,Loyal Customers,0,0.0,1,0.5179837821631958,252.29497630749958,Cross-Sell Drive,Recommend bundle products based on purchase history.
13804.0,5,6,2116.14,5,4,4,544,13,Champions,3,1092.38,0,0.7728143290879506,537.6029582402626,VIP Loyalty Program,"Early access to new launches, zero discount needed."
13805.0,38,1,500.24,4,1,2,412,7,New Customers,1,424.36,0,0.5245454140400276,233.39951351396232,Onboarding Sequence,10% discount on 2nd purchase within 30 days.
13807.0,276,3,534.8,2,3,2,232,7,At Risk,0,0.0,1,0.35292293846248235,111.06618325628985,Standard Retention Push,Automated email re-engagement.
13808.0,2,2,723.1,5,2,3,523,10,Promising / Potential,3,1024.56,0,0.6233599890658386,295.4082633535259,Cross-Sell Drive,Recommend bundle products based on purchase history.
13809.0,214,3,679.7,3,3,3,333,9,Loyal Customers,0,0.0,1,0.4070614541795088,134.10209197282165,Cross-Sell Drive,Recommend bundle products based on purchase history.
13811.0,92,3,814.5,4,3,3,433,10,Loyal Customers,0,0.0,1,0.5475139168828806,184.33836162547186,Cross-Sell Drive,Recommend bundle products based on purchase history.
13812.0,14,1,278.74,5,1,2,512,8,New Customers,2,260.26,0,0.5468393861370588,218.9512468254806,Onboarding Sequence,10% discount on 2nd purchase within 30 days.
13813.0,43,5,1783.75,4,4,4,444,12,Champions,3,981.72,0,0.7377662074588263,437.084069910516,VIP Loyalty Program,"Early access to new launches, zero discount needed."
13814.0,1,3,2257.32,5,3,4,534,12,Loyal Customers,0,0.0,1,0.692326043346406,424.23511558291,Cross-Sell Drive,Recommend bundle products based on purchase history.
13815.0,81,6,6426.13,4,4,5,445,13,Champions,2,1049.61,0,0.7475622737395915,762.2554580203405,VIP Loyalty Program,"Early access to new launches, zero discount needed."
13817.0,260,1,128.7,2,1,1,211,4,About to Sleep,1,254.28,0,0.2596879646616512,58.38948721051671,Suppress / Low-Cost Ads,Exclude from paid campaigns to save marketing budget.
13818.0,338,1,61.28,2,1,1,211,4,About to Sleep,0,0.0,1,0.19351058427001688,43.97438767886949,Suppress / Low-Cost Ads,Exclude from paid campaigns to save marketing budget.
13819.0,210,6,2642.35,3,4,4,344,11,Loyal Customers,0,0.0,1,0.5403238184116008,346.56482413007586,Cross-Sell Drive,Recommend bundle products based on purchase history.
13820.0,327,3,660.65,2,3,3,233,8,At Risk,0,0.0,1,0.3430307959490767,113.00786865362939,Standard Retention Push,Automated email re-engagement.
13821.0,53,6,1410.73,4,4,4,444,12,Champions,0,0.0,1,0.7345606413610445,322.1133670501621,VIP Loyalty Program,"Early access to new launches, zero discount needed."
13823.0,0,6,3096.21,5,4,5,545,14,Champions,1,307.24,0,0.8104937912173025,408.4703891552394,VIP Loyalty Program,"Early access to new launches, zero discount needed."
13824.0,44,11,3045.66,4,5,5,455,14,Champions,1,269.1,0,0.8381219834256715,411.0564825136098,VIP Loyalty Program,"Early access to new launches, zero discount needed."
13825.0,530,2,255.59,1,2,1,121,4,Hibernating / Lost,0,0.0,1,0.10799691063506289,20.394766981724374,Suppress / Low-Cost Ads,Exclude from paid campaigns to save marketing budget.
13826.0,85,1,189.5,4,1,1,411,6,New Customers,0,0.0,1,0.4169590677016979,97.09867193707244,Onboarding Sequence,10% discount on 2nd purchase within 30 days.
13827.0,42,2,300.76,4,2,2,422,8,Promising / Potential,1,111.29,0,0.5328613548580929,99.5368836196973,Cross-Sell Drive,Recommend bundle products based on purchase history.
13829.0,330,1,102.0,2,1,1,211,4,About to Sleep,0,0.0,1,0.19966134344585962,40.752180188010314,Suppress / Low-Cost Ads,Exclude from paid campaigns to save marketing budget.
13830.0,490,1,156.85,1,1,1,111,3,Hibernating / Lost,0,0.0,1,0.10283286248365853,25.01537753810721,Suppress / Low-Cost Ads,Exclude from paid campaigns to save marketing budget.
13831.0,47,16,6275.98,4,5,5,455,14,Champions,2,747.6,0,0.8569266557358063,789.6630450720378,VIP Loyalty Program,"Early access to new launches, zero discount needed."
13832.0,331,1,561.49,2,1,2,212,5,About to Sleep,1,52.2,0,0.23350772390041763,76.74456513123648,Suppress / Low-Cost Ads,Exclude from paid campaigns to save marketing budget.
13833.0,68,2,701.36,4,2,3,423,9,Promising / Potential,0,0.0,1,0.5522392542558896,207.57071003899318,Cross-Sell Drive,Recommend bundle products based on purchase history.
13834.0,485,2,324.19,1,2,2,122,5,Hibernating / Lost,0,0.0,1,0.15609906349150005,43.922921573979586,Suppress / Low-Cost Ads,Exclude from paid campaigns to save marketing budget.
13835.0,64,5,798.04,4,4,3,443,11,Champions,2,297.23,0,0.6742647229061592,195.5724604209382,VIP Loyalty Program,"Early access to new launches, zero discount needed."
13836.0,308,2,620.37,2,2,3,223,7,About to Sleep,0,0.0,1,0.34924438979321626,127.6080040147346,Suppress / Low-Cost Ads,Exclude from paid campaigns to save marketing budget.
13837.0,120,2,271.24,3,2,2,322,7,Promising / Potential,0,0.0,1,0.44499775439532496,83.73130906106255,Cross-Sell Drive,Recommend bundle products based on purchase history.
13838.0,26,9,1753.95,5,5,4,554,14,Champions,1,212.14,0,0.8078165641238586,337.8761360342349,VIP Loyalty Program,"Early access to new launches, zero discount needed."
13839.0,395,1,139.95,1,1,1,111,3,Hibernating / Lost,0,0.0,1,0.15399732691739554,37.46177223560367,Suppress / Low-Cost Ads,Exclude from paid campaigns to save marketing budget.
13840.0,325,1,651.4,2,1,3,213,6,About to Sleep,0,0.0,1,0.2779451111007667,142.12790272556146,Suppress / Low-Cost Ads,Exclude from paid campaigns to save marketing budget.
13841.0,161,1,85.0,3,1,1,311,5,Others / Need Attention,0,0.0,1,0.28123888392176977,56.74833966823797,Suppress / Low-Cost Ads,Exclude from paid campaigns to save marketing budget.
13842.0,64,16,4409.56,4,5,5,455,14,Champions,2,1220.35,0,0.8465063874576703,635.432088178944,VIP Loyalty Program,"Early access to new launches, zero discount needed."
13843.0,290,1,319.75,2,1,2,212,5,About to Sleep,0,0.0,1,0.2711189161563142,121.9418789987263,Suppress / Low-Cost Ads,Exclude from paid campaigns to save marketing budget.
13846.0,151,3,1106.66,3,3,3,333,9,Loyal Customers,1,201.13,0,0.48264740613373946,185.23783831570924,Cross-Sell Drive,Recommend bundle products based on purchase history.
13847.0,628,1,310.72,1,1,2,112,4,Hibernating / Lost,0,0.0,1,0.06702339524239354,20.76807908742383,Suppress / Low-Cost Ads,Exclude from paid campaigns to save marketing budget.
13848.0,1,8,3335.0,5,5,5,555,15,Champions,0,0.0,1,0.8494124518035006,584.0155502791915,VIP Loyalty Program,"Early access to new launches, zero discount needed."
13849.0,79,4,2524.93,4,3,4,434,11,Loyal Customers,1,944.37,0,0.6202427111794548,446.0514605965643,Cross-Sell Drive,Recommend bundle products based on purchase history.
13850.0,38,1,1595.48,4,1,4,414,9,New Customers,0,0.0,1,0.6242394516391351,651.7613449630987,Onboarding Sequence,10% discount on 2nd purchase within 30 days.
13851.0,4,8,4606.46,5,5,5,555,15,Champions,0,0.0,1,0.847513797076775,655.7582669535677,VIP Loyalty Program,"Early access to new launches, zero discount needed."
13852.0,519,1,187.35,1,1,1,111,3,Hibernating / Lost,0,0.0,1,0.09051689963564558,22.00535694355513,Suppress / Low-Cost Ads,Exclude from paid campaigns to save marketing budget.
13854.0,1,34,10613.6,5,5,5,555,15,Champions,5,1640.36,0,0.928552466892179,1899.3788669809471,VIP Loyalty Program,"Early access to new launches, zero discount needed."
13855.0,409,4,1310.34,1,3,4,134,8,Others / Need Attention,0,0.0,1,0.2796703053994295,107.13306454785639,Suppress / Low-Cost Ads,Exclude from paid campaigns to save marketing budget.
13856.0,77,11,1142.03,4,5,3,453,12,Champions,0,0.0,1,0.7454378646809642,185.8021517878955,VIP Loyalty Program,"Early access to new launches, zero discount needed."
13857.0,302,6,1001.01,2,4,3,243,9,At Risk,0,0.0,1,0.4466237606715818,144.20539574059796,Standard Retention Push,Automated email re-engagement.
13859.0,235,2,515.86,3,2,2,322,7,Promising / Potential,0,0.0,1,0.3141345506725617,103.70835140679796,Cross-Sell Drive,Recommend bundle products based on purchase history.
13861.0,338,2,273.26,2,2,2,222,6,About to Sleep,0,0.0,1,0.274259871895672,52.7578467414074,Suppress / Low-Cost Ads,Exclude from paid campaigns to save marketing budget.
13862.0,17,7,2128.03,5,4,4,544,13,Champions,2,428.06,0,0.7681653101803319,430.160820626947,VIP Loyalty Program,"Early access to new launches, zero discount needed."
13863.0,156,4,1239.55,3,3,4,334,10,Loyal Customers,0,0.0,1,0.5357060848917242,166.481099606193,Cross-Sell Drive,Recommend bundle products based on purchase history.
13864.0,295,1,662.4,2,1,3,213,6,About to Sleep,0,0.0,1,0.30818652539671587,157.59192284203624,Suppress / Low-Cost Ads,Exclude from paid campaigns to save marketing budget.
13865.0,45,3,383.34,4,3,2,432,9,Loyal Customers,1,118.22,0,0.5534932310589367,147.24834774563186,Cross-Sell Drive,Recommend bundle products based on purchase history.
13867.0,127,1,138.85,3,1,1,311,5,Others / Need Attention,2,876.44,0,0.3158763134513112,87.48687931304717,Suppress / Low-Cost Ads,Exclude from paid campaigns to save marketing budget.
13869.0,32,10,8111.57,5,5,5,555,15,Champions,0,0.0,1,0.8379069177981266,960.1051945563564,VIP Loyalty Program,"Early access to new launches, zero discount needed."
13870.0,10,12,5120.61,5,5,5,555,15,Champions,3,591.47,0,0.8599055387745633,835.5263414811423,VIP Loyalty Program,"Early access to new launches, zero discount needed."
13871.0,1,13,6095.24,5,5,5,555,15,Champions,4,1790.61,0,0.8687943719035994,895.9800080010333,VIP Loyalty Program,"Early access to new launches, zero discount needed."
13872.0,436,3,919.57,1,3,3,133,7,Others / Need Attention,0,0.0,1,0.21175537771121267,73.15285434856274,Suppress / Low-Cost Ads,Exclude from paid campaigns to save marketing budget.
13873.0,28,8,1038.92,5,5,3,553,13,Champions,0,0.0,1,0.7666282928258535,258.380699783895,VIP Loyalty Program,"Early access to new launches, zero discount needed."
13874.0,267,7,2049.15,2,4,4,244,10,At Risk,0,0.0,1,0.5480576844382238,264.94563776009204,Standard Retention Push,Automated email re-engagement.
13875.0,42,13,4452.38,4,5,5,455,14,Champions,1,361.99,0,0.8478912193213062,630.9438328137203,VIP Loyalty Program,"Early access to new launches, zero discount needed."
13877.0,379,2,332.44,1,2,2,122,5,Hibernating / Lost,1,117.24,0,0.23659490969864694,54.25786583683611,Suppress / Low-Cost Ads,Exclude from paid campaigns to save marketing budget.
13878.0,456,3,1191.53,1,3,4,134,8,Others / Need Attention,1,1281.53,0,0.23022170036555267,101.76394852101639,Suppress / Low-Cost Ads,Exclude from paid campaigns to save marketing budget.
13879.0,554,1,395.5,1,1,2,112,4,Hibernating / Lost,0,0.0,1,0.09337978910925437,35.509326132177016,Suppress / Low-Cost Ads,Exclude from paid campaigns to save marketing budget.
13880.0,54,12,2852.65,4,5,5,455,14,Champions,5,1539.01,0,0.8358671423870768,413.54472178729065,VIP Loyalty Program,"Early access to new launches, zero discount needed."
13881.0,4,34,37418.26,5,5,5,555,15,Champions,9,7760.84,0,0.927349728729421,5719.928597051939,VIP Loyalty Program,"Early access to new launches, zero discount needed."
13883.0,127,14,5628.32,3,5,5,355,13,Loyal Customers,1,931.7,0,0.776367852692908,724.1156538903233,Cross-Sell Drive,Recommend bundle products based on purchase history.
13884.0,186,8,1297.13,3,5,4,354,12,Loyal Customers,2,591.35,0,0.6365329908697189,221.5368817625326,Cross-Sell Drive,Recommend bundle products based on purchase history.
13885.0,98,2,506.8,4,2,2,422,8,Promising / Potential,0,0.0,1,0.4647957009048568,154.4604358650185,Cross-Sell Drive,Recommend bundle products based on purchase history.
13887.0,113,1,349.55,3,1,2,312,6,Others / Need Attention,0,0.0,1,0.37755949293320135,174.50297847061438,Suppress / Low-Cost Ads,Exclude from paid campaigns to save marketing budget.
13888.0,28,7,2169.05,5,4,4,544,13,Champions,0,0.0,1,0.7584896898065501,397.60543513805675,VIP Loyalty Program,"Early access to new launches, zero discount needed."
13889.0,1,6,1991.23,5,4,4,544,13,Champions,0,0.0,1,0.7762182822076611,563.5150941509181,VIP Loyalty Program,"Early access to new launches, zero discount needed."
13890.0,16,6,1544.68,5,4,4,544,13,Champions,8,1382.7,0,0.7632869092589984,358.2463579863813,VIP Loyalty Program,"Early access to new launches, zero discount needed."
13891.0,287,3,863.56,2,3,3,233,8,At Risk,0,0.0,1,0.3881523106799899,132.67847031846586,Standard Retention Push,Automated email re-engagement.
13892.0,155,3,689.2,3,3,3,333,9,Loyal Customers,3,578.45,0,0.4777992891730062,157.4059237575748,Cross-Sell Drive,Recommend bundle products based on purchase history.
13893.0,206,1,821.1,3,1,3,313,7,Others / Need Attention,0,0.0,1,0.32124425216415187,164.59983287188209,Suppress / Low-Cost Ads,Exclude from paid campaigns to save marketing budget.
13894.0,219,1,160.85,3,1,1,311,5,Others / Need Attention,2,403.77,0,0.22780769289476266,54.78584786607871,Suppress / Low-Cost Ads,Exclude from paid campaigns to save marketing budget.
13895.0,52,4,2352.75,4,3,4,434,11,Loyal Customers,2,1655.77,0,0.6506871952459363,434.1778852071485,Cross-Sell Drive,Recommend bundle products based on purchase history.
13896.0,534,1,388.55,1,1,2,112,4,Hibernating / Lost,0,0.0,1,0.1019567669553233,38.77087455148411,Suppress / Low-Cost Ads,Exclude from paid campaigns to save marketing budget.
13897.0,347,2,849.56,2,2,3,223,7,About to Sleep,1,311.16,0,0.30740502527163116,115.1081505436958,Suppress / Low-Cost Ads,Exclude from paid campaigns to save marketing budget.
13898.0,234,2,686.4,3,2,3,323,8,Promising / Potential,0,0.0,1,0.3609408529361474,132.44929670107712,Cross-Sell Drive,Recommend bundle products based on purchase history.
13899.0,183,1,298.5,3,1,2,312,6,Others / Need Attention,1,90.02,0,0.30137934512698383,90.63161401225587,Suppress / Low-Cost Ads,Exclude from paid campaigns to save marketing budget.
13900.0,92,6,1610.59,4,4,4,444,12,Champions,0,0.0,1,0.6959261350369071,383.6258620488046,VIP Loyalty Program,"Early access to new launches, zero discount needed."
13901.0,16,14,5461.42,5,5,5,555,15,Champions,1,214.92,0,0.8640712758217084,759.7731959405315,VIP Loyalty Program,"Early access to new launches, zero discount needed."
13902.0,541,5,34095.26,1,4,5,145,10,Can't Lose Them,0,0.0,1,0.1505007486267249,415.21401761110474,Executive Outreach,Feedback survey + customized high-value offer.
13903.0,309,1,165.45,2,1,1,211,4,About to Sleep,0,0.0,1,0.2165012895538423,52.66664143028287,Suppress / Low-Cost Ads,Exclude from paid campaigns to save marketing budget.
13904.0,203,1,201.12,3,1,1,311,5,Others / Need Attention,1,131.52,0,0.24180039736359638,60.436512625647104,Suppress / Low-Cost Ads,Exclude from paid campaigns to save marketing budget.
13905.0,641,1,312.65,1,1,2,112,4,Hibernating / Lost,0,0.0,1,0.0631722304934067,27.130235361044,Suppress / Low-Cost Ads,Exclude from paid campaigns to save marketing budget.
13906.0,318,1,42.0,2,1,1,211,4,About to Sleep,0,0.0,1,0.2091630625004296,28.25280092790989,Suppress / Low-Cost Ads,Exclude from paid campaigns to save marketing budget.
13907.0,600,1,136.8,1,1,1,111,3,Hibernating / Lost,0,0.0,1,0.06287215587824535,17.140541126337457,Suppress / Low-Cost Ads,Exclude from paid campaigns to save marketing budget.
13908.0,35,3,1461.61,5,3,4,534,12,Loyal Customers,1,907.94,0,0.656012240627129,397.27112824891617,Cross-Sell Drive,Recommend bundle products based on purchase history.
13909.0,332,2,286.6,2,2,2,222,6,About to Sleep,0,0.0,1,0.28011241865522696,53.883668622870886,Suppress / Low-Cost Ads,Exclude from paid campaigns to save marketing budget.
13911.0,53,19,4091.71,4,5,5,455,14,Champions,1,143.28,0,0.8650018269041517,634.6863004555429,VIP Loyalty Program,"Early access to new launches, zero discount needed."
13912.0,332,1,124.95,2,1,1,211,4,About to Sleep,0,0.0,1,0.19810935729479706,45.05721957185796,Suppress / Low-Cost Ads,Exclude from paid campaigns to save marketing budget.
13913.0,415,1,42.22,1,1,1,111,3,Hibernating / Lost,0,0.0,1,0.1417350450809728,18.738320597045345,Suppress / Low-Cost Ads,Exclude from paid campaigns to save marketing budget.
13915.0,303,1,70.8,2,1,1,211,4,About to Sleep,0,0.0,1,0.22149982418316327,45.2095562963721,Suppress / Low-Cost Ads,Exclude from paid campaigns to save marketing budget.
13916.0,372,4,1275.81,1,3,4,134,8,Others / Need Attention,0,0.0,1,0.31735736142400395,121.56981284665399,Suppress / Low-Cost Ads,Exclude from paid campaigns to save marketing budget.
13917.0,100,1,65.38,4,1,1,411,6,New Customers,1,206.66,0,0.3993228099005416,72.97212397283863,Onboarding Sequence,10% discount on 2nd purchase within 30 days.
13918.0,162,1,198.2,3,1,1,311,5,Others / Need Attention,1,1014.64,0,0.28025282943059715,72.06441568068882,Suppress / Low-Cost Ads,Exclude from paid campaigns to save marketing budget.
13919.0,30,3,1189.02,5,3,4,534,12,Loyal Customers,1,171.66,0,0.6614925006169862,306.74559673860756,Cross-Sell Drive,Recommend bundle products based on purchase history.
13920.0,340,4,1774.68,2,3,4,234,9,At Risk,0,0.0,1,0.38310587938939356,233.10524675402075,Standard Retention Push,Automated email re-engagement.
13921.0,311,4,730.7,2,3,3,233,8,At Risk,0,0.0,1,0.3682375502384918,103.76451742004176,Standard Retention Push,Automated email re-engagement.
13922.0,260,3,865.2,2,3,3,233,8,At Risk,0,0.0,1,0.41979260683605124,143.49377652405087,Standard Retention Push,Automated email re-engagement.
13925.0,1,4,678.25,5,3,3,533,11,Loyal Customers,0,0.0,1,0.6544422728340125,220.8616031271285,Cross-Sell Drive,Recommend bundle products based on purchase history.
13927.0,346,1,359.27,2,1,2,212,5,About to Sleep,1,348.99,0,0.22069552183091234,95.39324073852745,Suppress / Low-Cost Ads,Exclude from paid campaigns to save marketing budget.
13928.0,15,2,225.45,5,2,1,521,8,Promising / Potential,2,239.12,0,0.5077847716270647,124.73505206588287,Cross-Sell Drive,Recommend bundle products based on purchase history.
13929.0,78,11,3494.1,4,5,5,455,14,Champions,0,0.0,1,0.8143792523719959,463.5031720534673,VIP Loyalty Program,"Early access to new launches, zero discount needed."
13930.0,45,1,210.0,4,1,1,411,6,New Customers,1,127.34,0,0.46492894627213366,116.56914069239195,Onboarding Sequence,10% discount on 2nd purchase within 30 days.
13931.0,4,11,5257.38,5,5,5,555,15,Champions,0,0.0,1,0.8595508088516526,835.9591074636239,VIP Loyalty Program,"Early access to new launches, zero discount needed."
13932.0,203,1,307.4,3,1,2,312,6,Others / Need Attention,0,0.0,1,0.28128070516796766,84.58749649594316,Suppress / Low-Cost Ads,Exclude from paid campaigns to save marketing budget.
13933.0,18,2,608.79,5,2,3,523,10,Promising / Potential,0,0.0,1,0.604905189619868,289.836662310962,Cross-Sell Drive,Recommend bundle products based on purchase history.
13934.0,172,1,922.1,3,1,3,313,7,Others / Need Attention,0,0.0,1,0.35835089628631656,199.363438499248,Suppress / Low-Cost Ads,Exclude from paid campaigns to save marketing budget.
13935.0,505,3,6116.92,1,3,5,135,9,Others / Need Attention,0,0.0,1,0.22416996036385983,228.24003054499357,Suppress / Low-Cost Ads,Exclude from paid campaigns to save marketing budget.
13936.0,88,3,939.66,4,3,3,433,10,Loyal Customers,0,0.0,1,0.5523303543108147,192.49624674171636,Cross-Sell Drive,Recommend bundle products based on purchase history.
13937.0,78,2,880.13,4,2,3,423,9,Promising / Potential,0,0.0,1,0.5401658993458092,215.31453363568255,Cross-Sell Drive,Recommend bundle products based on purchase history.
13939.0,17,6,1382.62,5,4,4,544,13,Champions,1,178.34,0,0.7624097696926457,357.83467523474513,VIP Loyalty Program,"Early access to new launches, zero discount needed."
13940.0,25,2,391.06,5,2,2,522,9,Promising / Potential,2,448.08,0,0.5466541961213975,165.56035714311386,Cross-Sell Drive,Recommend bundle products based on purchase history.
13941.0,80,13,8840.6,4,5,5,455,14,Champions,2,2281.7,0,0.822383990056229,915.8571208113274,VIP Loyalty Program,"Early access to new launches, zero discount needed."
13942.0,443,1,320.0,1,1,2,112,4,Hibernating / Lost,0,0.0,1,0.1502567694999648,72.27149322669625,Suppress / Low-Cost Ads,Exclude from paid campaigns to save marketing budget.
13943.0,486,1,246.54,1,1,1,111,3,Hibernating / Lost,0,0.0,1,0.104642544892812,31.736383007119265,Suppress / Low-Cost Ads,Exclude from paid campaigns to save marketing budget.
13944.0,562,1,200.43,1,1,1,111,3,Hibernating / Lost,0,0.0,1,0.07469534715372161,18.884708982627007,Suppress / Low-Cost Ads,Exclude from paid campaigns to save marketing budget.
13945.0,303,2,854.15,2,2,3,223,7,About to Sleep,0,0.0,1,0.35479060982343635,134.50505856752147,Suppress / Low-Cost Ads,Exclude from paid campaigns to save marketing budget.
13946.0,110,5,1800.63,3,4,4,344,11,Loyal Customers,1,75.6,0,0.6494237532129632,266.1327835199389,Cross-Sell Drive,Recommend bundle products based on purchase history.
13948.0,269,4,548.76,2,3,2,232,7,At Risk,0,0.0,1,0.36818823546878854,99.033950939352,Standard Retention Push,Automated email re-engagement.
13949.0,3,1,537.9,5,1,2,512,8,New Customers,5,1889.42,0,0.560066998248192,352.92710447086085,Onboarding Sequence,10% discount on 2nd purchase within 30 days.
13950.0,155,1,179.31,3,1,1,311,5,Others / Need Attention,3,565.75,0,0.2871793346680843,69.02029069347353,Suppress / Low-Cost Ads,Exclude from paid campaigns to save marketing budget.
13951.0,85,3,674.45,4,3,3,433,10,Loyal Customers,0,0.0,1,0.5559474880191441,187.60210805555715,Cross-Sell Drive,Recommend bundle products based on purchase history.
13952.0,126,14,12823.52,3,5,5,355,13,Loyal Customers,0,0.0,1,0.7770547765327324,1279.4713950743935,Cross-Sell Drive,Recommend bundle products based on purchase history.
13953.0,24,10,5729.36,5,5,5,555,15,Champions,2,911.32,0,0.8431676386077172,781.5493058705714,VIP Loyalty Program,"Early access to new launches, zero discount needed."
13955.0,63,3,545.17,4,3,2,432,9,Loyal Customers,0,0.0,1,0.5317407351785551,168.92806048755617,Cross-Sell Drive,Recommend bundle products based on purchase history.
13956.0,47,3,680.27,4,3,3,433,10,Loyal Customers,2,346.15,0,0.6010277880947371,202.81426299503073,Cross-Sell Drive,Recommend bundle products based on purchase history.
13957.0,326,3,458.25,2,3,2,232,7,At Risk,0,0.0,1,0.2995058197497624,74.89214819195969,Standard Retention Push,Automated email re-engagement.
13958.0,288,8,4709.23,2,5,5,255,12,At Risk,0,0.0,1,0.6328614594118883,495.4733246186931,Standard Retention Push,Automated email re-engagement.
13959.0,190,5,815.42,3,4,3,343,10,Loyal Customers,1,260.76,0,0.5055967341547356,135.67333899497442,Cross-Sell Drive,Recommend bundle products based on purchase history.
13961.0,301,1,538.4,2,1,2,212,5,About to Sleep,0,0.0,1,0.2606604223904,114.78459006399271,Suppress / Low-Cost Ads,Exclude from paid campaigns to save marketing budget.
13962.0,154,2,310.85,3,2,2,322,7,Promising / Potential,1,51.95,0,0.40457185869179046,70.73261343023835,Cross-Sell Drive,Recommend bundle products based on purchase history.
13963.0,217,17,3011.87,3,5,5,355,13,Loyal Customers,0,0.0,1,0.7115993330178131,287.1482346605631,Cross-Sell Drive,Recommend bundle products based on purchase history.
13964.0,296,2,438.9,2,2,2,222,6,About to Sleep,0,0.0,1,0.3167729422823715,93.25957958446097,Suppress / Low-Cost Ads,Exclude from paid campaigns to save marketing budget.
13965.0,385,3,996.61,1,3,3,133,7,Others / Need Attention,0,0.0,1,0.25615092431577025,103.86986435239822,Suppress / Low-Cost Ads,Exclude from paid campaigns to save marketing budget.
13966.0,344,1,390.86,2,1,2,212,5,About to Sleep,0,0.0,1,0.22237418951750398,96.11882660188589,Suppress / Low-Cost Ads,Exclude from paid campaigns to save marketing budget.
13967.0,54,2,166.3,4,2,1,421,7,Promising / Potential,0,0.0,1,0.4671711191594047,73.3878026757922,Cross-Sell Drive,Recommend bundle products based on purchase history.
13968.0,332,1,123.66,2,1,1,211,4,About to Sleep,0,0.0,1,0.19810938315988447,45.05722545451256,Suppress / Low-Cost Ads,Exclude from paid campaigns to save marketing budget.
13969.0,16,28,8223.28,5,5,5,555,15,Champions,7,5142.59,0,0.9088028668346466,974.22344144408,VIP Loyalty Program,"Early access to new launches, zero discount needed."
13970.0,295,2,846.55,2,2,3,223,7,About to Sleep,0,0.0,1,0.36375693973089784,134.94157925506516,Suppress / Low-Cost Ads,Exclude from paid campaigns to save marketing budget.
13971.0,15,12,3895.21,5,5,5,555,15,Champions,2,772.36,0,0.8569659738930214,568.897116300762,VIP Loyalty Program,"Early access to new launches, zero discount needed."
13972.0,110,1,145.9,3,1,1,311,5,Others / Need Attention,1,44.35,0,0.33402925022822416,76.07889469478074,Suppress / Low-Cost Ads,Exclude from paid campaigns to save marketing budget.
13973.0,196,1,264.7,3,1,1,311,5,Others / Need Attention,0,0.0,1,0.24810219983315185,73.24779326447222,Suppress / Low-Cost Ads,Exclude from paid campaigns to save marketing budget.
13974.0,491,1,264.13,1,1,1,111,3,Hibernating / Lost,1,413.59,0,0.10238328749279901,31.05118695964235,Suppress / Low-Cost Ads,Exclude from paid campaigns to save marketing budget.
13975.0,37,10,4330.27,4,5,5,455,14,Champions,2,1028.57,0,0.8383636850054719,627.5205685054985,VIP Loyalty Program,"Early access to new launches, zero discount needed."
13976.0,115,4,1192.36,3,3,4,334,10,Loyal Customers,0,0.0,1,0.5848461669832505,205.9908457135721,Cross-Sell Drive,Recommend bundle products based on purchase history.
13977.0,320,1,519.81,2,1,2,212,5,About to Sleep,0,0.0,1,0.24323107465994231,106.25843235294717,Suppress / Low-Cost Ads,Exclude from paid campaigns to save marketing budget.
13979.0,302,6,2546.36,2,4,4,244,10,At Risk,1,869.87,0,0.4975533018986307,330.7201823384544,Standard Retention Push,Automated email re-engagement.
13980.0,348,4,599.78,2,3,3,233,8,At Risk,1,200.14,0,0.3274108476142692,92.26008748640164,Standard Retention Push,Automated email re-engagement.
13981.0,324,1,331.14,2,1,2,212,5,About to Sleep,0,0.0,1,0.2396684780857441,106.34730872787358,Suppress / Low-Cost Ads,Exclude from paid campaigns to save marketing budget.
13982.0,72,8,3803.92,4,5,5,455,14,Champions,1,641.67,0,0.8039995433244111,520.6798982861267,VIP Loyalty Program,"Early access to new launches, zero discount needed."
13983.0,96,17,6186.08,4,5,5,455,14,Champions,4,922.37,0,0.8297090662927417,753.9058692448114,VIP Loyalty Program,"Early access to new launches, zero discount needed."
13984.0,35,11,1947.42,5,5,4,554,14,Champions,1,101.18,0,0.8109684921841782,256.77075384855107,VIP Loyalty Program,"Early access to new launches, zero discount needed."
13985.0,16,14,5733.77,5,5,5,555,15,Champions,8,4287.09,0,0.8640672384595612,759.7696459098482,VIP Loyalty Program,"Early access to new launches, zero discount needed."
13987.0,288,2,682.54,2,2,3,223,7,About to Sleep,0,0.0,1,0.37168577456981755,135.80770715202567,Suppress / Low-Cost Ads,Exclude from paid campaigns to save marketing budget.
13988.0,71,5,2533.34,4,4,4,444,12,Champions,3,2224.46,0,0.7105313471209853,514.0566304378638,VIP Loyalty Program,"Early access to new launches, zero discount needed."
13989.0,148,4,1656.65,3,3,4,334,10,Loyal Customers,1,369.41,0,0.545366543578105,306.00132111334915,Cross-Sell Drive,Recommend bundle products based on purchase history.
13990.0,122,1,311.3,3,1,2,312,6,Others / Need Attention,0,0.0,1,0.36731906429234396,192.5073839737865,Suppress / Low-Cost Ads,Exclude from paid campaigns to save marketing budget.
13991.0,52,1,126.35,4,1,1,411,6,New Customers,5,729.62,0,0.4564638104585609,104.47237699811411,Onboarding Sequence,10% discount on 2nd purchase within 30 days.
13992.0,289,2,142.7,2,2,1,221,5,About to Sleep,1,76.8,0,0.2810514784306557,42.701809783392996,Suppress / Low-Cost Ads,Exclude from paid campaigns to save marketing budget.
13993.0,9,16,5556.76,5,5,5,555,15,Champions,3,1218.95,0,0.8752142631014034,863.5354492507946,VIP Loyalty Program,"Early access to new launches, zero discount needed."
13994.0,14,2,419.56,5,2,2,522,9,Promising / Potential,4,1893.58,0,0.5598900368718374,221.12011280799612,Cross-Sell Drive,Recommend bundle products based on purchase history.
13995.0,24,12,3380.22,5,5,5,555,15,Champions,2,521.79,0,0.8515184360069341,480.4299904173653,VIP Loyalty Program,"Early access to new launches, zero discount needed."
13996.0,295,2,895.76,2,2,3,223,7,About to Sleep,0,0.0,1,0.363755502285268,140.95072697293503,Suppress / Low-Cost Ads,Exclude from paid campaigns to save marketing budget.
13997.0,428,3,382.31,1,3,2,132,6,Others / Need Attention,0,0.0,1,0.1854142325763254,44.84930934784828,Suppress / Low-Cost Ads,Exclude from paid campaigns to save marketing budget.
13998.0,355,3,566.7,1,3,3,133,7,Others / Need Attention,0,0.0,1,0.2849682133625079,95.51455906883439,Suppress / Low-Cost Ads,Exclude from paid campaigns to save marketing budget.
13999.0,4,26,8469.42,5,5,5,555,15,Champions,3,1032.84,0,0.9083143992264916,1096.649857543412,VIP Loyalty Program,"Early access to new launches, zero discount needed."
14000.0,120,5,2046.34,3,4,4,344,11,Loyal Customers,0,0.0,1,0.6382523718145903,388.20753652743804,Cross-Sell Drive,Recommend bundle products based on purchase history.
14001.0,141,8,3796.15,3,5,5,355,13,Loyal Customers,1,733.94,0,0.7278741763934702,480.0432875355627,Cross-Sell Drive,Recommend bundle products based on purchase history.
14002.0,43,2,529.73,4,2,2,422,8,Promising / Potential,0,0.0,1,0.5316419942709183,190.89390653105085,Cross-Sell Drive,Recommend bundle products based on purchase history.
14003.0,641,1,209.41,1,1,1,111,3,Hibernating / Lost,0,0.0,1,0.052086800313935755,13.616132544332352,Suppress / Low-Cost Ads,Exclude from paid campaigns to save marketing budget.
14004.0,7,9,4879.07,5,5,5,555,15,Champions,2,1379.38,0,0.8497612313614384,825.1433661745839,VIP Loyalty Program,"Early access to new launches, zero discount needed."
14005.0,42,3,696.56,4,3,3,433,10,Loyal Customers,2,2178.16,0,0.6068503672296827,204.77906748390086,Cross-Sell Drive,Recommend bundle products based on purchase history.
14006.0,24,7,2196.67,5,4,4,544,13,Champions,0,0.0,1,0.762038693722387,399.4658470397965,VIP Loyalty Program,"Early access to new launches, zero discount needed."
14007.0,421,1,79.48,1,1,1,111,3,Hibernating / Lost,0,0.0,1,0.1382178237229723,28.211157755134394,Suppress / Low-Cost Ads,Exclude from paid campaigns to save marketing budget.
14008.0,341,1,509.04,2,1,2,212,5,About to Sleep,0,0.0,1,0.2249076888301642,99.38189543089607,Suppress / Low-Cost Ads,Exclude from paid campaigns to save marketing budget.
14009.0,107,3,1099.91,3,3,3,333,9,Loyal Customers,0,0.0,1,0.536135700493227,216.00652442033885,Cross-Sell Drive,Recommend bundle products based on purchase history.
14010.0,474,2,445.15,1,2,2,122,5,Hibernating / Lost,0,0.0,1,0.1632829483594237,47.68675764343681,Suppress / Low-Cost Ads,Exclude from paid campaigns to save marketing budget.
14011.0,389,2,457.82,1,2,2,122,5,Hibernating / Lost,0,0.0,1,0.22791103334577378,66.56137900879536,Suppress / Low-Cost Ads,Exclude from paid campaigns to save marketing budget.
14012.0,186,1,328.8,3,1,2,312,6,Others / Need Attention,0,0.0,1,0.29831204219366014,134.17260392140676,Suppress / Low-Cost Ads,Exclude from paid campaigns to save marketing budget.
14013.0,19,5,1084.57,5,4,3,543,12,Champions,0,0.0,1,0.7149135054093378,289.873051764563,VIP Loyalty Program,"Early access to new launches, zero discount needed."
14014.0,285,2,1443.03,2,2,4,224,8,About to Sleep,1,505.18,0,0.42415219807098214,257.5388510730796,Suppress / Low-Cost Ads,Exclude from paid campaigns to save marketing budget.
14016.0,70,11,11403.41,4,5,5,455,14,Champions,0,0.0,1,0.8200481442198316,1579.411699895994,VIP Loyalty Program,"Early access to new launches, zero discount needed."
14017.0,480,1,229.75,1,1,1,111,3,Hibernating / Lost,0,0.0,1,0.10741162057572218,26.967180042232584,Suppress / Low-Cost Ads,Exclude from paid campaigns to save marketing budget.
14018.0,554,1,367.15,1,1,2,112,4,Hibernating / Lost,0,0.0,1,0.09338009203491515,35.50944132504889,Suppress / Low-Cost Ads,Exclude from paid campaigns to save marketing budget.
14019.0,7,2,800.53,5,2,3,523,10,Promising / Potential,1,621.08,0,0.6176250619807724,295.2960594689649,Cross-Sell Drive,Recommend bundle products based on purchase history.
14020.0,385,2,606.21,1,2,3,123,6,Hibernating / Lost,2,642.8,0,0.26973692625903556,97.76935964328763,Suppress / Low-Cost Ads,Exclude from paid campaigns to save marketing budget.
14021.0,64,7,1716.58,4,4,4,444,12,Champions,0,0.0,1,0.7303555324538586,316.8244242446071,VIP Loyalty Program,"Early access to new launches, zero discount needed."
14022.0,134,2,792.15,3,2,3,323,8,Promising / Potential,0,0.0,1,0.47891155671293506,188.90263941986382,Cross-Sell Drive,Recommend bundle products based on purchase history.
14023.0,159,1,273.14,3,1,2,312,6,Others / Need Attention,1,310.93,0,0.32653898524544456,98.19768922203122,Suppress / Low-Cost Ads,Exclude from paid campaigns to save marketing budget.
14024.0,30,3,645.74,5,3,3,533,11,Loyal Customers,0,0.0,1,0.6142686443899994,207.28233346388473,Cross-Sell Drive,Recommend bundle products based on purchase history.
14025.0,373,8,4057.9,1,5,5,155,11,Can't Lose Them,0,0.0,1,0.3554670326723056,258.6363880930293,Executive Outreach,Feedback survey + customized high-value offer.
14026.0,379,2,713.11,1,2,3,123,6,Hibernating / Lost,0,0.0,1,0.2755272418650945,99.86812845773336,Suppress / Low-Cost Ads,Exclude from paid campaigns to save marketing budget.
14028.0,459,3,10396.5,1,3,5,135,9,Others / Need Attention,0,0.0,1,0.2653979378137331,676.6407170198404,Suppress / Low-Cost Ads,Exclude from paid campaigns to save marketing budget.
14029.0,53,1,165.2,4,1,1,411,6,New Customers,1,302.46,0,0.4552548503585001,111.44604654141166,Onboarding Sequence,10% discount on 2nd purchase within 30 days.
14030.0,30,18,7559.7,5,5,5,555,15,Champions,2,702.59,0,0.8709793608155826,1036.5255567686545,VIP Loyalty Program,"Early access to new launches, zero discount needed."
14031.0,35,38,33339.34,5,5,5,555,15,Champions,6,7659.83,0,0.925862404643987,5356.467723526068,VIP Loyalty Program,"Early access to new launches, zero discount needed."
14032.0,77,11,3720.05,4,5,5,455,14,Champions,5,1130.22,0,0.8151098425243986,453.6336629545886,VIP Loyalty Program,"Early access to new launches, zero discount needed."
14033.0,464,1,109.44,1,1,1,111,3,Hibernating / Lost,0,0.0,1,0.11511366322754912,23.49544816732675,Suppress / Low-Cost Ads,Exclude from paid campaigns to save marketing budget.
14034.0,66,2,473.91,4,2,2,422,8,Promising / Potential,1,177.91,0,0.5036897173676698,152.54808266062687,Cross-Sell Drive,Recommend bundle products based on purchase history.
14035.0,16,7,2265.96,5,4,4,544,13,Champions,2,590.76,0,0.769028179515653,430.6440142526634,VIP Loyalty Program,"Early access to new launches, zero discount needed."
14036.0,193,1,626.65,3,1,3,313,7,Others / Need Attention,0,0.0,1,0.3352044200583144,171.4075884211332,Suppress / Low-Cost Ads,Exclude from paid campaigns to save marketing budget.
14037.0,85,6,836.95,4,4,3,443,11,Champions,0,0.0,1,0.6586813151451515,176.5570475339313,VIP Loyalty Program,"Early access to new launches, zero discount needed."
14038.0,53,4,2595.92,4,3,4,434,11,Loyal Customers,1,473.96,0,0.649572724576246,459.03595037827176,Cross-Sell Drive,Recommend bundle products based on purchase history.
14039.0,484,1,115.08,1,1,1,111,3,Hibernating / Lost,1,152.2,0,0.10555999346815259,20.49706804211477,Suppress / Low-Cost Ads,Exclude from paid campaigns to save marketing budget.
14040.0,3,33,11778.96,5,5,5,555,15,Champions,2,866.61,0,0.9257138616339404,1914.6166578729276,VIP Loyalty Program,"Early access to new launches, zero discount needed."
14041.0,175,1,141.41,3,1,1,311,5,Others / Need Attention,0,0.0,1,0.2676660143615234,64.37144134769996,Suppress / Low-Cost Ads,Exclude from paid campaigns to save marketing budget.
14042.0,634,1,431.98,1,1,2,112,4,Hibernating / Lost,0,0.0,1,0.06521864679084455,24.232794463894102,Suppress / Low-Cost Ads,Exclude from paid campaigns to save marketing budget.
14043.0,400,2,304.25,1,2,2,122,5,Hibernating / Lost,0,0.0,1,0.21862739762239247,40.36395127101433,Suppress / Low-Cost Ads,Exclude from paid campaigns to save marketing budget.
14044.0,12,9,3012.39,5,5,5,555,15,Champions,1,110.71,0,0.8466572795672105,490.4313054486878,VIP Loyalty Program,"Early access to new launches, zero discount needed."
14045.0,18,16,11313.03,5,5,5,555,15,Champions,0,0.0,1,0.8702672444130045,1512.9389042095636,VIP Loyalty Program,"Early access to new launches, zero discount needed."
14046.0,193,1,154.99,3,1,1,311,5,Others / Need Attention,0,0.0,1,0.25083967284126885,60.32484671800411,Suppress / Low-Cost Ads,Exclude from paid campaigns to save marketing budget.
14047.0,108,12,3582.34,3,5,5,355,13,Loyal Customers,2,672.69,0,0.7812757228794147,440.85516449637174,Cross-Sell Drive,Recommend bundle products based on purchase history.
14048.0,214,3,748.69,3,3,3,333,9,Loyal Customers,0,0.0,1,0.40705935253362957,134.10139960780873,Cross-Sell Drive,Recommend bundle products based on purchase history.
14049.0,67,12,10842.7,4,5,5,455,14,Champions,1,2396.33,0,0.8268534334176552,1435.9351706416862,VIP Loyalty Program,"Early access to new launches, zero discount needed."
14050.0,15,1,485.98,5,1,2,512,8,New Customers,1,260.38,0,0.5456260797011866,317.2646518727353,Onboarding Sequence,10% discount on 2nd purchase within 30 days.
14051.0,0,30,16095.45,5,5,5,555,15,Champions,7,6338.55,0,0.9198484335948209,2583.739343575477,VIP Loyalty Program,"Early access to new launches, zero discount needed."
14052.0,299,1,255.45,2,1,1,211,4,About to Sleep,1,225.36,0,0.22487231294635857,66.389579377674,Suppress / Low-Cost Ads,Exclude from paid campaigns to save marketing budget.
14053.0,33,4,572.3,5,4,3,543,12,Champions,0,0.0,1,0.6940518213548676,217.62328322458782,VIP Loyalty Program,"Early access to new launches, zero discount needed."
14055.0,15,3,1520.96,5,3,4,534,12,Loyal Customers,0,0.0,1,0.6776393722365364,449.5330374853355,Cross-Sell Drive,Recommend bundle products based on purchase history.
14056.0,16,17,5382.51,5,5,5,555,15,Champions,6,2832.14,0,0.8750041242044677,769.3863903481376,VIP Loyalty Program,"Early access to new launches, zero discount needed."
14057.0,9,18,7002.86,5,5,5,555,15,Champions,4,1405.98,0,0.8820474660586507,1094.5756198112906,VIP Loyalty Program,"Early access to new launches, zero discount needed."
14058.0,371,2,469.19,1,2,2,122,5,Hibernating / Lost,0,0.0,1,0.24369906448003065,71.17227084980424,Suppress / Low-Cost Ads,Exclude from paid campaigns to save marketing budget.
14059.0,175,1,183.6,3,1,1,311,5,Others / Need Attention,0,0.0,1,0.26766497056584904,64.3302349671753,Suppress / Low-Cost Ads,Exclude from paid campaigns to save marketing budget.
14060.0,17,25,7481.44,5,5,5,555,15,Champions,5,2037.64,0,0.9000622241654728,1147.8292405092081,VIP Loyalty Program,"Early access to new launches, zero discount needed."
14061.0,416,3,917.43,1,3,3,133,7,Others / Need Attention,0,0.0,1,0.22846517929857646,78.92540990264575,Suppress / Low-Cost Ads,Exclude from paid campaigns to save marketing budget.
14062.0,0,22,23940.02,5,5,5,555,15,Champions,2,1664.18,0,0.8986393897284054,2738.948673087179,VIP Loyalty Program,"Early access to new launches, zero discount needed."
14063.0,347,9,22710.2,2,5,5,255,12,At Risk,0,0.0,1,0.5712888459877857,435.88372783477666,Standard Retention Push,Automated email re-engagement.
14064.0,22,14,3076.36,5,5,5,555,15,Champions,1,256.06,0,0.8606395555807391,407.5903749133512,VIP Loyalty Program,"Early access to new launches, zero discount needed."
14065.0,298,3,891.02,2,3,3,233,8,At Risk,0,0.0,1,0.37551070857287916,130.01365041692344,Standard Retention Push,Automated email re-engagement.
14066.0,175,1,152.55,3,1,1,311,5,Others / Need Attention,0,0.0,1,0.26766573875369226,64.371375066318,Suppress / Low-Cost Ads,Exclude from paid campaigns to save marketing budget.
14067.0,5,1,224.67,5,1,1,511,7,New Customers,1,150.03,0,0.5067510630248904,143.08232044885239,Onboarding Sequence,10% discount on 2nd purchase within 30 days.
14068.0,229,4,1528.37,3,4,4,344,11,Loyal Customers,0,0.0,1,0.5012504583127294,217.2311524966017,Cross-Sell Drive,Recommend bundle products based on purchase history.
14069.0,423,2,230.06,1,2,1,121,4,Hibernating / Lost,0,0.0,1,0.1693291923475264,30.75514599129536,Suppress / Low-Cost Ads,Exclude from paid campaigns to save marketing budget.
14070.0,593,1,326.55,1,1,2,112,4,Hibernating / Lost,0,0.0,1,0.0784982721707147,31.146104145257706,Suppress / Low-Cost Ads,Exclude from paid campaigns to save marketing budget.
14071.0,169,2,356.81,3,2,2,322,7,Promising / Potential,6,1082.01,0,0.3871065784441351,114.45698199806733,Cross-Sell Drive,Recommend bundle products based on purchase history.
14072.0,575,1,390.85,1,1,2,112,4,Hibernating / Lost,0,0.0,1,0.08507603949699305,33.44932116098956,Suppress / Low-Cost Ads,Exclude from paid campaigns to save marketing budget.
14074.0,532,1,219.4,1,1,1,111,3,Hibernating / Lost,0,0.0,1,0.08543912441000012,20.226955458911444,Suppress / Low-Cost Ads,Exclude from paid campaigns to save marketing budget.
14075.0,170,4,1100.53,3,4,3,343,10,Loyal Customers,2,634.34,0,0.5218841604957218,171.26958435747474,Cross-Sell Drive,Recommend bundle products based on purchase history.
14076.0,38,1,122.47,4,1,1,411,6,New Customers,0,0.0,1,0.473419720967186,108.35313213010103,Onboarding Sequence,10% discount on 2nd purchase within 30 days.
14077.0,91,4,426.06,4,4,2,442,10,Champions,2,189.02,0,0.5888603811278141,135.00510844501005,VIP Loyalty Program,"Early access to new launches, zero discount needed."
14078.0,10,9,1692.63,5,5,4,554,14,Champions,0,0.0,1,0.8196229776455576,349.9343196097415,VIP Loyalty Program,"Early access to new launches, zero discount needed."
14079.0,33,2,618.73,5,2,3,523,10,Promising / Potential,0,0.0,1,0.587323275433692,220.75777548350263,Cross-Sell Drive,Recommend bundle products based on purchase history.
14080.0,322,4,1070.08,2,4,3,243,9,At Risk,1,45.6,0,0.40709579396903073,133.5988571880093,Standard Retention Push,Automated email re-engagement.
14081.0,211,10,5370.1,3,5,5,355,13,Loyal Customers,0,0.0,1,0.6697635537970033,600.5249615177253,Cross-Sell Drive,Recommend bundle products based on purchase history.
14082.0,273,2,413.36,2,2,2,222,6,About to Sleep,0,0.0,1,0.3414917517483832,100.53692392460265,Suppress / Low-Cost Ads,Exclude from paid campaigns to save marketing budget.
14083.0,35,9,937.75,5,5,3,553,13,Champions,2,469.51,0,0.7662824737703208,254.34728545598142,VIP Loyalty Program,"Early access to new launches, zero discount needed."
14084.0,421,1,150.5,1,1,1,111,3,Hibernating / Lost,0,0.0,1,0.1382167560336457,33.62295136755095,Suppress / Low-Cost Ads,Exclude from paid campaigns to save marketing budget.
14085.0,50,27,8904.62,4,5,5,455,14,Champions,6,1200.35,0,0.8936493502851903,968.8866155756864,VIP Loyalty Program,"Early access to new launches, zero discount needed."
14086.0,371,1,39.95,1,1,1,111,3,Hibernating / Lost,0,0.0,1,0.1698458035737027,22.454750817686676,Suppress / Low-Cost Ads,Exclude from paid campaigns to save marketing budget.
14087.0,313,2,651.8,2,2,3,223,7,About to Sleep,1,194.42,0,0.3437311292929631,125.59355170394119,Suppress / Low-Cost Ads,Exclude from paid campaigns to save marketing budget.
14088.0,37,10,39052.88,4,5,5,455,14,Champions,6,24983.92,0,0.8377689388760051,10387.095723403067,VIP Loyalty Program,"Early access to new launches, zero discount needed."
14090.0,233,1,76.32,3,1,1,311,5,Others / Need Attention,0,0.0,1,0.21604141480911132,43.59280416361068,Suppress / Low-Cost Ads,Exclude from paid campaigns to save marketing budget.
14091.0,563,2,9530.08,1,2,5,125,8,Hibernating / Lost,0,0.0,1,0.18934175075410942,324.3755068216305,Suppress / Low-Cost Ads,Exclude from paid campaigns to save marketing budget.
14092.0,8,20,5897.96,5,5,5,555,15,Champions,4,1331.49,0,0.8890671290247167,1147.2454167872347,VIP Loyalty Program,"Early access to new launches, zero discount needed."
14094.0,348,1,335.22,2,1,2,212,5,About to Sleep,0,0.0,1,0.2190257941667766,89.58821559575289,Suppress / Low-Cost Ads,Exclude from paid campaigns to save marketing budget.
14095.0,631,1,2.95,1,1,1,111,3,Hibernating / Lost,0,0.0,1,0.05454521506251897,4526.684331416591,Suppress / Low-Cost Ads,Exclude from paid campaigns to save marketing budget.
14096.0,0,3,244.68,5,3,1,531,9,Loyal Customers,14,64920.11,0,0.5503166138424327,1856.3856617523,Cross-Sell Drive,Recommend bundle products based on purchase history.
14097.0,390,2,422.86,1,2,2,122,5,Hibernating / Lost,0,0.0,1,0.22705617008963963,66.31171633842384,Suppress / Low-Cost Ads,Exclude from paid campaigns to save marketing budget.
14099.0,29,17,4971.46,5,5,5,555,15,Champions,3,794.25,0,0.8679213731026476,787.3913536494799,VIP Loyalty Program,"Early access to new launches, zero discount needed."
14100.0,46,1,194.9,4,1,1,411,6,New Customers,0,0.0,1,0.46371838704953106,119.61334961318788,Onboarding Sequence,10% discount on 2nd purchase within 30 days.
14101.0,51,12,8929.53,4,5,5,455,14,Champions,1,1032.4,0,0.8377570533831649,932.9775045820462,VIP Loyalty Program,"Early access to new launches, zero discount needed."
14104.0,63,5,771.58,4,4,3,443,11,Champions,0,0.0,1,0.6753339170561103,195.88258331995678,VIP Loyalty Program,"Early access to new launches, zero discount needed."
14105.0,148,5,5988.83,3,4,5,345,12,Loyal Customers,0,0.0,1,0.6537783621791948,636.1015675604506,Cross-Sell Drive,Recommend bundle products based on purchase history.
14106.0,646,1,214.8,1,1,1,111,3,Hibernating / Lost,0,0.0,1,0.050897805355677894,13.305314585682462,Suppress / Low-Cost Ads,Exclude from paid campaigns to save marketing budget.
14107.0,5,10,4636.01,5,5,5,555,15,Champions,1,241.29,0,0.855033240894849,671.5135326331089,VIP Loyalty Program,"Early access to new launches, zero discount needed."
14108.0,10,3,738.38,5,3,3,533,11,Loyal Customers,1,306.58,0,0.6370673260785378,252.40601581701947,Cross-Sell Drive,Recommend bundle products based on purchase history.
14110.0,28,26,10564.42,5,5,5,555,15,Champions,7,2423.53,0,0.8980832655970707,1582.0312097835138,VIP Loyalty Program,"Early access to new launches, zero discount needed."
14111.0,4,3,295.5,5,3,2,532,10,Loyal Customers,1,397.35,0,0.5956079153690776,126.63134484779088,Cross-Sell Drive,Recommend bundle products based on purchase history.
14112.0,39,10,4820.26,4,5,5,455,14,Champions,3,1014.33,0,0.837031321402006,742.9582883411964,VIP Loyalty Program,"Early access to new launches, zero discount needed."
14113.0,263,13,5685.69,2,5,5,255,12,At Risk,3,1406.92,0,0.6956780837699136,496.5634588943661,Standard Retention Push,Automated email re-engagement.
14114.0,182,7,1364.09,3,4,4,344,11,Loyal Customers,0,0.0,1,0.5818263622962913,209.31875382990148,Cross-Sell Drive,Recommend bundle products based on purchase history.
14115.0,410,2,622.67,1,2,3,123,6,Hibernating / Lost,0,0.0,1,0.24644133700606896,89.32559602751793,Suppress / Low-Cost Ads,Exclude from paid campaigns to save marketing budget.
14116.0,1,2,628.87,5,2,3,523,10,Promising / Potential,3,753.87,0,0.6245052267905815,307.1898843028769,Cross-Sell Drive,Recommend bundle products based on purchase history.
14117.0,52,1,90.0,4,1,1,411,6,New Customers,0,0.0,1,0.45646494872361343,84.8774899566078,Onboarding Sequence,10% discount on 2nd purchase within 30 days.
14118.0,337,1,458.45,2,1,2,212,5,About to Sleep,0,0.0,1,0.2283220784950286,98.68973696930942,Suppress / Low-Cost Ads,Exclude from paid campaigns to save marketing budget.
14119.0,284,2,183.37,2,2,1,221,5,About to Sleep,0,0.0,1,0.28599565678719807,43.453007979876894,Suppress / Low-Cost Ads,Exclude from paid campaigns to save marketing budget.
14122.0,315,3,362.42,2,3,2,232,7,At Risk,0,0.0,1,0.3108642512754981,77.73235122295371,Standard Retention Push,Automated email re-engagement.
14123.0,642,1,436.18,1,1,2,112,4,Hibernating / Lost,0,0.0,1,0.06288377360958985,23.36524346912942,Suppress / Low-Cost Ads,Exclude from paid campaigns to save marketing budget.
14126.0,353,1,466.33,1,1,2,112,4,Hibernating / Lost,3,706.13,0,0.21510833895561188,94.0498878597122,Suppress / Low-Cost Ads,Exclude from paid campaigns to save marketing budget.
14127.0,31,6,1900.08,5,4,4,544,13,Champions,0,0.0,1,0.7498301168849033,483.8899107610474,VIP Loyalty Program,"Early access to new launches, zero discount needed."
14128.0,164,2,592.25,3,2,3,323,8,Promising / Potential,1,331.96,0,0.44264202634842664,162.4300064768793,Cross-Sell Drive,Recommend bundle products based on purchase history.
14129.0,4,7,2193.71,5,4,4,544,13,Champions,2,397.63,0,0.7792443281955338,428.33218049460606,VIP Loyalty Program,"Early access to new launches, zero discount needed."
14130.0,228,4,1882.67,3,4,4,344,11,Loyal Customers,0,0.0,1,0.5024564928664885,309.6885537907367,Cross-Sell Drive,Recommend bundle products based on purchase history.
14131.0,557,1,187.87,1,1,1,111,3,Hibernating / Lost,0,0.0,1,0.0763955795180924,18.5723550295281,Suppress / Low-Cost Ads,Exclude from paid campaigns to save marketing budget.
14132.0,22,5,1552.46,5,4,4,544,13,Champions,6,2033.57,0,0.7520233668168099,388.37312243926004,VIP Loyalty Program,"Early access to new launches, zero discount needed."
14133.0,38,4,911.14,4,4,3,443,11,Champions,0,0.0,1,0.6946560035667347,226.53326326185703,VIP Loyalty Program,"Early access to new launches, zero discount needed."
14134.0,291,15,11123.35,2,5,5,255,12,At Risk,0,0.0,1,0.6800627754404085,789.3985082731881,High-Value Win-Back,20% off limited promo code + direct outreach.
14135.0,14,19,8143.93,5,5,5,555,15,Champions,5,1499.99,0,0.8828409565449288,1115.3913996730148,VIP Loyalty Program,"Early access to new launches, zero discount needed."
14136.0,309,5,1570.81,2,4,4,244,10,At Risk,0,0.0,1,0.48103810372188394,296.32186357437985,Standard Retention Push,Automated email re-engagement.
14137.0,604,1,332.7,1,1,2,112,4,Hibernating / Lost,0,0.0,1,0.07471043345886519,26.241921531743394,Suppress / Low-Cost Ads,Exclude from paid campaigns to save marketing budget.
14139.0,399,3,670.98,1,3,3,133,7,Others / Need Attention,1,415.82,0,0.24338772668198483,80.00263791546587,Suppress / Low-Cost Ads,Exclude from paid campaigns to save marketing budget.
14141.0,14,1,285.16,5,1,2,512,8,New Customers,3,629.97,0,0.5468391853429015,218.95116642869095,Onboarding Sequence,10% discount on 2nd purchase within 30 days.
14142.0,282,2,983.15,2,2,3,223,7,About to Sleep,0,0.0,1,0.37852442900952177,171.2417704502301,Suppress / Low-Cost Ads,Exclude from paid campaigns to save marketing budget.
14143.0,42,1,115.8,4,1,1,411,6,New Customers,0,0.0,1,0.4685674316527545,86.70119291612917,Onboarding Sequence,10% discount on 2nd purchase within 30 days.
14144.0,395,1,30.6,1,1,1,111,3,Hibernating / Lost,0,0.0,1,0.15399912500092294,84.59072157744427,Suppress / Low-Cost Ads,Exclude from paid campaigns to save marketing budget.
14145.0,65,6,6709.05,4,4,5,445,13,Champions,1,891.0,0,0.7619717466835492,822.7342317253731,VIP Loyalty Program,"Early access to new launches, zero discount needed."
14146.0,163,9,7163.03,3,5,5,355,13,Loyal Customers,3,2287.27,0,0.7126849572732354,855.9821401407031,Cross-Sell Drive,Recommend bundle products based on purchase history.
14147.0,194,8,2289.6,3,5,4,354,12,Loyal Customers,1,300.6,0,0.6274449343317402,299.2726774799194,Cross-Sell Drive,Recommend bundle products based on purchase history.
14148.0,142,2,466.29,3,2,2,322,7,Promising / Potential,0,0.0,1,0.41871665513809686,128.93946964249406,Cross-Sell Drive,Recommend bundle products based on purchase history.
14149.0,129,1,446.62,3,1,2,312,6,Others / Need Attention,0,0.0,1,0.3594309267259773,171.8744502805228,Suppress / Low-Cost Ads,Exclude from paid campaigns to save marketing budget.
14150.0,268,1,306.18,2,1,2,212,5,About to Sleep,1,352.46,0,0.2927976613003709,88.05090677825117,Suppress / Low-Cost Ads,Exclude from paid campaigns to save marketing budget.
14151.0,582,2,679.45,1,2,3,123,6,Hibernating / Lost,0,0.0,1,0.12399343102684013,41.10754224452831,Suppress / Low-Cost Ads,Exclude from paid campaigns to save marketing budget.
14152.0,143,6,1690.56,3,4,4,344,11,Loyal Customers,1,306.78,0,0.6196314886683731,303.6762634082844,Cross-Sell Drive,Recommend bundle products based on purchase history.
14153.0,392,1,233.4,1,1,1,111,3,Hibernating / Lost,0,0.0,1,0.15590840884974788,45.3415318638128,Suppress / Low-Cost Ads,Exclude from paid campaigns to save marketing budget.
14154.0,148,8,6460.7,3,5,5,355,13,Loyal Customers,0,0.0,1,0.721003525785489,562.8097291006618,Cross-Sell Drive,Recommend bundle products based on purchase history.
14155.0,175,1,118.75,3,1,1,311,5,Others / Need Attention,0,0.0,1,0.26766657497908586,76.83306955191533,Suppress / Low-Cost Ads,Exclude from paid campaigns to save marketing budget.
14156.0,2,143,295425.08,5,5,5,555,15,Champions,13,18521.29,0,0.9975927597449574,28401.722244985816,VIP Loyalty Program,"Early access to new launches, zero discount needed."
14157.0,194,4,847.07,3,4,3,343,10,Loyal Customers,1,155.71,0,0.4926931238693194,140.9576385337329,Cross-Sell Drive,Recommend bundle products based on purchase history.
14159.0,4,16,6004.89,5,5,5,555,15,Champions,4,1933.12,0,0.8778427820974591,853.7490292121032,VIP Loyalty Program,"Early access to new launches, zero discount needed."
14160.0,519,7,8421.47,1,4,5,145,10,Can't Lose Them,0,0.0,1,0.17421464141724374,167.5968245122821,Executive Outreach,Feedback survey + customized high-value offer.
14161.0,124,7,3318.88,3,4,5,345,12,Loyal Customers,0,0.0,1,0.6936322938711539,428.62789931425675,Cross-Sell Drive,Recommend bundle products based on purchase history.
14162.0,82,2,289.36,4,2,2,422,8,Promising / Potential,0,0.0,1,0.48422514819201046,94.24357795877448,Cross-Sell Drive,Recommend bundle products based on purchase history.
14163.0,61,4,1808.1,4,4,4,444,12,Champions,1,786.52,0,0.7139423933794196,344.2269766006568,VIP Loyalty Program,"Early access to new launches, zero discount needed."
14165.0,184,1,122.54,3,1,1,311,5,Others / Need Attention,0,0.0,1,0.259164689425461,58.27183149724206,Suppress / Low-Cost Ads,Exclude from paid campaigns to save marketing budget.
14166.0,414,2,256.85,1,2,1,121,4,Hibernating / Lost,0,0.0,1,0.17558193861746652,33.15791815937418,Suppress / Low-Cost Ads,Exclude from paid campaigns to save marketing budget.
14167.0,74,7,1123.75,4,4,3,443,11,Champions,1,172.74,0,0.6776696468927499,228.39850710574873,VIP Loyalty Program,"Early access to new launches, zero discount needed."
14168.0,329,2,370.45,2,2,2,222,6,About to Sleep,0,0.0,1,0.2830651566885898,83.33583454945399,Suppress / Low-Cost Ads,Exclude from paid campaigns to save marketing budget.
14169.0,339,2,624.43,2,2,3,223,7,About to Sleep,0,0.0,1,0.31576581440833595,115.37549776130307,Suppress / Low-Cost Ads,Exclude from paid campaigns to save marketing budget.
14170.0,284,3,597.33,2,3,3,233,8,At Risk,0,0.0,1,0.3916348949872174,129.01997516124914,Standard Retention Push,Automated email re-engagement.
14171.0,7,2,498.79,5,2,2,522,9,Promising / Potential,0,0.0,1,0.5682680357426966,245.12647939756047,Cross-Sell Drive,Recommend bundle products based on purchase history.
14172.0,514,3,402.72,1,3,2,132,6,Others / Need Attention,0,0.0,1,0.13024238491258955,32.494696820105716,Suppress / Low-Cost Ads,Exclude from paid campaigns to save marketing budget.
14173.0,128,3,249.2,3,3,1,331,7,Loyal Customers,3,336.8,0,0.4093134381867961,66.2120067726813,Cross-Sell Drive,Recommend bundle products based on purchase history.
14175.0,80,7,5662.57,4,4,5,445,13,Champions,1,2016.31,0,0.7544995835761441,726.3401227178888,VIP Loyalty Program,"Early access to new launches, zero discount needed."
14176.0,206,5,916.01,3,4,3,343,10,Loyal Customers,0,0.0,1,0.48612166328914286,145.01146426055666,Cross-Sell Drive,Recommend bundle products based on purchase history.
14177.0,4,12,1979.34,5,5,4,554,14,Champions,1,250.0,0,0.8374513564586406,314.3572951703637,VIP Loyalty Program,"Early access to new launches, zero discount needed."
14178.0,7,3,493.36,5,3,2,532,10,Loyal Customers,4,1127.57,0,0.592078852204776,223.20178234592368,Cross-Sell Drive,Recommend bundle products based on purchase history.
14180.0,0,30,5829.65,5,5,5,555,15,Champions,3,489.6,0,0.9199439084310901,793.7137501946258,VIP Loyalty Program,"Early access to new launches, zero discount needed."
14181.0,319,2,310.55,2,2,2,222,6,About to Sleep,0,0.0,1,0.2930511694337534,54.10439520195915,Suppress / Low-Cost Ads,Exclude from paid campaigns to save marketing budget.
14182.0,352,4,678.77,1,4,3,143,8,Can't Lose Them,0,0.0,1,0.2230756488847443,63.95497735172948,Executive Outreach,Feedback survey + customized high-value offer.
14183.0,320,2,286.29,2,2,2,222,6,About to Sleep,0,0.0,1,0.29204411422606347,56.17890256263871,Suppress / Low-Cost Ads,Exclude from paid campaigns to save marketing budget.
14185.0,240,1,197.65,3,1,1,311,5,Others / Need Attention,0,0.0,1,0.21032228668687425,54.082425235493965,Suppress / Low-Cost Ads,Exclude from paid campaigns to save marketing budget.
14186.0,336,5,1550.63,2,4,4,244,10,At Risk,0,0.0,1,0.44834931429006986,176.19961419595936,Standard Retention Push,Automated email re-engagement.
14187.0,382,1,123.5,1,1,1,111,3,Hibernating / Lost,0,0.0,1,0.1624257169649982,36.94147158590869,Suppress / Low-Cost Ads,Exclude from paid campaigns to save marketing budget.
14188.0,18,4,1383.46,5,4,4,544,13,Champions,2,670.9,0,0.7496585661248365,400.8765752627626,VIP Loyalty Program,"Early access to new launches, zero discount needed."
14189.0,5,12,4428.23,5,5,5,555,15,Champions,4,1386.16,0,0.8628230148621492,677.6313516663439,VIP Loyalty Program,"Early access to new launches, zero discount needed."
14190.0,575,1,79.9,1,1,1,111,3,Hibernating / Lost,0,0.0,1,0.07043764522242957,14.211985781084154,Suppress / Low-Cost Ads,Exclude from paid campaigns to save marketing budget.
14191.0,17,9,2391.16,5,5,4,554,14,Champions,6,2426.5,0,0.8145158705251224,420.94076927259863,VIP Loyalty Program,"Early access to new launches, zero discount needed."
14192.0,297,1,293.74,2,1,2,212,5,About to Sleep,0,0.0,1,0.26443717544295886,79.52226455711286,Suppress / Low-Cost Ads,Exclude from paid campaigns to save marketing budget.
14193.0,178,2,779.34,3,2,3,323,8,Promising / Potential,1,430.85,0,0.4258912296868086,165.6993253875953,Cross-Sell Drive,Recommend bundle products based on purchase history.
14194.0,15,27,12987.52,5,5,5,555,15,Champions,9,5683.07,0,0.9064665149472897,2004.886943750802,VIP Loyalty Program,"Early access to new launches, zero discount needed."
14195.0,110,6,2615.6,3,4,4,344,11,Loyal Customers,0,0.0,1,0.6566818581163045,423.97313807107366,Cross-Sell Drive,Recommend bundle products based on purchase history.
14196.0,15,1,335.52,5,1,2,512,8,New Customers,0,0.0,1,0.545630787666791,300.2420889230834,Onboarding Sequence,10% discount on 2nd purchase within 30 days.
14197.0,319,1,390.05,2,1,2,212,5,About to Sleep,0,0.0,1,0.2441314383557719,103.90598354778345,Suppress / Low-Cost Ads,Exclude from paid campaigns to save marketing budget.
14198.0,54,7,1225.28,4,4,4,444,12,Champions,2,344.45,0,0.739847943677813,232.84733306312617,VIP Loyalty Program,"Early access to new launches, zero discount needed."
14199.0,127,4,1091.7,3,4,3,343,10,Loyal Customers,0,0.0,1,0.5736985733615687,190.87690260773596,Cross-Sell Drive,Recommend bundle products based on purchase history.
14200.0,526,1,379.2,1,1,2,112,4,Hibernating / Lost,0,0.0,1,0.10557903077371467,43.89271649464027,Suppress / Low-Cost Ads,Exclude from paid campaigns to save marketing budget.
14201.0,58,8,967.34,4,5,3,453,12,Champions,2,226.2,0,0.744700572365695,250.99028671124776,VIP Loyalty Program,"Early access to new launches, zero discount needed."
14202.0,290,3,847.76,2,3,3,233,8,At Risk,0,0.0,1,0.3846895385599488,129.87803732508596,Standard Retention Push,Automated email re-engagement.
14203.0,306,1,339.34,2,1,2,212,5,About to Sleep,0,0.0,1,0.2560010028507824,108.95784733658647,Suppress / Low-Cost Ads,Exclude from paid campaigns to save marketing budget.
14204.0,331,3,901.93,2,3,3,233,8,At Risk,1,161.03,0,0.33864843428617,117.25076847169443,Standard Retention Push,Automated email re-engagement.
14205.0,173,8,2170.4,3,5,4,354,12,Loyal Customers,1,243.8,0,0.6510217630384082,320.49659966738164,Cross-Sell Drive,Recommend bundle products based on purchase history.
14206.0,148,3,1185.01,3,3,4,334,10,Loyal Customers,0,0.0,1,0.5374020972814753,232.27970184882625,Cross-Sell Drive,Recommend bundle products based on purchase history.
14207.0,596,1,157.8,1,1,1,111,3,Hibernating / Lost,0,0.0,1,0.06402930644473381,16.1051764698876,Suppress / Low-Cost Ads,Exclude from paid campaigns to save marketing budget.
14208.0,3,2,567.05,5,2,3,523,10,Promising / Potential,0,0.0,1,0.622220796731374,294.8684038260414,Cross-Sell Drive,Recommend bundle products based on purchase history.
14209.0,30,14,4796.17,5,5,5,555,15,Champions,1,197.1,0,0.8558750328025337,755.2464075581944,VIP Loyalty Program,"Early access to new launches, zero discount needed."
14210.0,14,16,5861.52,5,5,5,555,15,Champions,0,0.0,1,0.8725268286984182,860.8838758334576,VIP Loyalty Program,"Early access to new launches, zero discount needed."
14211.0,5,15,3291.12,5,5,5,555,15,Champions,3,1111.17,0,0.8738563262415495,514.8019975143627,VIP Loyalty Program,"Early access to new launches, zero discount needed."
14212.0,354,1,1119.66,1,1,3,113,5,Hibernating / Lost,1,1070.48,0,0.2507482649623567,154.2267546874074,Suppress / Low-Cost Ads,Exclude from paid campaigns to save marketing budget.
14213.0,313,1,1192.2,2,1,4,214,7,About to Sleep,0,0.0,1,0.3336797051106991,212.34287519684364,Suppress / Low-Cost Ads,Exclude from paid campaigns to save marketing budget.
14214.0,65,3,899.16,4,3,3,433,10,Loyal Customers,2,105.22,0,0.5798313577762844,205.63412185916556,Cross-Sell Drive,Recommend bundle products based on purchase history.
14215.0,95,7,2724.88,4,4,5,445,13,Champions,2,691.45,0,0.7407927565326611,447.4742834210082,VIP Loyalty Program,"Early access to new launches, zero discount needed."
14216.0,323,1,310.74,2,1,2,212,5,About to Sleep,4,1839.3,0,0.24055732461879742,75.1931846712805,Suppress / Low-Cost Ads,Exclude from paid campaigns to save marketing budget.
14217.0,8,16,2623.41,5,5,4,554,14,Champions,7,793.48,0,0.8517483505286676,386.3449304359923,VIP Loyalty Program,"Early access to new launches, zero discount needed."
14219.0,318,2,543.89,2,2,2,222,6,About to Sleep,1,89.94,0,0.29405477690834614,101.15345941195729,Suppress / Low-Cost Ads,Exclude from paid campaigns to save marketing budget.
14220.0,156,4,1515.0,3,4,4,344,11,Loyal Customers,0,0.0,1,0.5891457290968887,255.32306973038376,Cross-Sell Drive,Recommend bundle products based on purchase history.
14221.0,22,15,5701.7,5,5,5,555,15,Champions,2,815.79,0,0.8644108119027075,796.5597397996341,VIP Loyalty Program,"Early access to new launches, zero discount needed."
14222.0,86,1,683.17,4,1,3,413,8,New Customers,0,0.0,1,0.5173078211483764,348.0092057514824,Onboarding Sequence,10% discount on 2nd purchase within 30 days.
14223.0,1,3,991.13,5,3,3,533,11,Loyal Customers,0,0.0,1,0.6471297553853266,289.48810759120676,Cross-Sell Drive,Recommend bundle products based on purchase history.
14224.0,19,9,1897.9,5,5,4,554,14,Champions,0,0.0,1,0.8130496337716278,415.34497985154576,VIP Loyalty Program,"Early access to new launches, zero discount needed."
14225.0,343,4,2037.02,2,4,4,244,10,At Risk,0,0.0,1,0.4320176241502549,271.72848492567965,Standard Retention Push,Automated email re-engagement.
14226.0,119,3,2479.74,3,3,4,334,10,Loyal Customers,3,522.79,0,0.5722222721108505,384.66649779232904,Cross-Sell Drive,Recommend bundle products based on purchase history.
14227.0,105,12,5417.27,4,5,5,455,14,Champions,3,951.44,0,0.7988551997516584,752.9250901708779,VIP Loyalty Program,"Early access to new launches, zero discount needed."
14228.0,346,3,745.5,2,3,3,233,8,At Risk,0,0.0,1,0.3224932775699044,106.24200037919744,Standard Retention Push,Automated email re-engagement.
14229.0,200,6,1808.97,3,4,4,344,11,Loyal Customers,1,785.07,0,0.5524168909736247,298.7521424607304,Cross-Sell Drive,Recommend bundle products based on purchase history.
14230.0,344,3,979.8,2,3,3,233,8,At Risk,0,0.0,1,0.32461809712272793,131.92762627630296,Standard Retention Push,Automated email re-engagement.
14231.0,92,4,1235.62,4,4,4,444,12,Champions,0,0.0,1,0.6821661899622451,212.85079670642295,VIP Loyalty Program,"Early access to new launches, zero discount needed."
14232.0,24,4,1573.33,5,4,4,544,13,Champions,1,474.74,0,0.7441315954831287,444.343771701335,VIP Loyalty Program,"Early access to new launches, zero discount needed."
14233.0,120,6,2400.65,3,4,4,344,11,Loyal Customers,1,503.62,0,0.6456288540897541,392.6941724394022,Cross-Sell Drive,Recommend bundle products based on purchase history.
14235.0,66,8,4375.99,4,5,5,455,14,Champions,1,342.0,0,0.8085511163719196,601.4730792928389,VIP Loyalty Program,"Early access to new launches, zero discount needed."
14236.0,281,4,1443.08,2,4,4,244,10,At Risk,1,301.56,0,0.5070805896540646,219.75780584819753,Standard Retention Push,Automated email re-engagement.
14237.0,282,2,632.14,2,2,3,223,7,About to Sleep,0,0.0,1,0.37853485083712846,138.31024399258516,Suppress / Low-Cost Ads,Exclude from paid campaigns to save marketing budget.
14238.0,235,3,434.23,3,3,2,332,8,Loyal Customers,0,0.0,1,0.3355758352318442,83.9115420288719,Cross-Sell Drive,Recommend bundle products based on purchase history.
14239.0,3,19,3763.21,5,5,5,555,15,Champions,2,499.96,0,0.8883229146187129,523.3244838432231,VIP Loyalty Program,"Early access to new launches, zero discount needed."
14240.0,134,2,584.0,3,2,3,323,8,Promising / Potential,1,663.49,0,0.4789181128420511,178.17077070435911,Cross-Sell Drive,Recommend bundle products based on purchase history.
14241.0,92,2,333.7,4,2,2,422,8,Promising / Potential,0,0.0,1,0.4720752900204612,113.79900011280522,Cross-Sell Drive,Recommend bundle products based on purchase history.
14242.0,143,2,280.55,3,2,2,322,7,Promising / Potential,0,0.0,1,0.4175377654398418,76.0607798353213,Cross-Sell Drive,Recommend bundle products based on purchase history.
14243.0,4,15,7148.23,5,5,5,555,15,Champions,2,282.82,0,0.8743385813649263,989.4700025220494,VIP Loyalty Program,"Early access to new launches, zero discount needed."
14244.0,569,1,366.42,1,1,2,112,4,Hibernating / Lost,0,0.0,1,0.08737794807392252,33.22701929950973,Suppress / Low-Cost Ads,Exclude from paid campaigns to save marketing budget.
14245.0,128,2,1693.45,3,2,4,324,9,Promising / Potential,0,0.0,1,0.53728707323682,374.7743524975057,Cross-Sell Drive,Recommend bundle products based on purchase history.
14246.0,19,3,1474.06,5,3,4,534,12,Loyal Customers,0,0.0,1,0.6733716859203536,455.65846782926036,Cross-Sell Drive,Recommend bundle products based on purchase history.
14247.0,187,5,772.66,3,4,3,343,10,Loyal Customers,0,0.0,1,0.5092489550879848,136.65338687758123,Cross-Sell Drive,Recommend bundle products based on purchase history.
14248.0,227,3,1032.95,3,3,3,333,9,Loyal Customers,0,0.0,1,0.3918679340501432,156.84701102320744,Cross-Sell Drive,Recommend bundle products based on purchase history.
14249.0,319,12,5625.46,2,5,5,255,12,At Risk,0,0.0,1,0.6276178942401032,477.96240675568436,Standard Retention Push,Automated email re-engagement.
14252.0,290,1,350.99,2,1,2,212,5,About to Sleep,0,0.0,1,0.2711181369881208,114.07988132090208,Suppress / Low-Cost Ads,Exclude from paid campaigns to save marketing budget.
14253.0,402,2,363.4,1,2,2,122,5,Hibernating / Lost,0,0.0,1,0.21696717652758335,61.43438080921746,Suppress / Low-Cost Ads,Exclude from paid campaigns to save marketing budget.
14254.0,341,1,601.03,2,1,3,213,6,About to Sleep,0,0.0,1,0.26258539742793474,136.36267045460343,Suppress / Low-Cost Ads,Exclude from paid campaigns to save marketing budget.
14255.0,455,1,1000.63,1,1,3,113,5,Hibernating / Lost,0,0.0,1,0.1698949679977413,99.92677846482889,Suppress / Low-Cost Ads,Exclude from paid campaigns to save marketing budget.
14256.0,169,5,2473.99,3,4,4,344,11,Loyal Customers,0,0.0,1,0.5815539331342555,357.1653237960936,Cross-Sell Drive,Recommend bundle products based on purchase history.
14257.0,32,8,5580.57,5,5,5,555,15,Champions,1,373.88,0,0.8290316922096583,757.0770463339702,VIP Loyalty Program,"Early access to new launches, zero discount needed."
14258.0,60,23,28767.68,4,5,5,455,14,Champions,2,3283.66,0,0.8753184133237559,3539.949021131241,VIP Loyalty Program,"Early access to new launches, zero discount needed."
14259.0,50,1,120.0,4,1,1,411,6,New Customers,0,0.0,1,0.45888101999582664,105.02561171305673,Onboarding Sequence,10% discount on 2nd purchase within 30 days.
14260.0,380,3,824.28,1,3,3,133,7,Others / Need Attention,0,0.0,1,0.2608211529377096,87.04352245617623,Suppress / Low-Cost Ads,Exclude from paid campaigns to save marketing budget.
14262.0,16,3,855.0,5,3,3,533,11,Loyal Customers,5,1763.23,0,0.6302826868736722,269.8798429635006,Cross-Sell Drive,Recommend bundle products based on purchase history.
14263.0,332,1,322.93,2,1,2,212,5,About to Sleep,0,0.0,1,0.23264278084312462,107.48663721917615,Suppress / Low-Cost Ads,Exclude from paid campaigns to save marketing budget.
14264.0,63,6,1517.36,4,4,4,444,12,Champions,0,0.0,1,0.7249567109832782,317.9019321097252,VIP Loyalty Program,"Early access to new launches, zero discount needed."
14265.0,18,4,1373.35,5,4,4,544,13,Champions,0,0.0,1,0.7496588055949632,400.87670331834494,VIP Loyalty Program,"Early access to new launches, zero discount needed."
14266.0,337,1,40.56,2,1,1,211,4,About to Sleep,0,0.0,1,0.19427199266451445,26.241382531906773,Suppress / Low-Cost Ads,Exclude from paid campaigns to save marketing budget.
14267.0,71,3,1516.24,4,3,4,434,11,Loyal Customers,0,0.0,1,0.6218762212571219,374.9643893678807,Cross-Sell Drive,Recommend bundle products based on purchase history.
14268.0,379,1,354.85,1,1,2,112,4,Hibernating / Lost,0,0.0,1,0.19450770660283134,80.86332635728519,Suppress / Low-Cost Ads,Exclude from paid campaigns to save marketing budget.
14269.0,348,1,295.73,2,1,2,212,5,About to Sleep,0,0.0,1,0.2190266467244728,67.66244364645374,Suppress / Low-Cost Ads,Exclude from paid campaigns to save marketing budget.
14270.0,240,1,492.65,3,1,2,312,6,Others / Need Attention,0,0.0,1,0.24632836320452423,105.96059700273597,Suppress / Low-Cost Ads,Exclude from paid campaigns to save marketing budget.
14271.0,134,2,219.13,3,2,1,321,6,Promising / Potential,0,0.0,1,0.3790009015034749,60.000810483126294,Cross-Sell Drive,Recommend bundle products based on purchase history.
14272.0,163,3,614.94,3,3,3,333,9,Loyal Customers,1,305.87,0,0.46809259597598296,154.20815631854546,Cross-Sell Drive,Recommend bundle products based on purchase history.
14273.0,45,3,450.05,4,3,2,432,9,Loyal Customers,1,109.92,0,0.5534911502338228,147.2477941741647,Cross-Sell Drive,Recommend bundle products based on purchase history.
14274.0,595,1,256.6,1,1,1,111,3,Hibernating / Lost,0,0.0,1,0.06432096853939429,19.041330294897076,Suppress / Low-Cost Ads,Exclude from paid campaigns to save marketing budget.
14275.0,304,6,1189.38,2,4,4,244,10,At Risk,0,0.0,1,0.49516178845650716,168.0940916770485,Standard Retention Push,Automated email re-engagement.
14276.0,7,7,2102.68,5,4,4,544,13,Champions,0,0.0,1,0.7767233798103811,426.94647477990776,VIP Loyalty Program,"Early access to new launches, zero discount needed."
14277.0,121,7,14647.04,3,4,5,345,12,Loyal Customers,2,2578.77,0,0.6964253280541839,1743.336579351373,Cross-Sell Drive,Recommend bundle products based on purchase history.
14278.0,318,1,205.83,2,1,1,211,4,About to Sleep,0,0.0,1,0.20915964217963645,52.88038845771709,Suppress / Low-Cost Ads,Exclude from paid campaigns to save marketing budget.
14279.0,429,2,191.86,1,2,1,121,4,Hibernating / Lost,0,0.0,1,0.16526037413528083,27.142809227965188,Suppress / Low-Cost Ads,Exclude from paid campaigns to save marketing budget.
14280.0,105,1,134.04,4,1,1,411,6,New Customers,0,0.0,1,0.39349590521529365,78.26856854293469,Onboarding Sequence,10% discount on 2nd purchase within 30 days.
14281.0,317,1,245.15,2,1,1,211,4,About to Sleep,0,0.0,1,0.2099653373894168,62.70221336120156,Suppress / Low-Cost Ads,Exclude from paid campaigns to save marketing budget.
14282.0,18,19,6615.76,5,5,5,555,15,Champions,6,1233.9,0,0.8808317097716882,968.2511038904491,VIP Loyalty Program,"Early access to new launches, zero discount needed."
14283.0,372,4,628.44,1,4,3,143,8,Can't Lose Them,0,0.0,1,0.20665553756684463,58.102846322156125,Executive Outreach,Feedback survey + customized high-value offer.
14284.0,562,1,704.4,1,1,3,113,5,Hibernating / Lost,2,595.25,0,0.10838842137268856,51.076137741878725,Suppress / Low-Cost Ads,Exclude from paid campaigns to save marketing budget.
14285.0,85,5,1380.31,4,4,4,444,12,Champions,3,1904.11,0,0.6963436481233939,349.034994683589,VIP Loyalty Program,"Early access to new launches, zero discount needed."
14286.0,151,5,5901.09,3,4,5,345,12,Loyal Customers,2,2578.67,0,0.6504672204267906,632.8799521308749,Cross-Sell Drive,Recommend bundle products based on purchase history.
14287.0,107,2,83.28,3,2,1,321,6,Promising / Potential,1,93.35,0,0.4103997816292445,48.800634838567774,Cross-Sell Drive,Recommend bundle products based on purchase history.
14288.0,122,1,426.6,3,1,2,312,6,Others / Need Attention,0,0.0,1,0.3673156823922813,180.0985575033301,Suppress / Low-Cost Ads,Exclude from paid campaigns to save marketing budget.
14289.0,43,5,832.78,4,4,3,443,11,Champions,1,78.48,0,0.6963085794412956,189.7995472790919,VIP Loyalty Program,"Early access to new launches, zero discount needed."
14290.0,270,4,2979.47,2,4,5,245,11,At Risk,4,1537.09,0,0.5711190401089719,402.92933067174675,Standard Retention Push,Automated email re-engagement.
14291.0,29,19,6376.39,5,5,5,555,15,Champions,4,1527.71,0,0.8750975064271964,795.1475680563308,VIP Loyalty Program,"Early access to new launches, zero discount needed."
14292.0,54,11,6944.53,4,5,5,455,14,Champions,5,2281.72,0,0.831337932610837,1034.1622523732228,VIP Loyalty Program,"Early access to new launches, zero discount needed."
14293.0,56,8,2960.78,4,5,5,455,14,Champions,1,307.15,0,0.8160018491092172,508.8374430872902,VIP Loyalty Program,"Early access to new launches, zero discount needed."
14294.0,316,1,375.34,2,1,2,212,5,About to Sleep,0,0.0,1,0.24683725325285666,105.05761874918721,Suppress / Low-Cost Ads,Exclude from paid campaigns to save marketing budget.
14295.0,347,4,2196.71,2,4,4,244,10,At Risk,1,166.2,0,0.4272402465255949,257.29179100991684,Standard Retention Push,Automated email re-engagement.
14296.0,330,2,456.4,2,2,2,222,6,About to Sleep,0,0.0,1,0.2820759084526635,83.04459479291911,Suppress / Low-Cost Ads,Exclude from paid campaigns to save marketing budget.
14297.0,183,1,232.6,3,1,1,311,5,Others / Need Attention,3,1072.73,0,0.2600979371662199,77.73082130593467,Suppress / Low-Cost Ads,Exclude from paid campaigns to save marketing budget.
14298.0,8,75,80849.7,5,5,5,555,15,Champions,7,10344.79,0,0.9789455634660568,9929.590545128598,VIP Loyalty Program,"Early access to new launches, zero discount needed."
14299.0,16,23,12971.01,5,5,5,555,15,Champions,4,1528.48,0,0.8945247916879119,1647.5678206634468,VIP Loyalty Program,"Early access to new launches, zero discount needed."
14301.0,26,4,1992.18,5,4,4,544,13,Champions,0,0.0,1,0.7422629946813413,473.373837539204,VIP Loyalty Program,"Early access to new launches, zero discount needed."
14302.0,339,3,742.9,2,3,3,233,8,At Risk,0,0.0,1,0.3299846715431479,108.70996091264927,Standard Retention Push,Automated email re-engagement.
14303.0,316,2,277.94,2,2,2,222,6,About to Sleep,0,0.0,1,0.29608726525397167,56.95666104698558,Suppress / Low-Cost Ads,Exclude from paid campaigns to save marketing budget.
14304.0,131,3,1725.01,3,3,4,334,10,Loyal Customers,0,0.0,1,0.5578872491608884,358.6328715831152,Cross-Sell Drive,Recommend bundle products based on purchase history.
14305.0,22,2,1048.45,5,2,3,523,10,Promising / Potential,1,810.51,0,0.600227900733366,298.40828823225996,Cross-Sell Drive,Recommend bundle products based on purchase history.
14306.0,287,4,1058.08,2,4,3,243,9,At Risk,2,2093.32,0,0.4487876071124661,147.28108793707648,Standard Retention Push,Automated email re-engagement.
14307.0,43,8,4383.2,4,5,5,455,14,Champions,2,687.83,0,0.8252900022052225,608.5929401575995,VIP Loyalty Program,"Early access to new launches, zero discount needed."
14308.0,458,2,1147.02,1,2,3,123,6,Hibernating / Lost,0,0.0,1,0.2056322028287102,96.09862806018832,Suppress / Low-Cost Ads,Exclude from paid campaigns to save marketing budget.
14309.0,2,9,3061.98,5,5,5,555,15,Champions,2,718.83,0,0.8528716267921271,494.0310033377619,VIP Loyalty Program,"Early access to new launches, zero discount needed."
14310.0,341,1,492.1,2,1,2,212,5,About to Sleep,0,0.0,1,0.22490806154396703,99.38206012515073,Suppress / Low-Cost Ads,Exclude from paid campaigns to save marketing budget.
14311.0,151,2,516.45,3,2,2,322,7,Promising / Potential,0,0.0,1,0.4080891153935646,129.18330348347635,Cross-Sell Drive,Recommend bundle products based on purchase history.
14312.0,0,10,2525.89,5,5,4,554,14,Champions,1,564.4,0,0.831250673148936,444.21656014825356,VIP Loyalty Program,"Early access to new launches, zero discount needed."
14314.0,15,2,229.8,5,2,1,521,8,Promising / Potential,0,0.0,1,0.5077846344037011,124.73501835757897,Cross-Sell Drive,Recommend bundle products based on purchase history.
14315.0,38,7,2266.84,4,4,4,444,12,Champions,1,930.98,0,0.7545354490035189,395.53259531404956,VIP Loyalty Program,"Early access to new launches, zero discount needed."
14316.0,331,5,1370.34,2,4,4,244,10,At Risk,0,0.0,1,0.4543834469810435,194.6304681740655,Standard Retention Push,Automated email re-engagement.
14318.0,369,1,158.02,1,1,1,111,3,Hibernating / Lost,0,0.0,1,0.1712211256054923,41.6516762839478,Suppress / Low-Cost Ads,Exclude from paid campaigns to save marketing budget.
14319.0,333,1,494.85,2,1,2,212,5,About to Sleep,0,0.0,1,0.23177084814135274,102.4145786821351,Suppress / Low-Cost Ads,Exclude from paid campaigns to save marketing budget.
14320.0,115,5,1346.75,3,4,4,344,11,Loyal Customers,0,0.0,1,0.6438743272536591,229.67275064856415,Cross-Sell Drive,Recommend bundle products based on purchase history.
14321.0,25,5,1587.96,5,4,4,544,13,Champions,2,630.1,0,0.7492885768052899,452.74769997445054,VIP Loyalty Program,"Early access to new launches, zero discount needed."
14322.0,338,4,474.1,2,4,2,242,8,At Risk,0,0.0,1,0.34106728610342574,77.97674627268958,Standard Retention Push,Automated email re-engagement.
14323.0,23,2,605.06,5,2,3,523,10,Promising / Potential,0,0.0,1,0.599072454202692,240.56213669479456,Cross-Sell Drive,Recommend bundle products based on purchase history.
14324.0,318,2,701.61,2,2,3,223,7,About to Sleep,0,0.0,1,0.3382591435412664,123.5941804894615,Suppress / Low-Cost Ads,Exclude from paid campaigns to save marketing budget.
14325.0,478,1,245.48,1,1,1,111,3,Hibernating / Lost,0,0.0,1,0.10834861420509279,32.86037359112076,Suppress / Low-Cost Ads,Exclude from paid campaigns to save marketing budget.
14326.0,151,3,940.98,3,3,3,333,9,Loyal Customers,0,0.0,1,0.48265262758146343,160.2349562315644,Cross-Sell Drive,Recommend bundle products based on purchase history.
14327.0,72,6,1894.93,4,4,4,444,12,Champions,0,0.0,1,0.7161239308263794,462.13820594594466,VIP Loyalty Program,"Early access to new launches, zero discount needed."
14328.0,347,1,445.05,2,1,2,212,5,About to Sleep,0,0.0,1,0.2198574023194646,95.0309726885919,Suppress / Low-Cost Ads,Exclude from paid campaigns to save marketing budget.
14329.0,17,12,8397.41,5,5,5,555,15,Champions,3,1529.81,0,0.8556980492025581,953.9733099889335,VIP Loyalty Program,"Early access to new launches, zero discount needed."
14330.0,532,1,200.63,1,1,1,111,3,Hibernating / Lost,0,0.0,1,0.08543930952354173,21.601030820676588,Suppress / Low-Cost Ads,Exclude from paid campaigns to save marketing budget.
14331.0,33,2,462.66,5,2,2,522,9,Promising / Potential,0,0.0,1,0.5369825340035177,162.63118574780617,Cross-Sell Drive,Recommend bundle products based on purchase history.
14332.0,56,3,1196.24,4,3,4,434,11,Loyal Customers,2,747.27,0,0.6389001622409396,294.98264716128773,Cross-Sell Drive,Recommend bundle products based on purchase history.
14334.0,2,11,4094.98,5,5,5,555,15,Champions,1,223.5,0,0.8607398689043715,675.9953208850918,VIP Loyalty Program,"Early access to new launches, zero discount needed."
14335.0,5,1,359.25,5,1,2,512,8,New Customers,1,109.01,0,0.5576718475179014,302.3775490659174,Onboarding Sequence,10% discount on 2nd purchase within 30 days.
14336.0,107,3,1114.39,3,3,3,333,9,Loyal Customers,1,500.52,0,0.5361352459885567,228.8721546160723,Cross-Sell Drive,Recommend bundle products based on purchase history.
14338.0,70,3,928.1,4,3,3,433,10,Loyal Customers,0,0.0,1,0.5738882037117842,203.52641372862536,Cross-Sell Drive,Recommend bundle products based on purchase history.
14339.0,151,2,620.27,3,2,3,323,8,Promising / Potential,0,0.0,1,0.4583085624035794,161.26145847846655,Cross-Sell Drive,Recommend bundle products based on purchase history.
14340.0,127,1,134.7,3,1,1,311,5,Others / Need Attention,0,0.0,1,0.31587642664022975,87.48691066248628,Suppress / Low-Cost Ads,Exclude from paid campaigns to save marketing budget.
14341.0,39,16,3424.56,4,5,5,455,14,Champions,2,1042.76,0,0.8616790566427365,486.16265182348104,VIP Loyalty Program,"Early access to new launches, zero discount needed."
14342.0,46,4,669.62,4,4,3,443,11,Champions,2,248.82,0,0.68633856214697,209.0453196095131,VIP Loyalty Program,"Early access to new launches, zero discount needed."
14343.0,330,4,1088.91,2,4,3,243,9,At Risk,0,0.0,1,0.3977286528784827,130.52479117368134,Standard Retention Push,Automated email re-engagement.
14344.0,36,20,3333.7,5,5,5,555,15,Champions,0,0.0,1,0.8749268217785524,494.3819630390911,VIP Loyalty Program,"Early access to new launches, zero discount needed."
14346.0,29,5,2315.75,5,4,4,544,13,Champions,0,0.0,1,0.7455948098985068,488.9117773943116,VIP Loyalty Program,"Early access to new launches, zero discount needed."
14347.0,645,1,82.6,1,1,1,111,3,Hibernating / Lost,0,0.0,1,0.05113433406726564,10.317216403165274,Suppress / Low-Cost Ads,Exclude from paid campaigns to save marketing budget.
14348.0,169,1,409.57,3,1,2,312,6,Others / Need Attention,0,0.0,1,0.3159197034890794,132.93128479467188,Suppress / Low-Cost Ads,Exclude from paid campaigns to save marketing budget.
14350.0,183,3,972.03,3,3,3,333,9,Loyal Customers,0,0.0,1,0.44393011133922067,177.68514598044848,Cross-Sell Drive,Recommend bundle products based on purchase history.
14351.0,73,1,51.0,4,1,1,411,6,New Customers,0,0.0,1,0.43123239830495375,58.099320401143395,Onboarding Sequence,10% discount on 2nd purchase within 30 days.
14352.0,66,4,1078.96,4,4,3,443,11,Champions,0,0.0,1,0.6649933614760182,231.29893884240562,VIP Loyalty Program,"Early access to new launches, zero discount needed."
14353.0,124,3,376.5,3,3,2,332,8,Loyal Customers,0,0.0,1,0.46440657800093477,118.61763517807258,Cross-Sell Drive,Recommend bundle products based on purchase history.
14355.0,274,3,1014.45,2,3,3,233,8,At Risk,0,0.0,1,0.4032819947229117,161.41554328778463,Standard Retention Push,Automated email re-engagement.
14358.0,298,2,400.06,2,2,2,222,6,About to Sleep,0,0.0,1,0.31467022817870505,92.64052976321882,Suppress / Low-Cost Ads,Exclude from paid campaigns to save marketing budget.
14360.0,3,1,1134.69,5,1,3,513,9,New Customers,3,993.54,0,0.6097088166600386,488.0341375680856,Onboarding Sequence,10% discount on 2nd purchase within 30 days.
14361.0,487,1,214.71,1,1,1,111,3,Hibernating / Lost,0,0.0,1,0.10418761559906531,26.341035622111402,Suppress / Low-Cost Ads,Exclude from paid campaigns to save marketing budget.
14363.0,311,2,227.47,2,2,1,221,5,About to Sleep,0,0.0,1,0.2599210501997449,47.20928349257989,Suppress / Low-Cost Ads,Exclude from paid campaigns to save marketing budget.
14364.0,17,8,3717.35,5,5,5,555,15,Champions,0,0.0,1,0.8391678138091727,510.076193775213,VIP Loyalty Program,"Early access to new launches, zero discount needed."
14365.0,303,2,634.68,2,2,3,223,7,About to Sleep,0,0.0,1,0.35479695076557427,129.63681605455648,Suppress / Low-Cost Ads,Exclude from paid campaigns to save marketing budget.
14366.0,434,1,136.0,1,1,1,111,3,Hibernating / Lost,0,0.0,1,0.13084878050877669,34.500772851910405,Suppress / Low-Cost Ads,Exclude from paid campaigns to save marketing budget.
14367.0,46,10,5448.45,4,5,5,455,14,Champions,6,3813.07,0,0.8323175058010461,771.4920961587995,VIP Loyalty Program,"Early access to new launches, zero discount needed."
14368.0,228,1,155.0,3,1,1,311,5,Others / Need Attention,0,0.0,1,0.2201913927095026,52.95419127033415,Suppress / Low-Cost Ads,Exclude from paid campaigns to save marketing budget.
14369.0,551,2,469.13,1,2,2,122,5,Hibernating / Lost,0,0.0,1,0.11827043485423716,31.59124511584728,Suppress / Low-Cost Ads,Exclude from paid campaigns to save marketing budget.
14370.0,359,6,1175.78,1,4,4,144,9,Can't Lose Them,0,0.0,1,0.26639863969655075,90.23343188306985,Executive Outreach,Feedback survey + customized high-value offer.
14371.0,204,1,100.5,3,1,1,311,5,Others / Need Attention,0,0.0,1,0.2409112079954886,48.61102728958477,Suppress / Low-Cost Ads,Exclude from paid campaigns to save marketing budget.
14372.0,352,2,860.08,1,2,3,123,6,Hibernating / Lost,0,0.0,1,0.302522362179272,116.0118995031512,Suppress / Low-Cost Ads,Exclude from paid campaigns to save marketing budget.
14373.0,267,1,76.55,2,1,1,211,4,About to Sleep,0,0.0,1,0.2531907048930797,51.088782325383484,Suppress / Low-Cost Ads,Exclude from paid campaigns to save marketing budget.
14374.0,450,1,108.0,1,1,1,111,3,Hibernating / Lost,0,0.0,1,0.12224137491884368,24.9502605318974,Suppress / Low-Cost Ads,Exclude from paid campaigns to save marketing budget.
14375.0,94,3,1132.99,4,3,3,433,10,Loyal Customers,0,0.0,1,0.54509037342582,232.69503200897495,Cross-Sell Drive,Recommend bundle products based on purchase history.
14376.0,592,1,215.46,1,1,1,111,3,Hibernating / Lost,0,0.0,1,0.06520599024664475,17.04565073169245,Suppress / Low-Cost Ads,Exclude from paid campaigns to save marketing budget.
14377.0,100,2,617.05,4,2,3,423,9,Promising / Potential,0,0.0,1,0.5134785870048257,189.66719421476742,Cross-Sell Drive,Recommend bundle products based on purchase history.
14378.0,530,1,131.25,1,1,1,111,3,Hibernating / Lost,0,0.0,1,0.08620398738418378,19.605898684326558,Suppress / Low-Cost Ads,Exclude from paid campaigns to save marketing budget.
14379.0,204,3,1031.79,3,3,3,333,9,Loyal Customers,1,237.12,0,0.4188534680386291,167.64809980639325,Cross-Sell Drive,Recommend bundle products based on purchase history.
14380.0,591,1,48.96,1,1,1,111,3,Hibernating / Lost,0,0.0,1,0.06550468685782473,9.393852904427408,Suppress / Low-Cost Ads,Exclude from paid campaigns to save marketing budget.
14381.0,360,1,428.66,1,1,2,112,4,Hibernating / Lost,1,202.68,0,0.2094106359929664,89.79211158678946,Suppress / Low-Cost Ads,Exclude from paid campaigns to save marketing budget.
14382.0,299,1,620.73,2,1,3,213,6,About to Sleep,1,626.07,0,0.30405085649873953,155.47713857938513,Suppress / Low-Cost Ads,Exclude from paid campaigns to save marketing budget.
14383.0,72,1,242.09,4,1,1,411,6,New Customers,2,1005.6,0,0.43242108252026257,129.98939146745815,Onboarding Sequence,10% discount on 2nd purchase within 30 days.
14384.0,409,1,58.5,1,1,1,111,3,Hibernating / Lost,0,0.0,1,0.14532583639415808,25.00647615427587,Suppress / Low-Cost Ads,Exclude from paid campaigns to save marketing budget.
14386.0,205,1,142.4,3,1,1,311,5,Others / Need Attention,0,0.0,1,0.24002097215540008,57.72303954304424,Suppress / Low-Cost Ads,Exclude from paid campaigns to save marketing budget.
14387.0,18,1,440.76,5,1,2,512,8,New Customers,2,1329.8,0,0.5420038603322138,321.47882188166966,Onboarding Sequence,10% discount on 2nd purchase within 30 days.
14388.0,0,14,5765.93,5,5,5,555,15,Champions,2,935.07,0,0.8729601345800682,841.2718078381934,VIP Loyalty Program,"Early access to new launches, zero discount needed."
14389.0,99,4,1165.69,4,4,4,444,12,Champions,1,732.32,0,0.6747330781247727,241.24919600424445,VIP Loyalty Program,"Early access to new launches, zero discount needed."
14390.0,53,8,3339.67,4,5,5,455,14,Champions,5,3060.16,0,0.8181777224302844,509.4041243982297,VIP Loyalty Program,"Early access to new launches, zero discount needed."
14391.0,485,1,135.6,1,1,1,111,3,Hibernating / Lost,0,0.0,1,0.10510092235704394,27.711859710633117,Suppress / Low-Cost Ads,Exclude from paid campaigns to save marketing budget.
14392.0,341,1,266.4,2,1,1,211,4,About to Sleep,0,0.0,1,0.19123718536079526,57.9991299526447,Suppress / Low-Cost Ads,Exclude from paid campaigns to save marketing budget.
14393.0,127,1,67.95,3,1,1,311,5,Others / Need Attention,0,0.0,1,0.3158782472119779,67.72769362007931,Suppress / Low-Cost Ads,Exclude from paid campaigns to save marketing budget.
14394.0,473,1,93.8,1,1,1,111,3,Hibernating / Lost,0,0.0,1,0.11072493536492345,21.605752916617117,Suppress / Low-Cost Ads,Exclude from paid campaigns to save marketing budget.
14395.0,86,17,6666.52,4,5,5,455,14,Champions,3,1541.49,0,0.8364701606923712,918.3727854741186,VIP Loyalty Program,"Early access to new launches, zero discount needed."
14396.0,280,6,1744.29,2,4,4,244,10,At Risk,1,377.64,0,0.5243384227484222,285.8570819130797,Standard Retention Push,Automated email re-engagement.
14397.0,2,10,1036.12,5,5,3,553,13,Champions,9,1576.84,0,0.7990291377534405,294.77291486285685,VIP Loyalty Program,"Early access to new launches, zero discount needed."
14398.0,310,2,707.79,2,2,3,223,7,About to Sleep,0,0.0,1,0.34703200372762555,126.79963549632491,Suppress / Low-Cost Ads,Exclude from paid campaigns to save marketing budget.
14399.0,303,8,2113.16,2,5,4,254,11,At Risk,0,0.0,1,0.5663749999024582,270.1441248530028,Standard Retention Push,Automated email re-engagement.
14400.0,58,3,1732.47,4,3,4,434,11,Loyal Customers,0,0.0,1,0.6366348938065861,413.478262322284,Cross-Sell Drive,Recommend bundle products based on purchase history.
14401.0,4,19,5823.8,5,5,5,555,15,Champions,3,972.1,0,0.887813076495304,863.4456734594713,VIP Loyalty Program,"Early access to new launches, zero discount needed."
14402.0,561,1,285.6,1,1,2,112,4,Hibernating / Lost,0,0.0,1,0.09053522232197864,27.968443429105253,Suppress / Low-Cost Ads,Exclude from paid campaigns to save marketing budget.
14403.0,39,6,1880.51,4,4,4,444,12,Champions,0,0.0,1,0.7476261981061922,625.1395531130172,VIP Loyalty Program,"Early access to new launches, zero discount needed."
14404.0,17,12,2772.31,5,5,5,555,15,Champions,1,126.8,0,0.8557856922353944,404.4312893164573,VIP Loyalty Program,"Early access to new launches, zero discount needed."
14405.0,295,1,195.0,2,1,1,211,4,About to Sleep,0,0.0,1,0.22828654297496487,58.701767117499784,Suppress / Low-Cost Ads,Exclude from paid campaigns to save marketing budget.
14406.0,28,1,156.75,5,1,1,511,7,New Customers,0,0.0,1,0.4787700746470387,117.2025558425833,Onboarding Sequence,10% discount on 2nd purchase within 30 days.
14407.0,16,6,2157.73,5,4,4,544,13,Champions,0,0.0,1,0.7632729288808838,540.9192087447585,VIP Loyalty Program,"Early access to new launches, zero discount needed."
14408.0,3,10,3801.55,5,5,5,555,15,Champions,1,308.22,0,0.8562490566487982,573.9701508148376,VIP Loyalty Program,"Early access to new launches, zero discount needed."
14409.0,31,8,3640.37,5,5,5,555,15,Champions,1,115.72,0,0.8297552939910059,486.41659075524893,VIP Loyalty Program,"Early access to new launches, zero discount needed."
14410.0,1,11,2651.14,5,5,4,554,14,Champions,0,0.0,1,0.835039102863673,547.9297438891956,VIP Loyalty Program,"Early access to new launches, zero discount needed."
14411.0,219,1,1063.0,3,1,3,313,7,Others / Need Attention,0,0.0,1,0.30759519637166044,176.86375324707112,Suppress / Low-Cost Ads,Exclude from paid campaigns to save marketing budget.
14412.0,333,1,656.16,2,1,3,213,6,About to Sleep,2,770.03,0,0.27019577962310104,140.31480202581105,Suppress / Low-Cost Ads,Exclude from paid campaigns to save marketing budget.
14413.0,271,4,770.37,2,4,3,243,9,At Risk,0,0.0,1,0.4681354028394067,131.91442353287266,Standard Retention Push,Automated email re-engagement.
14414.0,0,8,2399.33,5,5,4,554,14,Champions,0,0.0,1,0.8220439867898643,447.7415537571374,VIP Loyalty Program,"Early access to new launches, zero discount needed."
14415.0,7,19,9993.0,5,5,5,555,15,Champions,4,2098.6,0,0.8862969474547131,1720.2913319184897,VIP Loyalty Program,"Early access to new launches, zero discount needed."
14417.0,296,1,604.2,2,1,3,213,6,About to Sleep,0,0.0,1,0.3071509676673776,157.0623879002659,Suppress / Low-Cost Ads,Exclude from paid campaigns to save marketing budget.
14418.0,17,1,150.44,5,1,1,511,7,New Customers,2,1786.81,0,0.49214768883783067,158.16437587743744,Onboarding Sequence,10% discount on 2nd purchase within 30 days.
14419.0,161,3,510.41,3,3,2,332,8,Loyal Customers,4,750.5,0,0.4199979004178874,121.8024262893597,Cross-Sell Drive,Recommend bundle products based on purchase history.
14420.0,8,4,1639.17,5,4,4,544,13,Champions,0,0.0,1,0.7586786956577805,501.75871859148543,VIP Loyalty Program,"Early access to new launches, zero discount needed."
14421.0,120,5,2111.44,3,4,4,344,11,Loyal Customers,1,357.93,0,0.6382504747431104,388.20638266185387,Cross-Sell Drive,Recommend bundle products based on purchase history.
14422.0,79,15,7040.03,4,5,5,455,14,Champions,4,3231.49,0,0.8322914691937513,982.8513288123166,VIP Loyalty Program,"Early access to new launches, zero discount needed."
14423.0,127,3,916.61,3,3,3,333,9,Loyal Customers,0,0.0,1,0.511857751896224,179.67119389427933,Cross-Sell Drive,Recommend bundle products based on purchase history.
14425.0,343,3,661.39,2,3,3,233,8,At Risk,0,0.0,1,0.3256953018577772,107.29687342390031,Standard Retention Push,Automated email re-engagement.
14426.0,49,13,10131.85,4,5,5,455,14,Champions,4,1596.09,0,0.8433485588243729,1489.3587317916865,VIP Loyalty Program,"Early access to new launches, zero discount needed."
14427.0,403,2,900.18,1,2,3,123,6,Hibernating / Lost,2,363.34,0,0.25281865930255887,97.18098729185844,Suppress / Low-Cost Ads,Exclude from paid campaigns to save marketing budget.
14428.0,148,2,330.62,3,2,2,322,7,Promising / Potential,3,914.21,0,0.4116277767973523,132.85549144668497,Cross-Sell Drive,Recommend bundle products based on purchase history.
14429.0,312,1,516.28,2,1,2,212,5,About to Sleep,0,0.0,1,0.2504724384387186,108.9823133705369,Suppress / Low-Cost Ads,Exclude from paid campaigns to save marketing budget.
14430.0,420,3,1220.9,1,3,4,134,8,Others / Need Attention,0,0.0,1,0.2627387275476297,103.15564324451408,Suppress / Low-Cost Ads,Exclude from paid campaigns to save marketing budget.
14431.0,211,4,2614.2,3,4,4,344,11,Loyal Customers,0,0.0,1,0.5231098805433476,343.3647868308069,Cross-Sell Drive,Recommend bundle products based on purchase history.
14433.0,374,1,289.6,1,1,2,112,4,Hibernating / Lost,0,0.0,1,0.19835158410594134,61.27543421068822,Suppress / Low-Cost Ads,Exclude from paid campaigns to save marketing budget.
14435.0,410,1,90.42,1,1,1,111,3,Hibernating / Lost,0,0.0,1,0.14472163070740962,29.53862710680536,Suppress / Low-Cost Ads,Exclude from paid campaigns to save marketing budget.
14436.0,7,2,271.7,5,2,2,522,9,Promising / Potential,0,0.0,1,0.5682750675777692,142.70108146968425,Cross-Sell Drive,Recommend bundle products based on purchase history.
14437.0,274,5,958.84,2,4,3,243,9,At Risk,0,0.0,1,0.4724967500534618,153.25765817614194,Standard Retention Push,Automated email re-engagement.
14438.0,215,1,131.9,3,1,1,311,5,Others / Need Attention,0,0.0,1,0.23125248748636984,51.995918170787476,Suppress / Low-Cost Ads,Exclude from paid campaigns to save marketing budget.
14439.0,228,5,9443.04,3,4,5,345,12,Loyal Customers,0,0.0,1,0.5611275362307326,1098.8915317574385,Cross-Sell Drive,Recommend bundle products based on purchase history.
14440.0,225,10,5466.76,3,5,5,355,13,Loyal Customers,3,1171.97,0,0.654513514368713,586.8514355563626,Cross-Sell Drive,Recommend bundle products based on purchase history.
14441.0,3,9,3596.2,5,5,5,555,15,Champions,2,1015.49,0,0.852251126080932,527.7896161777235,VIP Loyalty Program,"Early access to new launches, zero discount needed."
14442.0,113,7,5367.02,3,4,5,345,12,Loyal Customers,0,0.0,1,0.7048404927305598,731.4377589008764,Cross-Sell Drive,Recommend bundle products based on purchase history.
14443.0,47,4,1957.79,4,4,4,444,12,Champions,1,428.68,0,0.7276545481943335,464.05738713875024,VIP Loyalty Program,"Early access to new launches, zero discount needed."
14444.0,365,1,132.04,1,1,1,111,3,Hibernating / Lost,0,0.0,1,0.17400300691292092,39.57456525878548,Suppress / Low-Cost Ads,Exclude from paid campaigns to save marketing budget.
14445.0,364,1,221.65,1,1,1,111,3,Hibernating / Lost,0,0.0,1,0.17470227814267492,41.359215967674956,Suppress / Low-Cost Ads,Exclude from paid campaigns to save marketing budget.
14446.0,155,2,504.77,3,2,2,322,7,Promising / Potential,3,736.54,0,0.40339362329578854,133.17633335923037,Cross-Sell Drive,Recommend bundle products based on purchase history.
14447.0,105,3,1149.53,4,3,4,434,11,Loyal Customers,3,562.2,0,0.582251360955438,251.28102961920976,Cross-Sell Drive,Recommend bundle products based on purchase history.
14448.0,273,1,102.35,2,1,1,211,4,About to Sleep,1,273.0,0,0.24770617998775424,49.98211571546728,Suppress / Low-Cost Ads,Exclude from paid campaigns to save marketing budget.
14449.0,155,6,1977.0,3,4,4,344,11,Loyal Customers,2,505.8,0,0.605759314565479,366.1295098075606,Cross-Sell Drive,Recommend bundle products based on purchase history.
14450.0,89,7,1128.44,4,4,3,443,11,Champions,0,0.0,1,0.6615140209079424,211.74791844376225,VIP Loyalty Program,"Early access to new launches, zero discount needed."
14451.0,103,11,3006.18,4,5,5,455,14,Champions,1,302.59,0,0.7952813001344181,398.942036468588,VIP Loyalty Program,"Early access to new launches, zero discount needed."
14452.0,2,3,528.52,5,3,2,532,10,Loyal Customers,1,137.07,0,0.5979440944832213,234.3912172899566,Cross-Sell Drive,Recommend bundle products based on purchase history.
14453.0,99,1,119.93,4,1,1,411,6,New Customers,0,0.0,1,0.4004896074167227,88.76605034679024,Onboarding Sequence,10% discount on 2nd purchase within 30 days.
14454.0,285,5,977.3,2,4,3,243,9,At Risk,0,0.0,1,0.4591699582643203,148.93501913074368,Standard Retention Push,Automated email re-engagement.
14455.0,341,4,628.21,2,4,3,243,9,At Risk,0,0.0,1,0.38498598875108947,108.48400797355369,Standard Retention Push,Automated email re-engagement.
14456.0,40,3,636.65,4,3,3,433,10,Loyal Customers,6,2425.75,0,0.6091730193275955,205.56283652547103,Cross-Sell Drive,Recommend bundle products based on purchase history.
14457.0,219,1,113.64,3,1,1,311,5,Others / Need Attention,0,0.0,1,0.22780874106698124,43.08724362721893,Suppress / Low-Cost Ads,Exclude from paid campaigns to save marketing budget.
14458.0,289,1,237.42,2,1,1,211,4,About to Sleep,0,0.0,1,0.23347299473316518,65.1338590623543,Suppress / Low-Cost Ads,Exclude from paid campaigns to save marketing budget.
14459.0,64,2,5375.74,4,2,5,425,11,Promising / Potential,0,0.0,1,0.6543165076544389,1179.2171017799326,Cross-Sell Drive,Recommend bundle products based on purchase history.
14460.0,19,9,1093.5,5,5,3,553,13,Champions,0,0.0,1,0.7799406872334548,293.1316796042668,VIP Loyalty Program,"Early access to new launches, zero discount needed."
14461.0,57,13,6713.5,4,5,5,455,14,Champions,0,0.0,1,0.8381920586980993,831.9897566112539,VIP Loyalty Program,"Early access to new launches, zero discount needed."
14462.0,29,10,1800.09,5,5,4,554,14,Champions,2,469.92,0,0.810522661217857,313.6201832294199,VIP Loyalty Program,"Early access to new launches, zero discount needed."
14463.0,7,4,786.57,5,4,3,543,12,Champions,0,0.0,1,0.7202487604200729,287.32738309988844,VIP Loyalty Program,"Early access to new launches, zero discount needed."
14464.0,477,2,111.0,1,2,1,121,4,Hibernating / Lost,0,0.0,1,0.13548640268029255,18.570211341036334,Suppress / Low-Cost Ads,Exclude from paid campaigns to save marketing budget.
14465.0,155,11,3946.03,3,5,5,355,13,Loyal Customers,0,0.0,1,0.7334295716863821,544.8778057816703,Cross-Sell Drive,Recommend bundle products based on purchase history.
14466.0,24,11,3954.95,5,5,5,555,15,Champions,2,691.95,0,0.8473996540869668,630.5780429034529,VIP Loyalty Program,"Early access to new launches, zero discount needed."
14467.0,221,9,1753.93,3,5,4,354,12,Loyal Customers,3,467.06,0,0.6039654363749092,245.61377959816573,Cross-Sell Drive,Recommend bundle products based on purchase history.
14468.0,642,1,204.24,1,1,1,111,3,Hibernating / Lost,0,0.0,1,0.0518469588769106,13.553435032170446,Suppress / Low-Cost Ads,Exclude from paid campaigns to save marketing budget.
14469.0,325,4,2112.21,2,4,4,244,10,At Risk,0,0.0,1,0.453635366553939,285.32551445062256,Standard Retention Push,Automated email re-engagement.
14470.0,196,2,548.49,3,2,2,322,7,Promising / Potential,1,163.55,0,0.3564109117496378,123.13143696334525,Cross-Sell Drive,Recommend bundle products based on purchase history.
14471.0,500,2,400.95,1,2,2,122,5,Hibernating / Lost,0,0.0,1,0.146716732831365,42.84859718092161,Suppress / Low-Cost Ads,Exclude from paid campaigns to save marketing budget.
14472.0,12,9,2228.22,5,5,4,554,14,Champions,0,0.0,1,0.8181687832556863,415.0438897972652,VIP Loyalty Program,"Early access to new launches, zero discount needed."
14473.0,191,1,85.0,3,1,1,311,5,Others / Need Attention,1,149.34,0,0.25267570507652837,50.9848657399128,Suppress / Low-Cost Ads,Exclude from paid campaigns to save marketing budget.
14474.0,488,1,730.42,1,1,3,113,5,Hibernating / Lost,1,547.66,0,0.14842444104551555,76.46224928696506,Suppress / Low-Cost Ads,Exclude from paid campaigns to save marketing budget.
14475.0,95,3,847.47,4,3,3,433,10,Loyal Customers,1,303.68,0,0.5438917185540033,184.8394746355254,Cross-Sell Drive,Recommend bundle products based on purchase history.
14476.0,166,1,215.7,3,1,1,311,5,Others / Need Attention,0,0.0,1,0.276340786239919,69.06966902728712,Suppress / Low-Cost Ads,Exclude from paid campaigns to save marketing budget.
14477.0,93,5,1183.0,4,4,4,444,12,Champions,2,786.6,0,0.6880503357544024,236.19231632051017,VIP Loyalty Program,"Early access to new launches, zero discount needed."
14478.0,291,4,1276.66,2,4,4,244,10,At Risk,0,0.0,1,0.49491417924414416,177.4447568954952,Standard Retention Push,Automated email re-engagement.
14479.0,162,4,1299.11,3,4,4,344,11,Loyal Customers,0,0.0,1,0.5820631724474539,208.69084472483564,Cross-Sell Drive,Recommend bundle products based on purchase history.
14480.0,311,3,1020.47,2,3,3,233,8,At Risk,1,279.05,0,0.3607847931879664,144.4058355305939,Standard Retention Push,Automated email re-engagement.
14481.0,73,5,2311.49,4,4,4,444,12,Champions,0,0.0,1,0.708530183982296,464.607246441881,VIP Loyalty Program,"Early access to new launches, zero discount needed."
14482.0,8,8,2755.71,5,5,5,555,15,Champions,4,1602.2,0,0.8450103966892197,515.926796050667,VIP Loyalty Program,"Early access to new launches, zero discount needed."
14483.0,190,2,257.1,3,2,1,321,6,Promising / Potential,0,0.0,1,0.31724633178572437,59.17413012400899,Cross-Sell Drive,Recommend bundle products based on purchase history.
14484.0,310,3,749.06,2,3,3,233,8,At Risk,1,321.92,0,0.3619163302955588,119.22950825591653,Standard Retention Push,Automated email re-engagement.
14486.0,420,2,175.5,1,2,1,121,4,Hibernating / Lost,0,0.0,1,0.17139464719920128,26.041000258953765,Suppress / Low-Cost Ads,Exclude from paid campaigns to save marketing budget.
14487.0,277,2,382.38,2,2,2,222,6,About to Sleep,5,1071.23,0,0.3371266417193637,99.25181313447905,Suppress / Low-Cost Ads,Exclude from paid campaigns to save marketing budget.
14489.0,116,4,1574.93,3,4,4,344,11,Loyal Customers,0,0.0,1,0.6353375709624338,361.92041169474595,Cross-Sell Drive,Recommend bundle products based on purchase history.
14490.0,315,2,1273.47,2,2,4,224,8,About to Sleep,0,0.0,1,0.3889335109875848,198.40163805318247,Suppress / Low-Cost Ads,Exclude from paid campaigns to save marketing budget.
14491.0,84,2,468.13,4,2,2,422,8,Promising / Potential,0,0.0,1,0.48178786881545255,145.9148620723151,Cross-Sell Drive,Recommend bundle products based on purchase history.
14492.0,339,7,1921.91,2,4,4,244,10,At Risk,0,0.0,1,0.4606514142704097,222.69112577823745,Standard Retention Push,Automated email re-engagement.
14493.0,64,6,3358.13,4,4,5,445,13,Champions,4,1772.02,0,0.7629302034954457,563.5869455836346,VIP Loyalty Program,"Early access to new launches, zero discount needed."
14494.0,310,2,261.9,2,2,1,221,5,About to Sleep,1,139.56,0,0.26085790303094236,49.261929034570514,Suppress / Low-Cost Ads,Exclude from paid campaigns to save marketing budget.
14495.0,30,2,91.6,5,2,1,521,8,Promising / Potential,1,83.2,0,0.4895326882729474,58.370343281317666,Cross-Sell Drive,Recommend bundle products based on purchase history.
14496.0,220,7,2668.23,3,4,4,344,11,Loyal Customers,0,0.0,1,0.5362093985994599,275.1460789782544,Cross-Sell Drive,Recommend bundle products based on purchase history.
14497.0,218,2,697.06,3,2,3,323,8,Promising / Potential,0,0.0,1,0.37909730411638987,139.11190961908886,Cross-Sell Drive,Recommend bundle products based on purchase history.
14498.0,25,9,3235.74,5,5,5,555,15,Champions,1,675.53,0,0.8382543265215108,500.0947825377606,VIP Loyalty Program,"Early access to new launches, zero discount needed."
14499.0,42,6,1694.61,4,4,4,444,12,Champions,1,444.36,0,0.7448646773495309,412.06551815752886,VIP Loyalty Program,"Early access to new launches, zero discount needed."
14500.0,21,2,335.85,5,2,2,522,9,Promising / Potential,1,21.0,0,0.5514779189538859,133.98690629126153,Cross-Sell Drive,Recommend bundle products based on purchase history.
14501.0,92,2,251.21,4,2,1,421,7,Promising / Potential,0,0.0,1,0.42152053747234564,79.14395747488358,Cross-Sell Drive,Recommend bundle products based on purchase history.
14502.0,58,7,1176.01,4,4,4,444,12,Champions,4,1294.66,0,0.7360831338923397,260.83446747450375,VIP Loyalty Program,"Early access to new launches, zero discount needed."
14503.0,87,1,597.07,4,1,3,413,8,New Customers,5,2946.19,0,0.5160946625189272,393.96616017211124,Onboarding Sequence,10% discount on 2nd purchase within 30 days.
14504.0,152,3,542.71,3,3,2,332,8,Loyal Customers,1,130.55,0,0.4307073493139524,128.08655969290646,Cross-Sell Drive,Recommend bundle products based on purchase history.
14505.0,18,17,10351.84,5,5,5,555,15,Champions,2,1650.0,0,0.8738660664017931,1519.195370635386,VIP Loyalty Program,"Early access to new launches, zero discount needed."
14506.0,71,5,2110.16,4,4,4,444,12,Champions,2,1180.51,0,0.7105423323500417,465.92668029763644,VIP Loyalty Program,"Early access to new launches, zero discount needed."
14507.0,10,9,2825.94,5,5,5,555,15,Champions,2,458.49,0,0.8479203033069416,491.1629195225733,VIP Loyalty Program,"Early access to new launches, zero discount needed."
14508.0,285,3,598.52,2,3,3,233,8,At Risk,2,276.42,0,0.39047541800561936,128.6379977295121,Standard Retention Push,Automated email re-engagement.
14509.0,443,1,110.95,1,1,1,111,3,Hibernating / Lost,0,0.0,1,0.1259456634897398,25.706329947760462,Suppress / Low-Cost Ads,Exclude from paid campaigns to save marketing budget.
14510.0,284,3,1007.28,2,3,3,233,8,At Risk,0,0.0,1,0.391622567396264,156.74880184883597,Standard Retention Push,Automated email re-engagement.
14511.0,1,2,329.89,5,2,2,522,9,Promising / Potential,3,984.92,0,0.5754257063460309,278.1526960530049,Cross-Sell Drive,Recommend bundle products based on purchase history.
14512.0,96,7,1223.47,4,4,4,444,12,Champions,0,0.0,1,0.6986092141687605,205.98070977321066,VIP Loyalty Program,"Early access to new launches, zero discount needed."
14513.0,9,6,788.01,5,4,3,543,12,Champions,0,0.0,1,0.7311044608080286,238.72933315797053,VIP Loyalty Program,"Early access to new launches, zero discount needed."
14514.0,110,8,3946.74,3,5,5,355,13,Loyal Customers,1,652.24,0,0.7567201901708502,588.4934505366656,Cross-Sell Drive,Recommend bundle products based on purchase history.
14515.0,100,8,2412.82,4,5,4,454,13,Champions,4,1336.44,0,0.744710555689055,381.5468226776773,VIP Loyalty Program,"Early access to new launches, zero discount needed."
14516.0,425,1,163.92,1,1,1,111,3,Hibernating / Lost,0,0.0,1,0.13591305398449427,33.0625470852721,Suppress / Low-Cost Ads,Exclude from paid campaigns to save marketing budget.
14517.0,50,1,252.45,4,1,1,411,6,New Customers,1,78.0,0,0.4588768690352395,137.9422220043774,Onboarding Sequence,10% discount on 2nd purchase within 30 days.
14519.0,592,2,206.09,1,2,1,121,4,Hibernating / Lost,0,0.0,1,0.08216908703026404,13.632370254604934,Suppress / Low-Cost Ads,Exclude from paid campaigns to save marketing budget.
14520.0,199,1,165.0,3,1,1,311,5,Others / Need Attention,1,105.6,0,0.24538971032285217,59.01417624144676,Suppress / Low-Cost Ads,Exclude from paid campaigns to save marketing budget.
14521.0,400,1,199.45,1,1,1,111,3,Hibernating / Lost,0,0.0,1,0.15085134225705388,38.13870350318319,Suppress / Low-Cost Ads,Exclude from paid campaigns to save marketing budget.
14522.0,1,6,1544.78,5,4,4,544,13,Champions,2,213.84,0,0.776228069861966,372.1375703926242,VIP Loyalty Program,"Early access to new launches, zero discount needed."
14523.0,17,1,241.09,5,1,1,511,7,New Customers,0,0.0,1,0.49214482924146774,180.29081946636217,Onboarding Sequence,10% discount on 2nd purchase within 30 days.
14524.0,87,9,2118.75,4,5,4,454,13,Champions,4,814.96,0,0.7624336516910626,369.7543956270692,VIP Loyalty Program,"Early access to new launches, zero discount needed."
14525.0,9,15,6834.58,5,5,5,555,15,Champions,2,1406.06,0,0.8716437866436938,1090.7337845935567,VIP Loyalty Program,"Early access to new launches, zero discount needed."
14526.0,298,1,262.4,2,1,1,211,4,About to Sleep,0,0.0,1,0.22572197297899976,66.64042649816645,Suppress / Low-Cost Ads,Exclude from paid campaigns to save marketing budget.
14527.0,7,107,24564.9,5,5,5,555,15,Champions,15,3227.4,0,0.9924583648992119,3362.7635726351223,VIP Loyalty Program,"Early access to new launches, zero discount needed."
14529.0,19,1,135.24,5,1,1,511,7,New Customers,2,484.8,0,0.4897145119322799,173.99629054333158,Onboarding Sequence,10% discount on 2nd purchase within 30 days.
14530.0,2,15,5817.61,5,5,5,555,15,Champions,1,379.79,0,0.8754229070166258,851.3955713456049,VIP Loyalty Program,"Early access to new launches, zero discount needed."
14531.0,388,1,376.34,1,1,2,112,4,Hibernating / Lost,0,0.0,1,0.1877335312336189,78.04707622895154,Suppress / Low-Cost Ads,Exclude from paid campaigns to save marketing budget.
14532.0,145,11,3859.18,3,5,5,355,13,Loyal Customers,0,0.0,1,0.7428421165557637,441.56043972160745,Cross-Sell Drive,Recommend bundle products based on purchase history.
14533.0,21,6,2251.63,5,4,4,544,13,Champions,5,1214.74,0,0.7588438400125989,547.1698199834594,VIP Loyalty Program,"Early access to new launches, zero discount needed."
14534.0,4,22,4859.75,5,5,5,555,15,Champions,4,1411.36,0,0.8970741553572061,974.2255181012868,VIP Loyalty Program,"Early access to new launches, zero discount needed."
14535.0,36,8,4820.45,5,5,5,555,15,Champions,1,1210.28,0,0.8262673002705864,722.5526048641291,VIP Loyalty Program,"Early access to new launches, zero discount needed."
14536.0,168,1,171.8,3,1,1,311,5,Others / Need Attention,0,0.0,1,0.2743987954079662,63.590527643362925,Suppress / Low-Cost Ads,Exclude from paid campaigns to save marketing budget.
14537.0,532,1,285.84,1,1,2,112,4,Hibernating / Lost,1,355.56,0,0.10285303825990444,31.773704292162467,Suppress / Low-Cost Ads,Exclude from paid campaigns to save marketing budget.
14538.0,165,4,1089.09,3,4,3,343,10,Loyal Customers,1,281.75,0,0.5279554822281838,173.2620432752383,Cross-Sell Drive,Recommend bundle products based on purchase history.
14540.0,218,9,2994.98,3,5,5,355,13,Loyal Customers,2,800.36,0,0.655023627882579,367.2497253153873,Cross-Sell Drive,Recommend bundle products based on purchase history.
14541.0,77,13,2353.68,4,5,4,454,13,Champions,1,146.0,0,0.7930286872468271,284.68462884398684,VIP Loyalty Program,"Early access to new launches, zero discount needed."
14542.0,94,1,103.25,4,1,1,411,6,New Customers,0,0.0,1,0.40634910651342016,74.25610719341302,Onboarding Sequence,10% discount on 2nd purchase within 30 days.
14543.0,17,36,14541.54,5,5,5,555,15,Champions,3,365.23,0,0.9276098173735627,1815.6337298822316,VIP Loyalty Program,"Early access to new launches, zero discount needed."
14544.0,270,2,2079.9,2,2,4,224,8,About to Sleep,1,902.53,0,0.44206203385840426,328.99163708442404,Suppress / Low-Cost Ads,Exclude from paid campaigns to save marketing budget.
14545.0,583,1,349.25,1,1,2,112,4,Hibernating / Lost,0,0.0,1,0.08209312548543346,32.276529745707485,Suppress / Low-Cost Ads,Exclude from paid campaigns to save marketing budget.
14546.0,110,8,3494.69,3,5,5,355,13,Loyal Customers,3,1703.21,0,0.7567306934663734,473.61990054302066,Cross-Sell Drive,Recommend bundle products based on purchase history.
14548.0,59,9,2627.49,4,5,4,454,13,Champions,0,0.0,1,0.7862275647004002,420.76752072390263,VIP Loyalty Program,"Early access to new launches, zero discount needed."
14549.0,220,4,916.55,3,4,3,343,10,Loyal Customers,0,0.0,1,0.4611210479297906,141.88025768157232,Cross-Sell Drive,Recommend bundle products based on purchase history.
14550.0,297,2,587.69,2,2,3,223,7,About to Sleep,2,765.62,0,0.3615137783602741,132.09103146279318,Suppress / Low-Cost Ads,Exclude from paid campaigns to save marketing budget.
14551.0,113,6,819.24,3,4,3,343,10,Loyal Customers,1,60.8,0,0.6057381016575597,137.729805838364,Cross-Sell Drive,Recommend bundle products based on purchase history.
14552.0,60,3,511.28,4,3,2,432,9,Loyal Customers,0,0.0,1,0.5353770262684998,159.0380931654823,Cross-Sell Drive,Recommend bundle products based on purchase history.
14553.0,127,6,1294.59,3,4,4,344,11,Loyal Customers,3,546.95,0,0.6378251641216026,221.60722139201897,Cross-Sell Drive,Recommend bundle products based on purchase history.
14555.0,211,5,2189.43,3,4,4,344,11,Loyal Customers,1,126.2,0,0.53113387030386,326.19949751480135,Cross-Sell Drive,Recommend bundle products based on purchase history.
14556.0,505,3,835.34,1,3,3,133,7,Others / Need Attention,0,0.0,1,0.1610654514437787,53.752174935784296,Suppress / Low-Cost Ads,Exclude from paid campaigns to save marketing budget.
14558.0,563,3,655.5,1,3,3,133,7,Others / Need Attention,0,0.0,1,0.12645238777702394,41.56546729280962,Suppress / Low-Cost Ads,Exclude from paid campaigns to save marketing budget.
14559.0,299,1,75.6,2,1,1,211,4,About to Sleep,0,0.0,1,0.22487626958578832,45.37549983070728,Suppress / Low-Cost Ads,Exclude from paid campaigns to save marketing budget.
14560.0,3,37,5441.46,5,5,5,555,15,Champions,7,672.57,0,0.9341336448627884,794.7878872010484,VIP Loyalty Program,"Early access to new launches, zero discount needed."
14561.0,71,2,566.99,4,2,3,423,9,Promising / Potential,1,513.77,0,0.5486289280947099,206.2136932044,Cross-Sell Drive,Recommend bundle products based on purchase history.
14562.0,1,15,3994.51,5,5,5,555,15,Champions,11,2734.89,0,0.8759779307599211,729.5227349337913,VIP Loyalty Program,"Early access to new launches, zero discount needed."
14563.0,418,2,679.44,1,2,3,123,6,Hibernating / Lost,0,0.0,1,0.23927808751823665,86.72919098537731,Suppress / Low-Cost Ads,Exclude from paid campaigns to save marketing budget.
14564.0,343,2,2605.62,2,2,4,224,8,About to Sleep,0,0.0,1,0.3570260695111177,303.7437212837406,Suppress / Low-Cost Ads,Exclude from paid campaigns to save marketing budget.
14565.0,4,5,3859.22,5,4,5,545,14,Champions,0,0.0,1,0.8024237308715115,739.8263054965629,VIP Loyalty Program,"Early access to new launches, zero discount needed."
14566.0,19,4,4092.0,5,4,5,545,14,Champions,0,0.0,1,0.7852134961412096,792.3976213169885,VIP Loyalty Program,"Early access to new launches, zero discount needed."
14567.0,39,1,800.76,4,1,3,413,8,New Customers,1,729.6,0,0.5739739575581585,353.51995842674023,Onboarding Sequence,10% discount on 2nd purchase within 30 days.
14568.0,344,1,919.7,2,1,3,213,6,About to Sleep,0,0.0,1,0.25975911583539135,146.76124471065586,Suppress / Low-Cost Ads,Exclude from paid campaigns to save marketing budget.
14569.0,361,3,371.59,1,3,2,132,6,Others / Need Attention,1,227.39,0,0.23978327953147538,58.00047995626122,Suppress / Low-Cost Ads,Exclude from paid campaigns to save marketing budget.
14570.0,189,3,613.75,3,3,3,333,9,Loyal Customers,0,0.0,1,0.4367419959307386,143.88003262246954,Cross-Sell Drive,Recommend bundle products based on purchase history.
14571.0,334,1,161.65,2,1,1,211,4,About to Sleep,0,0.0,1,0.19656619790092167,47.81718152116262,Suppress / Low-Cost Ads,Exclude from paid campaigns to save marketing budget.
14572.0,19,9,4871.78,5,5,5,555,15,Champions,2,743.4,0,0.8421487353205701,782.4489308318736,VIP Loyalty Program,"Early access to new launches, zero discount needed."
14573.0,88,13,2621.42,4,5,4,454,13,Champions,0,0.0,1,0.7840942467938715,348.7534450428437,VIP Loyalty Program,"Early access to new launches, zero discount needed."
14574.0,641,1,143.7,1,1,1,111,3,Hibernating / Lost,0,0.0,1,0.05208720979461445,13.101402344415337,Suppress / Low-Cost Ads,Exclude from paid campaigns to save marketing budget.
14575.0,397,1,460.71,1,1,2,112,4,Hibernating / Lost,0,0.0,1,0.18114104883631643,77.67054043331834,Suppress / Low-Cost Ads,Exclude from paid campaigns to save marketing budget.
14576.0,281,1,70.8,2,1,1,211,4,About to Sleep,0,0.0,1,0.240519936332933,48.532076552404924,Suppress / Low-Cost Ads,Exclude from paid campaigns to save marketing budget.
14577.0,72,6,1161.18,4,4,4,444,12,Champions,1,213.07,0,0.7161427569313057,253.76850254963307,VIP Loyalty Program,"Early access to new launches, zero discount needed."
14579.0,341,1,105.56,2,1,1,211,4,About to Sleep,0,0.0,1,0.19124032510587197,39.033395515749646,Suppress / Low-Cost Ads,Exclude from paid campaigns to save marketing budget.
14580.0,427,1,14.85,1,1,1,111,3,Hibernating / Lost,0,0.0,1,0.13477567755347253,114.61577284905682,Suppress / Low-Cost Ads,Exclude from paid campaigns to save marketing budget.
14581.0,453,1,295.2,1,1,2,112,4,Hibernating / Lost,1,138.6,0,0.14414580510540276,44.53000381769184,Suppress / Low-Cost Ads,Exclude from paid campaigns to save marketing budget.
14583.0,53,7,1516.12,4,4,4,444,12,Champions,1,264.91,0,0.7407769361683927,278.1838824772534,VIP Loyalty Program,"Early access to new launches, zero discount needed."
14584.0,78,8,1747.91,4,5,4,454,13,Champions,0,0.0,1,0.7645516294446794,327.22819031757035,VIP Loyalty Program,"Early access to new launches, zero discount needed."
14585.0,291,4,986.22,2,4,3,243,9,At Risk,1,157.05,0,0.44397695353105915,145.70234939365577,Standard Retention Push,Automated email re-engagement.
14586.0,185,1,237.36,3,1,1,311,5,Others / Need Attention,0,0.0,1,0.25822818490028976,72.04001567909738,Suppress / Low-Cost Ads,Exclude from paid campaigns to save marketing budget.
14587.0,93,8,1473.53,4,5,4,454,13,Champions,1,127.61,0,0.7511581514726955,260.74186516238626,VIP Loyalty Program,"Early access to new launches, zero discount needed."
14588.0,487,1,135.39,1,1,1,111,3,Hibernating / Lost,0,0.0,1,0.10418854997505744,27.471295356996205,Suppress / Low-Cost Ads,Exclude from paid campaigns to save marketing budget.
14589.0,280,1,79.5,2,1,1,211,4,About to Sleep,0,0.0,1,0.24141026540896637,48.71172701936277,Suppress / Low-Cost Ads,Exclude from paid campaigns to save marketing budget.
14590.0,333,20,3006.62,2,5,5,255,12,At Risk,0,0.0,1,0.6706836577796156,293.30473570184336,Standard Retention Push,Automated email re-engagement.
14591.0,122,1,250.22,3,1,1,311,5,Others / Need Attention,3,1196.92,0,0.32115750945589217,110.50053412406355,Suppress / Low-Cost Ads,Exclude from paid campaigns to save marketing budget.
14593.0,107,11,3433.61,3,5,5,355,13,Loyal Customers,1,278.4,0,0.7765834478440828,448.14274328610463,Cross-Sell Drive,Recommend bundle products based on purchase history.
14594.0,282,1,510.0,2,1,2,212,5,About to Sleep,1,124.83,0,0.2788796563646687,119.96285972063575,Suppress / Low-Cost Ads,Exclude from paid campaigns to save marketing budget.
14595.0,222,3,587.65,3,3,3,333,9,Loyal Customers,5,1576.8,0,0.3976979253966326,131.01737642154845,Cross-Sell Drive,Recommend bundle products based on purchase history.
14596.0,535,1,229.47,1,1,1,111,3,Hibernating / Lost,0,0.0,1,0.08430455346858567,21.16582972663233,Suppress / Low-Cost Ads,Exclude from paid campaigns to save marketing budget.
14597.0,100,5,1483.49,4,4,4,444,12,Champions,1,718.05,0,0.6806802602160408,293.4854929688308,VIP Loyalty Program,"Early access to new launches, zero discount needed."
14598.0,478,1,162.07,1,1,1,111,3,Hibernating / Lost,1,221.97,0,0.10834963125542307,26.35740041175872,Suppress / Low-Cost Ads,Exclude from paid campaigns to save marketing budget.
14599.0,299,2,474.54,2,2,2,222,6,About to Sleep,0,0.0,1,0.3136191558390957,92.33108867333733,Suppress / Low-Cost Ads,Exclude from paid campaigns to save marketing budget.
14600.0,214,2,865.17,3,2,3,323,8,Promising / Potential,0,0.0,1,0.3836871998346617,146.08605693199465,Cross-Sell Drive,Recommend bundle products based on purchase history.
14602.0,565,1,205.36,1,1,1,111,3,Hibernating / Lost,0,0.0,1,0.07369199443117469,18.631038240147824,Suppress / Low-Cost Ads,Exclude from paid campaigns to save marketing budget.
14603.0,183,1,660.0,3,1,3,313,7,Others / Need Attention,0,0.0,1,0.34613908014198536,176.99905321989928,Suppress / Low-Cost Ads,Exclude from paid campaigns to save marketing budget.
14604.0,542,1,143.86,1,1,1,111,3,Hibernating / Lost,0,0.0,1,0.08171129350790074,19.877292208529642,Suppress / Low-Cost Ads,Exclude from paid campaigns to save marketing budget.
14605.0,283,4,937.16,2,4,3,243,9,At Risk,0,0.0,1,0.4536138922320676,139.57041476802397,Standard Retention Push,Automated email re-engagement.
14606.0,2,170,28268.6,5,5,5,555,15,Champions,22,2592.46,0,0.9990212963351355,4546.350736946686,VIP Loyalty Program,"Early access to new launches, zero discount needed."
14607.0,170,9,8063.13,3,5,5,355,13,Loyal Customers,13,16074.5,0,0.7056321871731219,767.1050080185192,Cross-Sell Drive,Recommend bundle products based on purchase history.
14608.0,271,8,1771.79,2,5,4,254,11,At Risk,3,1581.15,0,0.6041829534244032,256.2637636030654,Standard Retention Push,Automated email re-engagement.
14609.0,52,9,1371.0,4,5,4,454,13,Champions,1,115.2,0,0.7919261807584603,286.73710090502743,VIP Loyalty Program,"Early access to new launches, zero discount needed."
14610.0,304,2,24.35,2,2,1,221,5,About to Sleep,0,0.0,1,0.266535680420233,129.5196061247999,Suppress / Low-Cost Ads,Exclude from paid campaigns to save marketing budget.
14611.0,352,2,604.33,1,2,3,123,6,Hibernating / Lost,0,0.0,1,0.302529173169623,111.81363873300666,Suppress / Low-Cost Ads,Exclude from paid campaigns to save marketing budget.
14612.0,324,1,877.7,2,1,3,213,6,About to Sleep,0,0.0,1,0.27891757457494837,155.1718366031485,Suppress / Low-Cost Ads,Exclude from paid campaigns to save marketing budget.
14613.0,589,1,76.32,1,1,1,111,3,Hibernating / Lost,0,0.0,1,0.0661030926524181,13.33741651776147,Suppress / Low-Cost Ads,Exclude from paid campaigns to save marketing budget.
14614.0,295,1,295.13,2,1,2,212,5,About to Sleep,0,0.0,1,0.26633559134203144,80.09316133481667,Suppress / Low-Cost Ads,Exclude from paid campaigns to save marketing budget.
14615.0,303,5,951.76,2,4,3,243,9,At Risk,0,0.0,1,0.43749812107372843,141.90560566741527,Standard Retention Push,Automated email re-engagement.
14616.0,151,5,527.78,3,4,2,342,9,Loyal Customers,0,0.0,1,0.5018956044208627,125.69680632110844,Cross-Sell Drive,Recommend bundle products based on purchase history.
14617.0,311,2,190.47,2,2,1,221,5,About to Sleep,0,0.0,1,0.259921948508845,42.69028131790016,Suppress / Low-Cost Ads,Exclude from paid campaigns to save marketing budget.
14618.0,246,5,1000.68,2,4,3,243,9,At Risk,2,341.64,0,0.5065497345025805,164.3029842021728,Standard Retention Push,Automated email re-engagement.
14619.0,154,2,1291.24,3,2,4,324,9,Promising / Potential,0,0.0,1,0.5057208610206965,252.78004167774958,Cross-Sell Drive,Recommend bundle products based on purchase history.
14620.0,114,2,412.78,3,2,2,322,7,Promising / Potential,0,0.0,1,0.45221943417990085,134.59195206383345,Cross-Sell Drive,Recommend bundle products based on purchase history.
14621.0,65,7,2215.12,4,4,4,444,12,Champions,2,785.45,0,0.729383170033514,382.3476002389903,VIP Loyalty Program,"Early access to new launches, zero discount needed."
14622.0,93,1,320.58,4,1,2,412,7,New Customers,0,0.0,1,0.45772429881983834,216.84446103138905,Onboarding Sequence,10% discount on 2nd purchase within 30 days.
14623.0,25,8,1779.04,5,5,4,554,14,Champions,2,280.54,0,0.8035470359687238,343.9182290489368,VIP Loyalty Program,"Early access to new launches, zero discount needed."
14624.0,324,4,588.22,2,4,3,243,9,At Risk,2,225.85,0,0.40476217669090464,114.05667864946366,Standard Retention Push,Automated email re-engagement.
14625.0,105,11,4497.88,4,5,5,455,14,Champions,0,0.0,1,0.7936605016485389,604.0506702867702,VIP Loyalty Program,"Early access to new launches, zero discount needed."
14626.0,31,9,4190.94,5,5,5,555,15,Champions,2,1219.98,0,0.8342375228951004,624.4321098334972,VIP Loyalty Program,"Early access to new launches, zero discount needed."
14627.0,288,1,462.75,2,1,2,212,5,About to Sleep,0,0.0,1,0.2730439467339013,114.8902149624869,Suppress / Low-Cost Ads,Exclude from paid campaigns to save marketing budget.
14628.0,0,5,1998.0,5,4,4,544,13,Champions,0,0.0,1,0.7714457890557185,551.2593458404765,VIP Loyalty Program,"Early access to new launches, zero discount needed."
14630.0,393,1,338.65,1,1,2,112,4,Hibernating / Lost,0,0.0,1,0.1840501315031492,76.51576438680691,Suppress / Low-Cost Ads,Exclude from paid campaigns to save marketing budget.
14631.0,144,5,1648.79,3,4,4,344,11,Loyal Customers,1,376.9,0,0.6108729161963615,325.0275072865758,Cross-Sell Drive,Recommend bundle products based on purchase history.
14632.0,171,1,114.56,3,1,1,311,5,Others / Need Attention,0,0.0,1,0.2715015596298963,51.351207114145296,Suppress / Low-Cost Ads,Exclude from paid campaigns to save marketing budget.
14633.0,175,1,344.9,3,1,2,312,6,Others / Need Attention,0,0.0,1,0.30964219342213806,130.28986208727545,Suppress / Low-Cost Ads,Exclude from paid campaigns to save marketing budget.
14634.0,346,4,2124.46,2,4,4,244,10,At Risk,0,0.0,1,0.4284343544563215,258.0109043674581,Standard Retention Push,Automated email re-engagement.
14635.0,362,1,215.22,1,1,1,111,3,Hibernating / Lost,0,0.0,1,0.17611086287914068,44.52489373009356,Suppress / Low-Cost Ads,Exclude from paid campaigns to save marketing budget.
14636.0,177,1,300.19,3,1,2,312,6,Others / Need Attention,1,309.66,0,0.3075656625949209,92.49198017860715,Suppress / Low-Cost Ads,Exclude from paid campaigns to save marketing budget.
14637.0,586,1,106.68,1,1,1,111,3,Hibernating / Lost,0,0.0,1,0.06701031509204947,13.520463982957196,Suppress / Low-Cost Ads,Exclude from paid campaigns to save marketing budget.
14639.0,29,7,3983.7,5,4,5,545,14,Champions,2,995.26,0,0.7931549843158529,592.8026490976456,VIP Loyalty Program,"Early access to new launches, zero discount needed."
14640.0,36,8,3043.04,5,5,5,555,15,Champions,2,624.02,0,0.8262995007286156,503.462455331057,VIP Loyalty Program,"Early access to new launches, zero discount needed."
14643.0,79,5,1679.89,4,4,4,444,12,Champions,0,0.0,1,0.7024772615643218,416.1773979343767,VIP Loyalty Program,"Early access to new launches, zero discount needed."
14644.0,207,6,1604.46,3,4,4,344,11,Loyal Customers,1,643.26,0,0.5439820562916327,291.86946322685685,Cross-Sell Drive,Recommend bundle products based on purchase history.
14645.0,65,3,876.89,4,3,3,433,10,Loyal Customers,0,0.0,1,0.5798320425538739,205.63436471191298,Cross-Sell Drive,Recommend bundle products based on purchase history.
14646.0,1,120,426699.12,5,5,5,555,15,Champions,31,101903.4,0,0.9949131465343765,66871.24716305773,VIP Loyalty Program,"Early access to new launches, zero discount needed."
14647.0,110,2,519.97,3,2,2,322,7,Promising / Potential,0,0.0,1,0.4570448792439693,157.67662115588914,Cross-Sell Drive,Recommend bundle products based on purchase history.
14648.0,325,15,4546.86,2,5,5,255,12,At Risk,0,0.0,1,0.643215286208021,438.5690506030219,Standard Retention Push,Automated email re-engagement.
14649.0,121,7,2942.24,3,4,5,345,12,Loyal Customers,2,833.07,0,0.6967375634173587,410.94393931075274,Cross-Sell Drive,Recommend bundle products based on purchase history.
14650.0,498,1,62.5,1,1,1,111,3,Hibernating / Lost,0,0.0,1,0.0992955267543264,21.572565173750355,Suppress / Low-Cost Ads,Exclude from paid campaigns to save marketing budget.
14651.0,120,8,1795.84,3,5,4,354,12,Loyal Customers,1,238.28,0,0.7071606622994489,259.1421331342316,Cross-Sell Drive,Recommend bundle products based on purchase history.
14653.0,247,6,2011.8,2,4,4,244,10,At Risk,6,1602.74,0,0.5641621461493872,359.0665941485066,Standard Retention Push,Automated email re-engagement.
14654.0,647,1,246.86,1,1,1,111,3,Hibernating / Lost,0,0.0,1,0.05066292020566232,14.998054588515618,Suppress / Low-Cost Ads,Exclude from paid campaigns to save marketing budget.
14655.0,131,4,2756.84,3,4,5,345,12,Loyal Customers,3,1121.67,0,0.6652393539491189,453.2751617730944,Cross-Sell Drive,Recommend bundle products based on purchase history.
14656.0,78,5,814.65,4,4,3,443,11,Champions,0,0.0,1,0.6591190210542172,196.7616550016328,VIP Loyalty Program,"Early access to new launches, zero discount needed."
14657.0,64,5,1251.59,4,4,4,444,12,Champions,1,209.28,0,0.7175234917491784,230.33817392316683,VIP Loyalty Program,"Early access to new launches, zero discount needed."
14658.0,26,1,123.14,5,1,1,511,7,New Customers,1,124.01,0,0.4812016900368411,110.13421704374608,Onboarding Sequence,10% discount on 2nd purchase within 30 days.
14659.0,54,6,1641.55,4,4,4,444,12,Champions,3,888.38,0,0.733604515318184,413.916581630052,VIP Loyalty Program,"Early access to new launches, zero discount needed."
14660.0,9,1,128.95,5,1,1,511,7,New Customers,1,156.79,0,0.5018855605534402,140.6131807118132,Onboarding Sequence,10% discount on 2nd purchase within 30 days.
14662.0,143,6,1170.02,3,4,4,344,11,Loyal Customers,1,246.31,0,0.6196469730124885,195.95322567925234,Cross-Sell Drive,Recommend bundle products based on purchase history.
14663.0,339,2,490.6,2,2,2,222,6,About to Sleep,0,0.0,1,0.2732863724771698,89.83597701983643,Suppress / Low-Cost Ads,Exclude from paid campaigns to save marketing budget.
14665.0,205,5,1645.61,3,4,4,344,11,Loyal Customers,2,1104.04,0,0.5384188699839956,304.7019723578767,Cross-Sell Drive,Recommend bundle products based on purchase history.
14667.0,3,47,18756.96,5,5,5,555,15,Champions,7,3170.18,0,0.9512786094912474,2217.2693221600234,VIP Loyalty Program,"Early access to new launches, zero discount needed."
14668.0,354,1,111.63,1,1,1,111,3,Hibernating / Lost,0,0.0,1,0.1818359719986612,37.11390581502724,Suppress / Low-Cost Ads,Exclude from paid campaigns to save marketing budget.
14669.0,150,7,3243.93,3,4,5,345,12,Loyal Customers,0,0.0,1,0.6660944663784957,389.3237748154454,Cross-Sell Drive,Recommend bundle products based on purchase history.
14670.0,189,3,602.0,3,3,3,333,9,Loyal Customers,0,0.0,1,0.43674236074710815,143.88015280736505,Cross-Sell Drive,Recommend bundle products based on purchase history.
14671.0,458,2,1127.45,1,2,3,123,6,Hibernating / Lost,0,0.0,1,0.20563260629567637,96.09881661344693,Suppress / Low-Cost Ads,Exclude from paid campaigns to save marketing budget.
14672.0,143,4,1113.14,3,4,3,343,10,Loyal Customers,0,0.0,1,0.5545450584903151,174.50022068971398,Cross-Sell Drive,Recommend bundle products based on purchase history.
14673.0,276,3,2047.9,2,3,4,234,9,At Risk,4,1362.91,0,0.45092175696769654,318.09856665640996,Standard Retention Push,Automated email re-engagement.
14674.0,418,1,173.66,1,1,1,111,3,Hibernating / Lost,0,0.0,1,0.13996547076884047,32.810061590701345,Suppress / Low-Cost Ads,Exclude from paid campaigns to save marketing budget.
14675.0,297,1,462.15,2,1,2,212,5,About to Sleep,1,604.75,0,0.2644330410470118,111.26695644596472,Suppress / Low-Cost Ads,Exclude from paid campaigns to save marketing budget.
14676.0,56,10,7499.47,4,5,5,455,14,Champions,2,857.32,0,0.8253745088529704,1001.6455576715553,VIP Loyalty Program,"Early access to new launches, zero discount needed."
14677.0,501,1,184.91,1,1,1,111,3,Hibernating / Lost,0,0.0,1,0.09799541555930014,23.82344188648299,Suppress / Low-Cost Ads,Exclude from paid campaigns to save marketing budget.
14678.0,488,1,403.39,1,1,2,112,4,Hibernating / Lost,0,0.0,1,0.12436803203659308,53.32713000706543,Suppress / Low-Cost Ads,Exclude from paid campaigns to save marketing budget.
14679.0,290,3,1289.44,2,3,4,234,9,At Risk,0,0.0,1,0.4341309869232747,211.45269568623442,Standard Retention Push,Automated email re-engagement.
14680.0,4,56,54081.22,5,5,5,555,15,Champions,2,3331.55,0,0.9627306144400678,7904.90420675423,VIP Loyalty Program,"Early access to new launches, zero discount needed."
14681.0,120,4,770.15,3,4,3,343,10,Loyal Customers,2,105.0,0,0.5820222576183874,162.42187449528367,Cross-Sell Drive,Recommend bundle products based on purchase history.
14682.0,96,6,1514.81,4,4,4,444,12,Champions,0,0.0,1,0.6917917479134382,284.21441051255266,VIP Loyalty Program,"Early access to new launches, zero discount needed."
14683.0,497,1,146.56,1,1,1,111,3,Hibernating / Lost,0,0.0,1,0.099730881288702,24.260781888100116,Suppress / Low-Cost Ads,Exclude from paid campaigns to save marketing budget.
14684.0,124,3,751.53,3,3,3,333,9,Loyal Customers,3,717.02,0,0.5155118980876097,172.17800788038912,Cross-Sell Drive,Recommend bundle products based on purchase history.
14685.0,485,8,4619.79,1,5,5,155,11,Can't Lose Them,0,0.0,1,0.24223153088723637,176.2466908954534,Executive Outreach,Feedback survey + customized high-value offer.
14686.0,323,5,885.83,2,4,3,243,9,At Risk,0,0.0,1,0.41369958916884475,112.20002550249954,Standard Retention Push,Automated email re-engagement.
14687.0,15,3,1402.06,5,3,4,534,12,Loyal Customers,0,0.0,1,0.6776426503607419,449.53521213042217,Cross-Sell Drive,Recommend bundle products based on purchase history.
14688.0,1,23,6290.32,5,5,5,555,15,Champions,5,1423.25,0,0.9012947084304862,1039.546773593958,VIP Loyalty Program,"Early access to new launches, zero discount needed."
14689.0,117,1,112.8,3,1,1,311,5,Others / Need Attention,0,0.0,1,0.3264917693614877,55.53904230371325,Suppress / Low-Cost Ads,Exclude from paid campaigns to save marketing budget.
14690.0,60,3,639.34,4,3,3,433,10,Loyal Customers,1,154.99,0,0.5857585244406843,197.66171511652,Cross-Sell Drive,Recommend bundle products based on purchase history.
14691.0,5,2,1274.68,5,2,4,524,11,Promising / Potential,3,839.65,0,0.6668312069764377,394.0916485157829,Cross-Sell Drive,Recommend bundle products based on purchase history.
14692.0,46,12,1745.09,4,5,4,454,13,Champions,0,0.0,1,0.8118620386726072,218.41960748943103,VIP Loyalty Program,"Early access to new launches, zero discount needed."
14693.0,173,7,1165.36,3,4,4,344,11,Loyal Customers,0,0.0,1,0.5924543103538435,201.1222826169853,Cross-Sell Drive,Recommend bundle products based on purchase history.
14694.0,526,1,244.31,1,1,1,111,3,Hibernating / Lost,0,0.0,1,0.08774941628805677,26.61297168203918,Suppress / Low-Cost Ads,Exclude from paid campaigns to save marketing budget.
14695.0,428,3,1620.07,1,3,4,134,8,Others / Need Attention,0,0.0,1,0.2552540169305857,188.52511666434847,Suppress / Low-Cost Ads,Exclude from paid campaigns to save marketing budget.
14696.0,28,6,2147.49,5,4,4,544,13,Champions,2,620.41,0,0.752554301302447,493.4753516934997,VIP Loyalty Program,"Early access to new launches, zero discount needed."
14697.0,127,2,188.61,3,2,1,321,6,Promising / Potential,0,0.0,1,0.3870558734642744,69.56439473756144,Cross-Sell Drive,Recommend bundle products based on purchase history.
14699.0,123,4,702.6,3,4,3,343,10,Loyal Customers,0,0.0,1,0.5784667136635613,165.25918814586115,Cross-Sell Drive,Recommend bundle products based on purchase history.
14700.0,98,4,2438.56,4,4,4,444,12,Champions,1,677.7,0,0.675765543373911,427.8413831880373,VIP Loyalty Program,"Early access to new launches, zero discount needed."
14701.0,81,13,3971.0,4,5,5,455,14,Champions,2,591.09,0,0.8217617155167757,616.8574397230376,VIP Loyalty Program,"Early access to new launches, zero discount needed."
14702.0,25,21,5149.78,5,5,5,555,15,Champions,8,1604.44,0,0.8839837053402095,803.4150295503993,VIP Loyalty Program,"Early access to new launches, zero discount needed."
14704.0,51,4,487.82,4,4,2,442,10,Champions,7,1325.75,0,0.6350643785971368,199.94987008000652,VIP Loyalty Program,"Early access to new launches, zero discount needed."
14705.0,107,1,179.0,3,1,1,311,5,Others / Need Attention,0,0.0,1,0.33728548555602855,76.77165127138916,Suppress / Low-Cost Ads,Exclude from paid campaigns to save marketing budget.
14706.0,527,1,390.69,1,1,2,112,4,Hibernating / Lost,0,0.0,1,0.10511999381279469,39.97374784112705,Suppress / Low-Cost Ads,Exclude from paid campaigns to save marketing budget.
14707.0,344,2,139.2,2,2,1,221,5,About to Sleep,0,0.0,1,0.23022480156506286,37.92095166599087,Suppress / Low-Cost Ads,Exclude from paid campaigns to save marketing budget.
14708.0,63,4,1787.09,4,4,4,444,12,Champions,1,425.19,0,0.7119500534677009,416.82886665739665,VIP Loyalty Program,"Early access to new launches, zero discount needed."
14709.0,2,21,7918.03,5,5,5,555,15,Champions,4,968.3,0,0.8949511675670301,1197.8282698076437,VIP Loyalty Program,"Early access to new launches, zero discount needed."
14710.0,288,9,1316.46,2,5,4,254,11,At Risk,4,606.13,0,0.5920263315999521,203.0926092031352,Standard Retention Push,Automated email re-engagement.
14711.0,0,9,2365.42,5,5,4,554,14,Champions,2,503.38,0,0.8266974029706163,415.54913037589563,VIP Loyalty Program,"Early access to new launches, zero discount needed."
14712.0,21,2,526.72,5,2,2,522,9,Promising / Potential,2,801.35,0,0.5514719602164104,211.54793850467345,Cross-Sell Drive,Recommend bundle products based on purchase history.
14713.0,8,19,4782.12,5,5,5,555,15,Champions,2,636.75,0,0.8858718699214593,825.0221994965381,VIP Loyalty Program,"Early access to new launches, zero discount needed."
14714.0,316,3,746.05,2,3,3,233,8,At Risk,1,160.19,0,0.3551976295480258,117.01610333552284,Standard Retention Push,Automated email re-engagement.
14715.0,3,7,1567.82,5,4,4,544,13,Champions,1,272.63,0,0.7800943060789732,351.4042038516865,VIP Loyalty Program,"Early access to new launches, zero discount needed."
14716.0,57,2,424.33,4,2,2,422,8,Promising / Potential,1,141.12,0,0.5146422402162041,155.865177100379,Cross-Sell Drive,Recommend bundle products based on purchase history.
14717.0,642,1,81.3,1,1,1,111,3,Hibernating / Lost,0,0.0,1,0.05184772166173146,10.461154411270655,Suppress / Low-Cost Ads,Exclude from paid campaigns to save marketing budget.
14718.0,319,1,226.42,2,1,1,211,4,About to Sleep,0,0.0,1,0.20835497606903952,52.310412246203775,Suppress / Low-Cost Ads,Exclude from paid campaigns to save marketing budget.
14719.0,88,2,488.12,4,2,2,422,8,Promising / Potential,3,1114.01,0,0.4769266526863659,179.59327715436868,Cross-Sell Drive,Recommend bundle products based on purchase history.
14720.0,35,1,155.8,5,1,1,511,7,New Customers,2,508.01,0,0.47027182033958737,115.12218955033367,Onboarding Sequence,10% discount on 2nd purchase within 30 days.
14721.0,288,1,115.77,2,1,1,211,4,About to Sleep,0,0.0,1,0.23434823914531955,47.05526957938997,Suppress / Low-Cost Ads,Exclude from paid campaigns to save marketing budget.
14722.0,56,3,513.37,4,3,2,432,9,Loyal Customers,0,0.0,1,0.5402180218925016,160.47615022674583,Cross-Sell Drive,Recommend bundle products based on purchase history.
14723.0,267,8,1405.76,2,5,4,254,11,At Risk,3,687.3,0,0.608841911042383,216.11059768556902,Standard Retention Push,Automated email re-engagement.
14724.0,499,1,345.25,1,1,2,112,4,Hibernating / Lost,0,0.0,1,0.11865264654927754,49.32785362927195,Suppress / Low-Cost Ads,Exclude from paid campaigns to save marketing budget.
14725.0,303,3,597.16,2,3,3,233,8,At Risk,1,718.08,0,0.3698280094820299,121.83592730893679,Standard Retention Push,Automated email re-engagement.
14726.0,563,1,124.75,1,1,1,111,3,Hibernating / Lost,0,0.0,1,0.07436018036231618,16.912189407601662,Suppress / Low-Cost Ads,Exclude from paid campaigns to save marketing budget.
14727.0,183,3,467.93,3,3,2,332,8,Loyal Customers,0,0.0,1,0.39415188720725136,98.55862424152265,Cross-Sell Drive,Recommend bundle products based on purchase history.
14728.0,322,1,190.58,2,1,1,211,4,About to Sleep,0,0.0,1,0.20595669083435508,53.56986820510399,Suppress / Low-Cost Ads,Exclude from paid campaigns to save marketing budget.
14729.0,282,3,907.38,2,3,3,233,8,At Risk,0,0.0,1,0.3939480950222398,136.39725509637208,Standard Retention Push,Automated email re-engagement.
14730.0,16,5,904.21,5,4,3,543,12,Champions,3,1100.85,0,0.7178857850215841,278.24714328536965,VIP Loyalty Program,"Early access to new launches, zero discount needed."
14731.0,114,2,251.02,3,2,1,321,6,Promising / Potential,1,129.0,0,0.4021735964836086,75.51140973696431,Cross-Sell Drive,Recommend bundle products based on purchase history.
14732.0,52,16,4432.88,4,5,5,455,14,Champions,3,1084.19,0,0.8539449268441707,641.0158459454519,VIP Loyalty Program,"Early access to new launches, zero discount needed."
14733.0,19,14,15643.26,5,5,5,555,15,Champions,1,541.71,0,0.8621939218072578,1678.984881565826,VIP Loyalty Program,"Early access to new launches, zero discount needed."
14734.0,334,4,1056.42,2,4,3,243,9,At Risk,0,0.0,1,0.39307383231051995,128.99719320409295,Standard Retention Push,Automated email re-engagement.
14735.0,8,47,9770.18,5,5,5,555,15,Champions,9,2469.98,0,0.9501915263828198,1300.0970078875616,VIP Loyalty Program,"Early access to new launches, zero discount needed."
14736.0,394,2,401.08,1,2,2,122,5,Hibernating / Lost,0,0.0,1,0.22365681044787744,65.31893392600215,Suppress / Low-Cost Ads,Exclude from paid campaigns to save marketing budget.
14737.0,37,3,3471.37,4,3,5,435,12,Loyal Customers,1,82.8,0,0.7042347926289335,492.56166700117,Cross-Sell Drive,Recommend bundle products based on purchase history.
14738.0,42,7,1265.1,4,4,4,444,12,Champions,2,556.8,0,0.7509341143752938,276.5039066667148,VIP Loyalty Program,"Early access to new launches, zero discount needed."
14739.0,3,22,10632.8,5,5,5,555,15,Champions,3,1654.7,0,0.8974558091203696,1748.9177151458452,VIP Loyalty Program,"Early access to new launches, zero discount needed."
14740.0,106,11,4161.06,4,5,5,455,14,Champions,0,0.0,1,0.7928689910151849,603.4482558694931,VIP Loyalty Program,"Early access to new launches, zero discount needed."
14741.0,22,5,1362.21,5,4,4,544,13,Champions,2,535.38,0,0.752027844653135,375.4254835442097,VIP Loyalty Program,"Early access to new launches, zero discount needed."
14742.0,344,1,579.85,2,1,3,213,6,About to Sleep,0,0.0,1,0.25976736366534037,139.3091647244718,Suppress / Low-Cost Ads,Exclude from paid campaigns to save marketing budget.
14743.0,501,1,50.48,1,1,1,111,3,Hibernating / Lost,0,0.0,1,0.09799691530542354,14.109033396411148,Suppress / Low-Cost Ads,Exclude from paid campaigns to save marketing budget.
14744.0,206,12,3713.13,3,5,5,355,13,Loyal Customers,2,171.95,0,0.6891064370941777,343.310690134673,Cross-Sell Drive,Recommend bundle products based on purchase history.
14745.0,21,12,2571.81,5,5,4,554,14,Champions,0,0.0,1,0.8258562171649403,370.9483867204816,VIP Loyalty Program,"Early access to new launches, zero discount needed."
14746.0,315,4,593.5,2,4,3,243,9,At Risk,0,0.0,1,0.41536217522104457,117.04361936591359,Standard Retention Push,Automated email re-engagement.
14747.0,158,1,328.2,3,1,2,312,6,Others / Need Attention,0,0.0,1,0.3276090887122749,147.349614777902,Suppress / Low-Cost Ads,Exclude from paid campaigns to save marketing budget.
14748.0,32,9,2855.34,5,5,5,555,15,Champions,1,296.98,0,0.8335865115670987,490.9429841467716,VIP Loyalty Program,"Early access to new launches, zero discount needed."
14749.0,388,1,310.15,1,1,2,112,4,Hibernating / Lost,0,0.0,1,0.18773480514134688,59.59606240483248,Suppress / Low-Cost Ads,Exclude from paid campaigns to save marketing budget.
14750.0,645,1,112.03,1,1,1,111,3,Hibernating / Lost,0,0.0,1,0.05113415384395703,10.317180040065807,Suppress / Low-Cost Ads,Exclude from paid campaigns to save marketing budget.
14751.0,593,2,126.45,1,2,1,121,4,Hibernating / Lost,0,0.0,1,0.08180338700676482,13.072573149719716,Suppress / Low-Cost Ads,Exclude from paid campaigns to save marketing budget.
14753.0,369,1,306.36,1,1,2,112,4,Hibernating / Lost,1,563.15,0,0.20225068091129705,62.47995622574846,Suppress / Low-Cost Ads,Exclude from paid campaigns to save marketing budget.
14754.0,204,5,1140.7,3,4,3,343,10,Loyal Customers,1,409.78,0,0.4885474733416344,158.46382364267745,Cross-Sell Drive,Recommend bundle products based on purchase history.
14755.0,21,21,7829.95,5,5,5,555,15,Champions,4,2142.6,0,0.8859319964498946,1077.6543631860363,VIP Loyalty Program,"Early access to new launches, zero discount needed."
14756.0,291,2,1914.8,2,2,4,224,8,About to Sleep,1,738.96,0,0.41701867879843557,305.4319609860918,Suppress / Low-Cost Ads,Exclude from paid campaigns to save marketing budget.
14758.0,53,7,2864.97,4,4,5,445,13,Champions,0,0.0,1,0.7780899694135941,486.8334436748519,VIP Loyalty Program,"Early access to new launches, zero discount needed."
14759.0,21,2,870.85,5,2,3,523,10,Promising / Potential,1,755.12,0,0.6014010215609726,256.1033522250736,Cross-Sell Drive,Recommend bundle products based on purchase history.
14760.0,206,1,89.2,3,1,1,311,5,Others / Need Attention,0,0.0,1,0.2391351735640409,48.25265932931966,Suppress / Low-Cost Ads,Exclude from paid campaigns to save marketing budget.
14761.0,243,2,289.52,3,2,2,322,7,Promising / Potential,1,158.4,0,0.3058097468042389,58.10379445856247,Cross-Sell Drive,Recommend bundle products based on purchase history.
14762.0,172,2,417.57,3,2,2,322,7,Promising / Potential,0,0.0,1,0.3836450009131127,113.43348681814669,Cross-Sell Drive,Recommend bundle products based on purchase history.
14765.0,21,2,95.5,5,2,1,521,8,Promising / Potential,1,158.61,0,0.5004861147806997,53.1784939521807,Cross-Sell Drive,Recommend bundle products based on purchase history.
14766.0,77,9,5614.08,4,5,5,455,14,Champions,2,942.05,0,0.8051888771801385,752.8831223495889,VIP Loyalty Program,"Early access to new launches, zero discount needed."
14767.0,383,1,382.81,1,1,2,112,4,Hibernating / Lost,0,0.0,1,0.19147395852685734,79.60209632667157,Suppress / Low-Cost Ads,Exclude from paid campaigns to save marketing budget.
14768.0,36,1,133.2,5,1,1,511,7,New Customers,1,59.4,0,0.46905978060209275,96.34338308418272,Onboarding Sequence,10% discount on 2nd purchase within 30 days.
14769.0,17,15,11585.07,5,5,5,555,15,Champions,2,4186.81,0,0.8671533703735715,1688.6426151140863,VIP Loyalty Program,"Early access to new launches, zero discount needed."
14770.0,141,8,3637.64,3,5,5,355,13,Loyal Customers,0,0.0,1,0.7278781390354647,433.95099490598943,Cross-Sell Drive,Recommend bundle products based on purchase history.
14771.0,530,2,594.62,1,2,3,123,6,Hibernating / Lost,0,0.0,1,0.1542107240505023,51.12548141435901,Suppress / Low-Cost Ads,Exclude from paid campaigns to save marketing budget.
14772.0,21,1,139.26,5,1,1,511,7,New Customers,0,0.0,1,0.48728121622381027,131.7888665940423,Onboarding Sequence,10% discount on 2nd purchase within 30 days.
14773.0,501,1,140.55,1,1,1,111,3,Hibernating / Lost,0,0.0,1,0.09799591045206213,23.838728573158612,Suppress / Low-Cost Ads,Exclude from paid campaigns to save marketing budget.
14774.0,437,1,241.45,1,1,1,111,3,Hibernating / Lost,0,0.0,1,0.1291950317601881,37.025714000642864,Suppress / Low-Cost Ads,Exclude from paid campaigns to save marketing budget.
14775.0,46,2,1108.02,4,2,3,423,9,Promising / Potential,1,310.44,0,0.5785411054751517,269.23652449993534,Cross-Sell Drive,Recommend bundle products based on purchase history.
14776.0,14,12,3032.22,5,5,5,555,15,Champions,3,676.08,0,0.8575750511240068,410.137181456452,VIP Loyalty Program,"Early access to new launches, zero discount needed."
14777.0,312,1,307.56,2,1,2,212,5,About to Sleep,0,0.0,1,0.2504773840337956,76.19136965295665,Suppress / Low-Cost Ads,Exclude from paid campaigns to save marketing budget.
14778.0,36,2,730.86,5,2,3,523,10,Promising / Potential,0,0.0,1,0.5837750670607211,219.42410692287802,Cross-Sell Drive,Recommend bundle products based on purchase history.
14779.0,189,3,386.15,3,3,2,332,8,Loyal Customers,0,0.0,1,0.3872002514879507,96.82035106572471,Cross-Sell Drive,Recommend bundle products based on purchase history.
14782.0,228,1,200.1,3,1,1,311,5,Others / Need Attention,0,0.0,1,0.22019041531859063,55.03523137490081,Suppress / Low-Cost Ads,Exclude from paid campaigns to save marketing budget.
14783.0,568,1,307.3,1,1,2,112,4,Hibernating / Lost,0,0.0,1,0.08776758914111771,27.11345693803401,Suppress / Low-Cost Ads,Exclude from paid campaigns to save marketing budget.
14784.0,232,2,274.62,3,2,2,322,7,Promising / Potential,1,175.31,0,0.31729674523148765,60.28632200236226,Cross-Sell Drive,Recommend bundle products based on purchase history.
14786.0,459,1,90.96,1,1,1,111,3,Hibernating / Lost,0,0.0,1,0.11761703991973982,24.00640364963464,Suppress / Low-Cost Ads,Exclude from paid campaigns to save marketing budget.
14787.0,380,1,110.65,1,1,1,111,3,Hibernating / Lost,0,0.0,1,0.16375506969795528,33.42347593108739,Suppress / Low-Cost Ads,Exclude from paid campaigns to save marketing budget.
14788.0,505,1,476.88,1,1,2,112,4,Hibernating / Lost,2,679.44,0,0.11562983628254453,49.58032390767948,Suppress / Low-Cost Ads,Exclude from paid campaigns to save marketing budget.
14790.0,28,8,2145.6,5,5,4,554,14,Champions,2,381.02,0,0.8012236266316977,414.3985926914385,VIP Loyalty Program,"Early access to new launches, zero discount needed."
14791.0,515,1,303.63,1,1,2,112,4,Hibernating / Lost,0,0.0,1,0.11074546361548077,34.21185870780899,Suppress / Low-Cost Ads,Exclude from paid campaigns to save marketing budget.
14793.0,444,1,396.91,1,1,2,112,4,Hibernating / Lost,1,228.99,0,0.14963492972985692,62.20821975913793,Suppress / Low-Cost Ads,Exclude from paid campaigns to save marketing budget.
14794.0,112,7,1313.53,3,4,4,344,11,Loyal Customers,3,640.37,0,0.6617508515259485,228.28157627890948,Cross-Sell Drive,Recommend bundle products based on purchase history.
14795.0,75,1,131.45,4,1,1,411,6,New Customers,0,0.0,1,0.4288431164939198,96.72450297039754,Onboarding Sequence,10% discount on 2nd purchase within 30 days.
14796.0,3,24,9460.52,5,5,5,555,15,Champions,3,1429.12,0,0.9032346617234058,1499.1873514608271,VIP Loyalty Program,"Early access to new launches, zero discount needed."
14797.0,416,1,300.31,1,1,2,112,4,Hibernating / Lost,0,0.0,1,0.1678244171694886,51.84487978539953,Suppress / Low-Cost Ads,Exclude from paid campaigns to save marketing budget.
14798.0,53,7,647.97,4,4,3,443,11,Champions,1,76.34,0,0.6995992842945904,163.9237529680806,VIP Loyalty Program,"Early access to new launches, zero discount needed."
14799.0,646,1,180.45,1,1,1,111,3,Hibernating / Lost,1,157.7,0,0.05089801478799838,12.794142447004624,Suppress / Low-Cost Ads,Exclude from paid campaigns to save marketing budget.
14800.0,18,14,7275.02,5,5,5,555,15,Champions,3,499.3,0,0.8628964068524647,989.3303931632682,VIP Loyalty Program,"Early access to new launches, zero discount needed."
14802.0,347,2,1502.98,2,2,4,224,8,About to Sleep,0,0.0,1,0.3525995812752424,217.382079931136,Suppress / Low-Cost Ads,Exclude from paid campaigns to save marketing budget.
14803.0,71,3,845.55,4,3,3,433,10,Loyal Customers,0,0.0,1,0.5726996779255462,196.20875473935658,Cross-Sell Drive,Recommend bundle products based on purchase history.
14805.0,222,4,659.24,3,4,3,343,10,Loyal Customers,3,445.4,0,0.45871030379941047,129.25855410052415,Cross-Sell Drive,Recommend bundle products based on purchase history.
14806.0,348,1,110.04,2,1,1,211,4,About to Sleep,1,193.39,0,0.18602418547415245,37.968747454742804,Suppress / Low-Cost Ads,Exclude from paid campaigns to save marketing budget.
14807.0,299,2,519.29,2,2,2,222,6,About to Sleep,0,0.0,1,0.31361794003276067,103.09395890622092,Suppress / Low-Cost Ads,Exclude from paid campaigns to save marketing budget.
14808.0,53,6,1846.31,4,4,4,444,12,Champions,2,894.86,0,0.7345499219583038,417.46424894986905,VIP Loyalty Program,"Early access to new launches, zero discount needed."
14809.0,530,2,686.76,1,2,3,123,6,Hibernating / Lost,0,0.0,1,0.1542092072540805,51.1249785508406,Suppress / Low-Cost Ads,Exclude from paid campaigns to save marketing budget.
14810.0,12,12,2318.47,5,5,4,554,14,Champions,1,218.55,0,0.8320731210917085,342.44698601636173,VIP Loyalty Program,"Early access to new launches, zero discount needed."
14811.0,296,1,170.5,2,1,1,211,4,About to Sleep,0,0.0,1,0.2274304541595914,52.70585302925939,Suppress / Low-Cost Ads,Exclude from paid campaigns to save marketing budget.
14812.0,507,1,185.8,1,1,1,111,3,Hibernating / Lost,0,0.0,1,0.09544330634925025,23.203004439419054,Suppress / Low-Cost Ads,Exclude from paid campaigns to save marketing budget.
14813.0,278,4,1090.87,2,4,3,243,9,At Risk,0,0.0,1,0.4596493699905042,150.84565217245012,Standard Retention Push,Automated email re-engagement.
14814.0,490,1,160.46,1,1,1,111,3,Hibernating / Lost,0,0.0,1,0.10283282044813213,25.015367312440656,Suppress / Low-Cost Ads,Exclude from paid campaigns to save marketing budget.
14816.0,106,1,271.85,4,1,2,412,7,New Customers,0,0.0,1,0.4420620808054755,137.83537908707547,Onboarding Sequence,10% discount on 2nd purchase within 30 days.
14817.0,109,7,3959.86,3,4,5,345,12,Loyal Customers,0,0.0,1,0.7089126475184035,558.7665280149714,Cross-Sell Drive,Recommend bundle products based on purchase history.
14818.0,78,5,922.24,4,4,3,443,11,Champions,1,248.17,0,0.659115970044839,214.47304944186044,VIP Loyalty Program,"Early access to new launches, zero discount needed."
14819.0,101,3,282.81,4,3,2,432,9,Loyal Customers,1,187.35,0,0.48554100759066054,77.32019575340479,Cross-Sell Drive,Recommend bundle products based on purchase history.
14820.0,82,6,907.24,4,4,3,443,11,Champions,3,367.52,0,0.6619555760257501,211.17334627952246,VIP Loyalty Program,"Early access to new launches, zero discount needed."
14821.0,275,7,1286.45,2,4,4,244,10,At Risk,0,0.0,1,0.5384168500703966,189.92726282431684,Standard Retention Push,Automated email re-engagement.
14822.0,394,1,157.7,1,1,1,111,3,Hibernating / Lost,0,0.0,1,0.1546324371507226,37.61627072841298,Suppress / Low-Cost Ads,Exclude from paid campaigns to save marketing budget.
14823.0,89,3,321.43,4,3,2,432,9,Loyal Customers,0,0.0,1,0.5001425288669084,114.60873246813726,Cross-Sell Drive,Recommend bundle products based on purchase history.
14824.0,0,7,3337.11,5,4,5,545,14,Champions,3,685.8,0,0.8153761839416713,523.8532725094404,VIP Loyalty Program,"Early access to new launches, zero discount needed."
14825.0,36,19,4037.54,5,5,5,555,15,Champions,5,887.54,0,0.8713574504535616,639.3496746499076,VIP Loyalty Program,"Early access to new launches, zero discount needed."
14826.0,490,2,385.2,1,2,2,122,5,Hibernating / Lost,0,0.0,1,0.1529178789650334,43.29878537033624,Suppress / Low-Cost Ads,Exclude from paid campaigns to save marketing budget.
14828.0,105,13,9839.46,4,5,5,455,14,Champions,0,0.0,1,0.8038817334595811,1035.2353644288569,VIP Loyalty Program,"Early access to new launches, zero discount needed."
14829.0,93,6,1526.92,4,4,4,444,12,Champions,1,165.92,0,0.6948970648004932,285.49019301671086,VIP Loyalty Program,"Early access to new launches, zero discount needed."
14831.0,589,3,1676.57,1,3,4,134,8,Others / Need Attention,0,0.0,1,0.13532342086082683,61.35348654375824,Suppress / Low-Cost Ads,Exclude from paid campaigns to save marketing budget.
14832.0,539,1,322.69,1,1,2,112,4,Hibernating / Lost,0,0.0,1,0.09974998184240769,43.886782720177976,Suppress / Low-Cost Ads,Exclude from paid campaigns to save marketing budget.
14833.0,407,1,94.8,1,1,1,111,3,Hibernating / Lost,0,0.0,1,0.14653894707865123,29.909553210683555,Suppress / Low-Cost Ads,Exclude from paid campaigns to save marketing budget.
14834.0,29,3,915.16,5,3,3,533,11,Loyal Customers,4,1291.0,0,0.615413608431425,218.2531787092534,Cross-Sell Drive,Recommend bundle products based on purchase history.
14835.0,437,2,297.0,1,2,2,122,5,Hibernating / Lost,0,0.0,1,0.18941244168597493,36.43621832210929,Suppress / Low-Cost Ads,Exclude from paid campaigns to save marketing budget.
14837.0,14,8,3156.38,5,5,5,555,15,Champions,1,303.94,0,0.8411389275305716,553.284454968666,VIP Loyalty Program,"Early access to new launches, zero discount needed."
14838.0,332,2,773.67,2,2,3,223,7,About to Sleep,0,0.0,1,0.3231712851168841,118.08133173752508,Suppress / Low-Cost Ads,Exclude from paid campaigns to save marketing budget.
14839.0,327,3,915.28,2,3,3,233,8,At Risk,0,0.0,1,0.3430235534310343,118.76557270509323,Standard Retention Push,Automated email re-engagement.
14840.0,176,2,362.71,3,2,2,322,7,Promising / Potential,0,0.0,1,0.37905193520940916,112.0754410812913,Cross-Sell Drive,Recommend bundle products based on purchase history.
14841.0,88,12,6242.81,4,5,5,455,14,Champions,2,920.19,0,0.8118112128298213,754.6413074500325,VIP Loyalty Program,"Early access to new launches, zero discount needed."
14842.0,4,3,1901.52,5,3,4,534,12,Loyal Customers,1,923.17,0,0.6892155538776172,464.4057524951186,Cross-Sell Drive,Recommend bundle products based on purchase history.
14843.0,345,1,211.8,2,1,1,211,4,About to Sleep,0,0.0,1,0.188244118983395,47.59246111242293,Suppress / Low-Cost Ads,Exclude from paid campaigns to save marketing budget.
14844.0,32,9,5770.3,5,5,5,555,15,Champions,1,932.13,0,0.8335354693906067,772.6210514867917,VIP Loyalty Program,"Early access to new launches, zero discount needed."
14845.0,508,1,150.0,1,1,1,111,3,Hibernating / Lost,0,0.0,1,0.09502416898319965,23.115815362403072,Suppress / Low-Cost Ads,Exclude from paid campaigns to save marketing budget.
14846.0,336,1,437.4,2,1,2,212,5,About to Sleep,0,0.0,1,0.22918154352860753,99.06123138919781,Suppress / Low-Cost Ads,Exclude from paid campaigns to save marketing budget.
14847.0,57,3,1348.95,4,3,4,434,11,Loyal Customers,0,0.0,1,0.6377716579940073,318.18223859646105,Cross-Sell Drive,Recommend bundle products based on purchase history.
14848.0,313,1,310.56,2,1,2,212,5,About to Sleep,0,0.0,1,0.24956433976801262,78.0085890848655,Suppress / Low-Cost Ads,Exclude from paid campaigns to save marketing budget.
14849.0,4,35,13617.44,5,5,5,555,15,Champions,8,2146.01,0,0.929682039099006,1980.6074906575332,VIP Loyalty Program,"Early access to new launches, zero discount needed."
14850.0,220,7,1794.01,3,4,4,344,11,Loyal Customers,0,0.0,1,0.536236838305294,230.52388993676297,Cross-Sell Drive,Recommend bundle products based on purchase history.
14851.0,165,2,524.19,3,2,2,322,7,Promising / Potential,1,305.22,0,0.3917322876514052,134.25825969410062,Cross-Sell Drive,Recommend bundle products based on purchase history.
14852.0,5,17,5498.91,5,5,5,555,15,Champions,1,648.27,0,0.880743660611218,856.5702886283581,VIP Loyalty Program,"Early access to new launches, zero discount needed."
14853.0,120,4,1115.57,3,4,3,343,10,Loyal Customers,1,261.3,0,0.5820116517589912,189.1577118030016,Cross-Sell Drive,Recommend bundle products based on purchase history.
14854.0,42,10,3864.66,4,5,5,455,14,Champions,1,458.2,0,0.8350456053796643,533.480398088206,VIP Loyalty Program,"Early access to new launches, zero discount needed."
14855.0,28,7,6520.3,5,4,5,545,14,Champions,0,0.0,1,0.7939002614834776,734.7932072956772,VIP Loyalty Program,"Early access to new launches, zero discount needed."
14857.0,57,6,3001.25,4,4,5,445,13,Champions,1,650.6,0,0.7690472851061034,551.8578583624541,VIP Loyalty Program,"Early access to new launches, zero discount needed."
14858.0,414,1,180.75,1,1,1,111,3,Hibernating / Lost,0,0.0,1,0.14232623078811646,34.600605229854224,Suppress / Low-Cost Ads,Exclude from paid campaigns to save marketing budget.
14859.0,113,2,648.76,3,2,3,323,8,Promising / Potential,3,1056.88,0,0.504465295965112,186.33789156143683,Cross-Sell Drive,Recommend bundle products based on purchase history.
14861.0,289,9,1254.94,2,5,4,254,11,At Risk,1,125.79,0,0.5908516869681224,178.192709731902,Standard Retention Push,Automated email re-engagement.
14862.0,57,1,304.1,4,1,2,412,7,New Customers,1,537.1,0,0.5014439553196418,153.54132069239145,Onboarding Sequence,10% discount on 2nd purchase within 30 days.
14865.0,281,3,114.72,2,3,1,231,6,At Risk,1,15.0,0,0.30253886824509657,11.406652751897361,Standard Retention Push,Automated email re-engagement.
14866.0,14,11,7624.22,5,5,5,555,15,Champions,8,13226.0,0,0.8535320145320462,1149.5491194641,VIP Loyalty Program,"Early access to new launches, zero discount needed."
14867.0,94,16,2952.06,4,5,5,455,14,Champions,0,0.0,1,0.8265792427023686,408.9495394953634,VIP Loyalty Program,"Early access to new launches, zero discount needed."
14868.0,29,8,2527.49,5,5,4,554,14,Champions,4,1656.52,0,0.8004393441903488,464.87005664159676,VIP Loyalty Program,"Early access to new launches, zero discount needed."
14869.0,12,5,2469.85,5,4,4,544,13,Champions,1,334.39,0,0.7609702659364571,529.3637173926686,VIP Loyalty Program,"Early access to new launches, zero discount needed."
14870.0,170,6,1838.95,3,4,4,344,11,Loyal Customers,0,0.0,1,0.5881940577007414,326.79414554431327,Cross-Sell Drive,Recommend bundle products based on purchase history.
14871.0,87,8,1091.34,4,5,3,453,12,Champions,1,167.63,0,0.7169394771469064,229.48937911800198,VIP Loyalty Program,"Early access to new launches, zero discount needed."
14872.0,392,3,816.6,1,3,3,133,7,Others / Need Attention,0,0.0,1,0.24971533302517257,83.33719084133963,Suppress / Low-Cost Ads,Exclude from paid campaigns to save marketing budget.
14873.0,119,2,854.13,3,2,3,323,8,Promising / Potential,0,0.0,1,0.49715557910897556,190.53719141101976,Cross-Sell Drive,Recommend bundle products based on purchase history.
14874.0,444,1,116.18,1,1,1,111,3,Hibernating / Lost,0,0.0,1,0.12541057903893005,25.4718172085362,Suppress / Low-Cost Ads,Exclude from paid campaigns to save marketing budget.
14875.0,16,3,2862.4,5,3,5,535,13,Loyal Customers,0,0.0,1,0.7196317886698829,499.6942001243202,Cross-Sell Drive,Recommend bundle products based on purchase history.
14876.0,430,2,256.7,1,2,1,121,4,Hibernating / Lost,0,0.0,1,0.16458867804571464,31.08188666540044,Suppress / Low-Cost Ads,Exclude from paid campaigns to save marketing budget.
14877.0,327,2,437.0,2,2,2,222,6,About to Sleep,0,0.0,1,0.28504380458878986,83.91835864380624,Suppress / Low-Cost Ads,Exclude from paid campaigns to save marketing budget.
14878.0,82,22,3702.72,4,5,5,455,14,Champions,3,402.52,0,0.8596919744510875,475.0034480984541,VIP Loyalty Program,"Early access to new launches, zero discount needed."
14879.0,593,1,185.06,1,1,1,111,3,Hibernating / Lost,0,0.0,1,0.06491006944480393,16.316327428110345,Suppress / Low-Cost Ads,Exclude from paid campaigns to save marketing budget.
14880.0,94,2,363.27,4,2,2,422,8,Promising / Potential,1,342.92,0,0.4696481707619675,139.77918529904534,Cross-Sell Drive,Recommend bundle products based on purchase history.
14882.0,299,12,3038.45,2,5,5,255,12,At Risk,2,589.7,0,0.6501539626446962,307.2254803838225,Standard Retention Push,Automated email re-engagement.
14883.0,72,2,358.48,4,2,2,422,8,Promising / Potential,4,403.11,0,0.49639010309496123,150.33731257128832,Cross-Sell Drive,Recommend bundle products based on purchase history.
14884.0,578,1,120.6,1,1,1,111,3,Hibernating / Lost,0,0.0,1,0.06948689767419913,16.340974085493492,Suppress / Low-Cost Ads,Exclude from paid campaigns to save marketing budget.
14885.0,40,3,1598.12,4,3,4,434,11,Loyal Customers,0,0.0,1,0.6566601386503104,434.973265774964,Cross-Sell Drive,Recommend bundle products based on purchase history.
14886.0,161,1,364.8,3,1,2,312,6,Others / Need Attention,0,0.0,1,0.3243986151571224,136.49900345623504,Suppress / Low-Cost Ads,Exclude from paid campaigns to save marketing budget.
14888.0,116,1,369.2,3,1,2,312,6,Others / Need Attention,0,0.0,1,0.37413238826936845,172.91901625389644,Suppress / Low-Cost Ads,Exclude from paid campaigns to save marketing budget.
14889.0,245,1,135.9,3,1,1,311,5,Others / Need Attention,0,0.0,1,0.20630875328578024,53.777826939220944,Suppress / Low-Cost Ads,Exclude from paid campaigns to save marketing budget.
14890.0,162,3,817.25,3,3,3,333,9,Loyal Customers,0,0.0,1,0.46929869652864353,156.96863845928868,Cross-Sell Drive,Recommend bundle products based on purchase history.
14891.0,57,4,1106.73,4,4,3,443,11,Champions,0,0.0,1,0.674683145397228,234.6692532972949,VIP Loyalty Program,"Early access to new launches, zero discount needed."
14892.0,599,1,202.35,1,1,1,111,3,Hibernating / Lost,0,0.0,1,0.06315915099143443,16.510581684872353,Suppress / Low-Cost Ads,Exclude from paid campaigns to save marketing budget.
14893.0,526,1,571.76,1,1,3,113,5,Hibernating / Lost,2,1237.85,0,0.12652812566810645,67.31302527231946,Suppress / Low-Cost Ads,Exclude from paid campaigns to save marketing budget.
14894.0,352,2,837.06,1,2,3,123,6,Hibernating / Lost,1,655.75,0,0.30252297523142613,113.5198225836011,Suppress / Low-Cost Ads,Exclude from paid campaigns to save marketing budget.
14895.0,0,31,21955.62,5,5,5,555,15,Champions,7,3163.92,0,0.9221330289214763,2492.061910894793,VIP Loyalty Program,"Early access to new launches, zero discount needed."
14896.0,113,8,2092.42,3,5,4,354,12,Loyal Customers,0,0.0,1,0.7141608135686108,389.03421628227073,Cross-Sell Drive,Recommend bundle products based on purchase history.
14897.0,205,5,1949.66,3,4,4,344,11,Loyal Customers,3,1190.88,0,0.5384093328463716,325.42222689924387,Cross-Sell Drive,Recommend bundle products based on purchase history.
14898.0,43,13,3215.59,4,5,5,455,14,Champions,1,292.22,0,0.8472824011926305,478.04000321428504,VIP Loyalty Program,"Early access to new launches, zero discount needed."
14899.0,304,1,1384.88,2,1,4,214,7,About to Sleep,0,0.0,1,0.34348707137532397,260.70908271045715,Suppress / Low-Cost Ads,Exclude from paid campaigns to save marketing budget.
14900.0,431,1,13.92,1,1,1,111,3,Hibernating / Lost,0,0.0,1,0.1325207177218839,112.69811256692938,Suppress / Low-Cost Ads,Exclude from paid campaigns to save marketing budget.
14901.0,10,8,1690.48,5,5,4,554,14,Champions,4,599.17,0,0.8148228400971811,367.04814940096867,VIP Loyalty Program,"Early access to new launches, zero discount needed."
14902.0,304,2,702.96,2,2,3,223,7,About to Sleep,1,332.66,0,0.3536811954405501,129.22913789520382,Suppress / Low-Cost Ads,Exclude from paid campaigns to save marketing budget.
14903.0,33,4,2411.82,5,4,4,544,13,Champions,1,398.81,0,0.7356787809222931,476.73686321180816,VIP Loyalty Program,"Early access to new launches, zero discount needed."
14904.0,317,2,615.2,2,2,3,223,7,About to Sleep,2,1025.44,0,0.33935230484514867,123.99360317492582,Suppress / Low-Cost Ads,Exclude from paid campaigns to save marketing budget.
14905.0,66,8,1971.39,4,5,4,454,13,Champions,0,0.0,1,0.7749013157198755,400.78450514374356,VIP Loyalty Program,"Early access to new launches, zero discount needed."
14906.0,354,1,68.44,1,1,1,111,3,Hibernating / Lost,0,0.0,1,0.18183678297507622,37.11407134059379,Suppress / Low-Cost Ads,Exclude from paid campaigns to save marketing budget.
14907.0,8,14,5272.87,5,5,5,555,15,Champions,2,892.92,0,0.8685843828720495,844.7447410730979,VIP Loyalty Program,"Early access to new launches, zero discount needed."
14908.0,372,1,104.1,1,1,1,111,3,Hibernating / Lost,1,277.8,0,0.1691592592182013,34.52650619873127,Suppress / Low-Cost Ads,Exclude from paid campaigns to save marketing budget.
14909.0,346,3,1404.68,2,3,4,234,9,At Risk,0,0.0,1,0.36872496648154784,220.3917011820401,Standard Retention Push,Automated email re-engagement.
14911.0,2,309,234125.25,5,5,5,555,15,Champions,89,61847.38,0,0.9999884575810146,31478.7626861849,VIP Loyalty Program,"Early access to new launches, zero discount needed."
14912.0,155,5,1504.19,3,4,4,344,11,Loyal Customers,1,385.06,0,0.598073169648166,256.17848049782964,Cross-Sell Drive,Recommend bundle products based on purchase history.
14913.0,92,7,3762.85,4,4,5,445,13,Champions,1,310.28,0,0.743562673290441,454.8861615998559,VIP Loyalty Program,"Early access to new launches, zero discount needed."
14915.0,0,11,1811.25,5,5,4,554,14,Champions,0,0.0,1,0.8357232516340712,396.6796278691915,VIP Loyalty Program,"Early access to new launches, zero discount needed."
14916.0,2,7,2741.73,5,4,5,545,14,Champions,1,301.22,0,0.8139171463062455,504.1678595402722,VIP Loyalty Program,"Early access to new launches, zero discount needed."
14917.0,505,2,1123.75,1,2,3,123,6,Hibernating / Lost,0,0.0,1,0.17075385966908663,79.79884193454794,Suppress / Low-Cost Ads,Exclude from paid campaigns to save marketing budget.
14918.0,24,9,5955.81,5,5,5,555,15,Champions,0,0.0,1,0.8388669887638521,777.562945689795,VIP Loyalty Program,"Early access to new launches, zero discount needed."
14919.0,448,1,359.35,1,1,2,112,4,Hibernating / Lost,0,0.0,1,0.14717422575936134,61.18522323262418,Suppress / Low-Cost Ads,Exclude from paid campaigns to save marketing budget.
14920.0,121,3,1607.17,3,3,4,334,10,Loyal Customers,0,0.0,1,0.5698639395828717,364.98296714258055,Cross-Sell Drive,Recommend bundle products based on purchase history.
14921.0,110,1,903.01,3,1,3,313,7,Others / Need Attention,1,413.06,0,0.43029363801048504,262.93380451114336,Suppress / Low-Cost Ads,Exclude from paid campaigns to save marketing budget.
14922.0,302,2,843.74,2,2,3,223,7,About to Sleep,0,0.0,1,0.35590626340691367,132.02924262126103,Suppress / Low-Cost Ads,Exclude from paid campaigns to save marketing budget.
14924.0,154,3,931.01,3,3,3,333,9,Loyal Customers,0,0.0,1,0.4790066329302419,159.02452918740542,Cross-Sell Drive,Recommend bundle products based on purchase history.
14926.0,290,2,359.4,2,2,2,222,6,About to Sleep,0,0.0,1,0.32313133224211865,95.13152221380174,Suppress / Low-Cost Ads,Exclude from paid campaigns to save marketing budget.
14927.0,305,1,308.2,2,1,2,212,5,About to Sleep,0,0.0,1,0.25693021153696305,78.15422058058476,Suppress / Low-Cost Ads,Exclude from paid campaigns to save marketing budget.
14928.0,536,1,223.91,1,1,1,111,3,Hibernating / Lost,0,0.0,1,0.08392949960326135,19.869565165688837,Suppress / Low-Cost Ads,Exclude from paid campaigns to save marketing budget.
14929.0,330,1,612.81,2,1,3,213,6,About to Sleep,1,223.88,0,0.2730868248081836,139.6436063158475,Suppress / Low-Cost Ads,Exclude from paid campaigns to save marketing budget.
14930.0,17,6,5246.63,5,4,5,545,14,Champions,0,0.0,1,0.7974090353160844,821.3766857182778,VIP Loyalty Program,"Early access to new launches, zero discount needed."
14931.0,115,2,586.0,3,2,3,323,8,Promising / Potential,3,671.68,0,0.502032921705507,185.4394283873626,Cross-Sell Drive,Recommend bundle products based on purchase history.
14932.0,274,2,1029.66,2,2,3,223,7,About to Sleep,0,0.0,1,0.38772849778659124,175.40562596902785,Suppress / Low-Cost Ads,Exclude from paid campaigns to save marketing budget.
14933.0,352,4,1770.0,1,4,4,144,9,Can't Lose Them,0,0.0,1,0.2605253168640842,144.2131065755254,Executive Outreach,Feedback survey + customized high-value offer.
14934.0,191,4,2441.4,3,4,4,344,11,Loyal Customers,1,1062.1,0,0.5473342603889044,336.14907783861315,Cross-Sell Drive,Recommend bundle products based on purchase history.
14935.0,206,2,2849.83,3,2,5,325,10,Promising / Potential,0,0.0,1,0.4935587155047606,598.4673240238462,Cross-Sell Drive,Recommend bundle products based on purchase history.
14936.0,17,7,9346.67,5,4,5,545,14,Champions,5,3064.14,0,0.8024692169382803,1490.33988748956,VIP Loyalty Program,"Early access to new launches, zero discount needed."
14937.0,39,1,759.56,4,1,3,413,8,New Customers,2,862.32,0,0.5739752290965232,337.8602434491383,Onboarding Sequence,10% discount on 2nd purchase within 30 days.
14938.0,471,2,2322.43,1,2,4,124,7,Hibernating / Lost,0,0.0,1,0.22967061394019161,159.5620973375376,Suppress / Low-Cost Ads,Exclude from paid campaigns to save marketing budget.
14940.0,326,2,531.49,2,2,2,222,6,About to Sleep,0,0.0,1,0.28603466343334283,99.83885370629355,Suppress / Low-Cost Ads,Exclude from paid campaigns to save marketing budget.
14941.0,487,1,182.1,1,1,1,111,3,Hibernating / Lost,0,0.0,1,0.10418799973837434,25.32890689701763,Suppress / Low-Cost Ads,Exclude from paid campaigns to save marketing budget.
14942.0,310,4,746.56,2,4,3,243,9,At Risk,0,0.0,1,0.4212811393655156,118.71150591816712,Standard Retention Push,Automated email re-engagement.
14943.0,572,1,107.62,1,1,1,111,3,Hibernating / Lost,0,0.0,1,0.07139983055481669,14.40612293912616,Suppress / Low-Cost Ads,Exclude from paid campaigns to save marketing budget.
14944.0,3,14,7048.61,5,5,5,555,15,Champions,5,2736.06,0,0.8713132375525822,1074.739185472395,VIP Loyalty Program,"Early access to new launches, zero discount needed."
14945.0,322,1,179.4,2,1,1,211,4,About to Sleep,0,0.0,1,0.20595692159734813,50.06971729023605,Suppress / Low-Cost Ads,Exclude from paid campaigns to save marketing budget.
14947.0,39,5,937.47,4,4,3,443,11,Champions,1,112.32,0,0.7004083800661511,221.44524610045013,VIP Loyalty Program,"Early access to new launches, zero discount needed."
14948.0,7,4,639.23,5,4,3,543,12,Champions,2,462.74,0,0.7202525073667205,271.0020075607899,VIP Loyalty Program,"Early access to new launches, zero discount needed."
14949.0,378,4,515.0,1,4,2,142,7,Can't Lose Them,0,0.0,1,0.17091828306573043,42.20309412993985,Executive Outreach,Feedback survey + customized high-value offer.
14952.0,115,28,13064.47,3,5,5,355,13,Loyal Customers,4,4564.88,0,0.8522100741613896,1543.9979484228725,Cross-Sell Drive,Recommend bundle products based on purchase history.
14953.0,327,3,723.95,2,3,3,233,8,At Risk,1,289.82,0,0.3430289954812219,113.00727550853206,Standard Retention Push,Automated email re-engagement.
14954.0,612,1,167.27,1,1,1,111,3,Hibernating / Lost,1,336.17,0,0.05951612300000875,14.969983542551894,Suppress / Low-Cost Ads,Exclude from paid campaigns to save marketing budget.
14955.0,641,1,163.77,1,1,1,111,3,Hibernating / Lost,0,0.0,1,0.052087084725394694,13.101370885979083,Suppress / Low-Cost Ads,Exclude from paid campaigns to save marketing budget.
14956.0,330,1,1325.0,2,1,4,214,7,About to Sleep,0,0.0,1,0.3155329520057052,201.21785877212528,Suppress / Low-Cost Ads,Exclude from paid campaigns to save marketing budget.
14957.0,162,2,333.29,3,2,2,322,7,Promising / Potential,0,0.0,1,0.39522397145033783,94.64770136120572,Cross-Sell Drive,Recommend bundle products based on purchase history.
14958.0,56,6,957.94,4,4,3,443,11,Champions,0,0.0,1,0.6896763741179246,232.4451965008396,VIP Loyalty Program,"Early access to new launches, zero discount needed."
14959.0,18,3,537.32,5,3,2,532,10,Loyal Customers,1,158.1,0,0.5790810658606027,229.51152791994627,Cross-Sell Drive,Recommend bundle products based on purchase history.
14960.0,80,1,88.3,4,1,1,411,6,New Customers,1,132.97,0,0.42289215970475524,77.49099443377676,Onboarding Sequence,10% discount on 2nd purchase within 30 days.
14961.0,0,20,14283.4,5,5,5,555,15,Champions,2,2126.75,0,0.8927496652375249,1836.6809045851196,VIP Loyalty Program,"Early access to new launches, zero discount needed."
14962.0,179,4,366.91,3,4,2,342,9,Loyal Customers,0,0.0,1,0.45987028000079966,96.32279003895033,Cross-Sell Drive,Recommend bundle products based on purchase history.
14963.0,92,8,1970.88,4,5,4,454,13,Champions,4,1193.6,0,0.7520554305777931,380.0201575426862,VIP Loyalty Program,"Early access to new launches, zero discount needed."
14964.0,156,1,206.21,3,1,1,311,5,Others / Need Attention,0,0.0,1,0.28618297016930494,71.52966197931619,Suppress / Low-Cost Ads,Exclude from paid campaigns to save marketing budget.
14965.0,5,2,599.0,5,2,3,523,10,Promising / Potential,0,0.0,1,0.6199281383694624,279.56201195835405,Cross-Sell Drive,Recommend bundle products based on purchase history.
14966.0,296,5,924.52,2,4,3,243,9,At Risk,1,191.32,0,0.44590353506998237,133.01428309521046,Standard Retention Push,Automated email re-engagement.
14967.0,350,5,1518.81,1,4,4,144,9,Can't Lose Them,1,463.8,0,0.2686794799673985,115.08608714128808,Executive Outreach,Feedback survey + customized high-value offer.
14968.0,367,1,357.4,1,1,2,112,4,Hibernating / Lost,1,147.59,0,0.2038253482028075,84.73698003784389,Suppress / Low-Cost Ads,Exclude from paid campaigns to save marketing budget.
14969.0,612,1,906.23,1,1,3,113,5,Hibernating / Lost,0,0.0,1,0.08700371461747114,31.35278569660659,Suppress / Low-Cost Ads,Exclude from paid campaigns to save marketing budget.
14970.0,46,11,4447.04,4,5,5,455,14,Champions,1,472.31,0,0.8367723047537996,622.6698816109158,VIP Loyalty Program,"Early access to new launches, zero discount needed."
14972.0,37,2,145.07,4,2,1,421,7,Promising / Potential,0,0.0,1,0.4878198298492311,76.63150384537893,Cross-Sell Drive,Recommend bundle products based on purchase history.
14973.0,16,3,1314.45,5,3,4,534,12,Loyal Customers,0,0.0,1,0.6765805685278492,371.38196451671917,Cross-Sell Drive,Recommend bundle products based on purchase history.
14975.0,330,1,192.45,2,1,1,211,4,About to Sleep,1,279.94,0,0.19965951921856895,51.9319575737184,Suppress / Low-Cost Ads,Exclude from paid campaigns to save marketing budget.
14976.0,10,4,559.96,5,4,2,542,11,Champions,3,230.9,0,0.6740121312981886,246.3490036484132,VIP Loyalty Program,"Early access to new launches, zero discount needed."
14977.0,634,1,31.93,1,1,1,111,3,Hibernating / Lost,0,0.0,1,0.05379663994005501,29.212460163939074,Suppress / Low-Cost Ads,Exclude from paid campaigns to save marketing budget.
14978.0,144,9,2748.0,3,5,5,355,13,Loyal Customers,1,394.14,0,0.7313586865938762,401.0226705673875,Cross-Sell Drive,Recommend bundle products based on purchase history.
14979.0,644,1,439.46,1,1,2,112,4,Hibernating / Lost,0,0.0,1,0.06231234058084545,23.152920463105513,Suppress / Low-Cost Ads,Exclude from paid campaigns to save marketing budget.
14980.0,646,1,150.68,1,1,1,111,3,Hibernating / Lost,0,0.0,1,0.05089819629666903,12.802331914439373,Suppress / Low-Cost Ads,Exclude from paid campaigns to save marketing budget.
14981.0,155,2,372.92,3,2,2,322,7,Promising / Potential,0,0.0,1,0.4033976282894717,119.27380636300485,Cross-Sell Drive,Recommend bundle products based on purchase history.
14982.0,481,1,237.78,1,1,1,111,3,Hibernating / Lost,0,0.0,1,0.10694561028098393,30.649302267582467,Suppress / Low-Cost Ads,Exclude from paid campaigns to save marketing budget.
14983.0,598,1,183.2,1,1,1,111,3,Hibernating / Lost,0,0.0,1,0.06344800270303985,15.948810340477912,Suppress / Low-Cost Ads,Exclude from paid campaigns to save marketing budget.
14984.0,89,5,1168.32,4,4,4,444,12,Champions,1,103.09,0,0.6922155520134545,237.6221420542956,VIP Loyalty Program,"Early access to new launches, zero discount needed."
14985.0,107,2,296.75,3,2,2,322,7,Promising / Potential,0,0.0,1,0.4606788316939573,88.1079101388179,Cross-Sell Drive,Recommend bundle products based on purchase history.
14986.0,285,2,566.9,2,2,3,223,7,About to Sleep,0,0.0,1,0.37510673960038277,137.0576700207581,Suppress / Low-Cost Ads,Exclude from paid campaigns to save marketing budget.
14987.0,274,7,1550.65,2,4,4,244,10,At Risk,1,163.2,0,0.5396183825726018,172.16303331280963,Standard Retention Push,Automated email re-engagement.
14988.0,120,7,2066.6,3,4,4,344,11,Loyal Customers,0,0.0,1,0.6529564000798327,297.1144856602882,Cross-Sell Drive,Recommend bundle products based on purchase history.
14989.0,570,1,342.4,1,1,2,112,4,Hibernating / Lost,0,0.0,1,0.08699070526495012,33.07976333194642,Suppress / Low-Cost Ads,Exclude from paid campaigns to save marketing budget.
14990.0,521,2,305.42,1,2,2,122,5,Hibernating / Lost,0,0.0,1,0.1343743260176694,24.808778801001797,Suppress / Low-Cost Ads,Exclude from paid campaigns to save marketing budget.
14991.0,339,1,314.67,2,1,2,212,5,About to Sleep,0,0.0,1,0.22661407720357418,104.701229141359,Suppress / Low-Cost Ads,Exclude from paid campaigns to save marketing budget.
14992.0,351,1,210.5,1,1,1,111,3,Hibernating / Lost,0,0.0,1,0.18401727908417587,46.5238183594997,Suppress / Low-Cost Ads,Exclude from paid campaigns to save marketing budget.
14993.0,472,1,36.13,1,1,1,111,3,Hibernating / Lost,0,0.0,1,0.11120598246757274,58.40646835532963,Suppress / Low-Cost Ads,Exclude from paid campaigns to save marketing budget.
14994.0,291,5,960.63,2,4,3,243,9,At Risk,0,0.0,1,0.4519249525860237,146.58505036671949,Standard Retention Push,Automated email re-engagement.
14995.0,189,1,119.31,3,1,1,311,5,Others / Need Attention,1,113.92,0,0.25451811274694724,57.22707291593369,Suppress / Low-Cost Ads,Exclude from paid campaigns to save marketing budget.
14996.0,390,2,442.29,1,2,2,122,5,Hibernating / Lost,0,0.0,1,0.22705573970393655,66.31159064435154,Suppress / Low-Cost Ads,Exclude from paid campaigns to save marketing budget.
14997.0,87,2,385.68,4,2,2,422,8,Promising / Potential,2,390.92,0,0.47814465180836063,142.3079531565817,Cross-Sell Drive,Recommend bundle products based on purchase history.
14998.0,79,4,770.73,4,4,3,443,11,Champions,0,0.0,1,0.6507572848365979,203.99448573626213,VIP Loyalty Program,"Early access to new launches, zero discount needed."
14999.0,501,1,129.48,1,1,1,111,3,Hibernating / Lost,0,0.0,1,0.09799603395247447,22.287835765362164,Suppress / Low-Cost Ads,Exclude from paid campaigns to save marketing budget.
15001.0,303,2,230.86,2,2,1,221,5,About to Sleep,0,0.0,1,0.2674835022474733,48.582846512373365,Suppress / Low-Cost Ads,Exclude from paid campaigns to save marketing budget.
15002.0,24,9,4817.28,5,5,5,555,15,Champions,0,0.0,1,0.8388864112598999,744.6048866826198,VIP Loyalty Program,"Early access to new launches, zero discount needed."
15003.0,382,6,1060.7,1,4,3,143,8,Can't Lose Them,0,0.0,1,0.20921355351945092,67.3999388902655,Executive Outreach,Feedback survey + customized high-value offer.
15004.0,56,1,1246.32,4,1,4,414,9,New Customers,0,0.0,1,0.6034797477933088,425.9602986771331,Onboarding Sequence,10% discount on 2nd purchase within 30 days.
15005.0,4,48,12312.13,5,5,5,555,15,Champions,8,1794.07,0,0.952563784081453,1970.149269958769,VIP Loyalty Program,"Early access to new launches, zero discount needed."
15006.0,362,1,323.05,1,1,2,112,4,Hibernating / Lost,1,502.09,0,0.20780521515064299,99.95152464152618,Suppress / Low-Cost Ads,Exclude from paid campaigns to save marketing budget.
15007.0,68,1,156.91,4,1,1,411,6,New Customers,0,0.0,1,0.43720985615893126,105.47384541927067,Onboarding Sequence,10% discount on 2nd purchase within 30 days.
15008.0,389,2,360.0,1,2,2,122,5,Hibernating / Lost,0,0.0,1,0.22791320587634978,64.53375531426153,Suppress / Low-Cost Ads,Exclude from paid campaigns to save marketing budget.
15011.0,304,2,416.6,2,2,2,222,6,About to Sleep,0,0.0,1,0.30840416652525093,90.79576906099149,Suppress / Low-Cost Ads,Exclude from paid campaigns to save marketing budget.
15012.0,282,2,628.64,2,2,3,223,7,About to Sleep,1,231.98,0,0.37853495475609045,138.3102819628195,Suppress / Low-Cost Ads,Exclude from paid campaigns to save marketing budget.
15013.0,396,10,1641.3,1,5,4,154,10,Can't Lose Them,0,0.0,1,0.3000146832466748,120.97713882432781,Executive Outreach,Feedback survey + customized high-value offer.
15014.0,85,1,117.73,4,1,1,411,6,New Customers,1,142.44,0,0.4169612698158336,120.06147793685918,Onboarding Sequence,10% discount on 2nd purchase within 30 days.
15015.0,410,13,2365.02,1,5,4,154,10,Can't Lose Them,0,0.0,1,0.3059609126124304,102.59976421959458,Executive Outreach,Feedback survey + customized high-value offer.
15016.0,81,5,630.3,4,4,3,443,11,Champions,0,0.0,1,0.655834819749178,195.7812480288459,VIP Loyalty Program,"Early access to new launches, zero discount needed."
15018.0,161,2,402.59,3,2,2,322,7,Promising / Potential,1,204.87,0,0.39638625030975483,117.20073086418093,Cross-Sell Drive,Recommend bundle products based on purchase history.
15019.0,175,1,266.0,3,1,1,311,5,Others / Need Attention,0,0.0,1,0.2676629319678556,79.02275400431266,Suppress / Low-Cost Ads,Exclude from paid campaigns to save marketing budget.
15020.0,288,1,203.42,2,1,1,211,4,About to Sleep,0,0.0,1,0.23434625420383737,58.57339568249861,Suppress / Low-Cost Ads,Exclude from paid campaigns to save marketing budget.
15021.0,65,8,1988.09,4,5,4,454,13,Champions,4,795.74,0,0.7757490950148865,401.2229826612407,VIP Loyalty Program,"Early access to new launches, zero discount needed."
15022.0,586,1,281.05,1,1,2,112,4,Hibernating / Lost,4,905.04,0,0.08099978717978173,25.872222452667344,Suppress / Low-Cost Ads,Exclude from paid campaigns to save marketing budget.
15023.0,25,17,10478.24,5,5,5,555,15,Champions,3,1692.44,0,0.8700594373103747,1510.7456195217537,VIP Loyalty Program,"Early access to new launches, zero discount needed."
15024.0,22,11,3259.8,5,5,5,555,15,Champions,5,815.71,0,0.8486659022989859,477.82990861198243,VIP Loyalty Program,"Early access to new launches, zero discount needed."
15025.0,477,1,636.08,1,1,3,113,5,Hibernating / Lost,1,377.01,0,0.15532370060557454,80.01646785542128,Suppress / Low-Cost Ads,Exclude from paid campaigns to save marketing budget.
15026.0,149,4,823.39,3,4,3,343,10,Loyal Customers,1,238.22,0,0.5473266454067073,150.14241314860763,Cross-Sell Drive,Recommend bundle products based on purchase history.
15027.0,77,9,3096.42,4,5,5,455,14,Champions,1,99.18,0,0.8052387163226417,339.3455593278627,VIP Loyalty Program,"Early access to new launches, zero discount needed."
15028.0,277,3,716.55,2,3,3,233,8,At Risk,3,441.16,0,0.39978098203795986,131.7036174066177,Standard Retention Push,Automated email re-engagement.
15029.0,528,1,365.1,1,1,2,112,4,Hibernating / Lost,0,0.0,1,0.10466315766550949,39.800027768532566,Suppress / Low-Cost Ads,Exclude from paid campaigns to save marketing budget.
15030.0,177,7,1614.39,3,4,4,344,11,Loyal Customers,1,365.52,0,0.5877297950987386,246.3936980988873,Cross-Sell Drive,Recommend bundle products based on purchase history.
15031.0,19,12,2750.23,5,5,5,555,15,Champions,2,406.35,0,0.854580058317499,403.8615250819275,VIP Loyalty Program,"Early access to new launches, zero discount needed."
15032.0,165,8,13780.65,3,5,5,355,13,Loyal Customers,0,0.0,1,0.7038604466676383,1409.8977096391957,Cross-Sell Drive,Recommend bundle products based on purchase history.
15033.0,18,6,1629.1,5,4,4,544,13,Champions,4,957.57,0,0.7615210312696057,469.0876731890646,VIP Loyalty Program,"Early access to new launches, zero discount needed."
15034.0,141,11,6669.62,3,5,5,355,13,Loyal Customers,3,1643.78,0,0.7464777615161764,822.4394792669351,Cross-Sell Drive,Recommend bundle products based on purchase history.
15036.0,86,2,245.69,4,2,1,421,7,Promising / Potential,1,219.86,0,0.428660027604732,80.48445563143427,Cross-Sell Drive,Recommend bundle products based on purchase history.
15037.0,285,2,402.51,2,2,2,222,6,About to Sleep,0,0.0,1,0.32847748652562925,96.70545746623068,Suppress / Low-Cost Ads,Exclude from paid campaigns to save marketing budget.
15038.0,96,7,1121.82,4,4,3,443,11,Champions,2,188.04,0,0.6538411990283095,206.4510485526721,VIP Loyalty Program,"Early access to new launches, zero discount needed."
15039.0,0,84,38630.79,5,5,5,555,15,Champions,9,1400.64,0,0.9848260457325959,4734.893981399263,VIP Loyalty Program,"Early access to new launches, zero discount needed."
15040.0,450,1,7.49,1,1,1,111,3,Hibernating / Lost,0,0.0,1,0.1222427360775622,9812.808300834839,Suppress / Low-Cost Ads,Exclude from paid campaigns to save marketing budget.
15041.0,79,2,294.02,4,2,2,422,8,Promising / Potential,0,0.0,1,0.4878738353753723,94.95371318470453,Cross-Sell Drive,Recommend bundle products based on purchase history.
15042.0,108,2,315.45,3,2,2,322,7,Promising / Potential,0,0.0,1,0.45946877654978613,144.81015240383508,Cross-Sell Drive,Recommend bundle products based on purchase history.
15043.0,372,5,2336.8,1,4,4,144,9,Can't Lose Them,1,537.0,0,0.24814089091499214,155.619590922933,Executive Outreach,Feedback survey + customized high-value offer.
15044.0,45,31,13706.38,4,5,5,455,14,Champions,4,2497.95,0,0.9072795413865911,1705.5889214436268,VIP Loyalty Program,"Early access to new launches, zero discount needed."
15045.0,60,2,735.66,4,2,3,423,9,Promising / Potential,0,0.0,1,0.5618489697211627,211.18272321449112,Cross-Sell Drive,Recommend bundle products based on purchase history.
15046.0,5,21,6583.15,5,5,5,555,15,Champions,4,1229.24,0,0.8935860110283922,1192.2883287179827,VIP Loyalty Program,"Early access to new launches, zero discount needed."
15047.0,178,1,343.62,3,1,2,312,6,Others / Need Attention,0,0.0,1,0.30652854007294283,128.97971290840962,Suppress / Low-Cost Ads,Exclude from paid campaigns to save marketing budget.
15048.0,25,3,423.23,5,3,2,532,10,Loyal Customers,1,59.52,0,0.5707554789176049,151.84070286929156,Cross-Sell Drive,Recommend bundle products based on purchase history.
15049.0,182,1,121.17,3,1,1,311,5,Others / Need Attention,0,0.0,1,0.26103875380382235,58.6932051184439,Suppress / Low-Cost Ads,Exclude from paid campaigns to save marketing budget.
15050.0,330,2,2411.7,2,2,4,224,8,About to Sleep,3,1782.09,0,0.37168967619994164,298.5867543273584,Suppress / Low-Cost Ads,Exclude from paid campaigns to save marketing budget.
15051.0,59,7,2921.29,4,4,5,445,13,Champions,2,1013.87,0,0.7730035871727228,483.65100837879453,VIP Loyalty Program,"Early access to new launches, zero discount needed."
15052.0,228,1,215.78,3,1,1,311,5,Others / Need Attention,0,0.0,1,0.22019007550802294,55.03514644135277,Suppress / Low-Cost Ads,Exclude from paid campaigns to save marketing budget.
15053.0,65,2,478.6,4,2,2,422,8,Promising / Potential,1,219.19,0,0.5049067098689938,152.91666249517175,Cross-Sell Drive,Recommend bundle products based on purchase history.
15055.0,383,3,560.07,1,3,2,132,6,Others / Need Attention,0,0.0,1,0.22080039246613148,72.57807980244462,Suppress / Low-Cost Ads,Exclude from paid campaigns to save marketing budget.
15056.0,429,1,133.45,1,1,1,111,3,Hibernating / Lost,0,0.0,1,0.13364243545799603,27.277275363046844,Suppress / Low-Cost Ads,Exclude from paid campaigns to save marketing budget.
15057.0,184,5,3255.96,3,4,5,345,12,Loyal Customers,0,0.0,1,0.6131927726519515,430.53192345381274,Cross-Sell Drive,Recommend bundle products based on purchase history.
15058.0,33,12,2530.7,5,5,4,554,14,Champions,4,879.33,0,0.8172935386797191,381.32454664853964,VIP Loyalty Program,"Early access to new launches, zero discount needed."
15059.0,16,17,3194.45,5,5,5,555,15,Champions,2,329.12,0,0.8750343253987695,470.0927083571991,VIP Loyalty Program,"Early access to new launches, zero discount needed."
15061.0,36,116,119859.38,5,5,5,555,15,Champions,11,17959.14,0,0.9934111103285633,20640.285457887436,VIP Loyalty Program,"Early access to new launches, zero discount needed."
15062.0,126,7,2411.8,3,4,4,344,11,Loyal Customers,1,173.82,0,0.6462972862644701,326.93110833630595,Cross-Sell Drive,Recommend bundle products based on purchase history.
15063.0,122,1,370.8,3,1,2,312,6,Others / Need Attention,0,0.0,1,0.367317319077758,180.09935998660967,Suppress / Low-Cost Ads,Exclude from paid campaigns to save marketing budget.
15064.0,319,4,1254.41,2,4,4,244,10,At Risk,0,0.0,1,0.46091215801758245,141.24575455132617,Standard Retention Push,Automated email re-engagement.
15065.0,73,4,3027.48,4,4,5,445,13,Champions,1,299.38,0,0.7428353421503414,526.7812470414718,VIP Loyalty Program,"Early access to new launches, zero discount needed."
15067.0,191,3,2981.17,3,3,5,335,11,Loyal Customers,2,896.71,0,0.5361935112146039,398.0122055348383,Cross-Sell Drive,Recommend bundle products based on purchase history.
15068.0,165,3,863.45,3,3,3,333,9,Loyal Customers,1,313.4,0,0.4656610157739902,159.1725453124324,Cross-Sell Drive,Recommend bundle products based on purchase history.
15069.0,88,1,1109.53,4,1,3,413,8,New Customers,0,0.0,1,0.5148624443598924,429.81307938083455,Onboarding Sequence,10% discount on 2nd purchase within 30 days.
15070.0,281,3,843.25,2,3,3,233,8,At Risk,0,0.0,1,0.39511309795507665,132.15541718355178,Standard Retention Push,Automated email re-engagement.
15071.0,2,4,1455.56,5,4,4,544,13,Champions,0,0.0,1,0.763990955433831,393.13369656944593,VIP Loyalty Program,"Early access to new launches, zero discount needed."
15072.0,388,1,187.52,1,1,1,111,3,Hibernating / Lost,0,0.0,1,0.15848941148748585,38.529999211138346,Suppress / Low-Cost Ads,Exclude from paid campaigns to save marketing budget.
15073.0,94,7,2606.57,4,4,4,444,12,Champions,1,181.45,0,0.7006189727328904,380.2630352766078,VIP Loyalty Program,"Early access to new launches, zero discount needed."
15074.0,14,3,1566.33,5,3,4,534,12,Loyal Customers,0,0.0,1,0.6787007908086681,492.4734688371628,Cross-Sell Drive,Recommend bundle products based on purchase history.
15076.0,81,3,1447.74,4,3,4,434,11,Loyal Customers,0,0.0,1,0.6103631311639148,368.0224953880627,Cross-Sell Drive,Recommend bundle products based on purchase history.
15077.0,403,2,2428.08,1,2,4,124,7,Hibernating / Lost,0,0.0,1,0.2933646218790644,223.84293958788547,Suppress / Low-Cost Ads,Exclude from paid campaigns to save marketing budget.
15078.0,14,43,14721.36,5,5,5,555,15,Champions,10,3040.52,0,0.9421378932085502,2036.232132507898,VIP Loyalty Program,"Early access to new launches, zero discount needed."
15079.0,121,11,3767.35,3,5,5,355,13,Loyal Customers,0,0.0,1,0.7645266368743041,410.5313288601201,Cross-Sell Drive,Recommend bundle products based on purchase history.
15080.0,336,2,546.25,2,2,2,222,6,About to Sleep,0,0.0,1,0.276195473479235,95.0099430796057,Suppress / Low-Cost Ads,Exclude from paid campaigns to save marketing budget.
15081.0,117,9,1708.97,3,5,4,354,12,Loyal Customers,3,256.75,0,0.7167483879553047,263.13845751691156,Cross-Sell Drive,Recommend bundle products based on purchase history.
15082.0,577,1,93.35,1,1,1,111,3,Hibernating / Lost,0,0.0,1,0.06980259882703288,14.083854434370245,Suppress / Low-Cost Ads,Exclude from paid campaigns to save marketing budget.
15083.0,165,1,88.2,3,1,1,311,5,Others / Need Attention,0,0.0,1,0.2773187415182965,55.957333924089006,Suppress / Low-Cost Ads,Exclude from paid campaigns to save marketing budget.
15084.0,288,2,965.2,2,2,3,223,7,About to Sleep,0,0.0,1,0.3716774431449489,168.1442425449237,Suppress / Low-Cost Ads,Exclude from paid campaigns to save marketing budget.
15085.0,638,1,347.54,1,1,2,112,4,Hibernating / Lost,0,0.0,1,0.06404195283854008,23.77150935343474,Suppress / Low-Cost Ads,Exclude from paid campaigns to save marketing budget.
15086.0,473,2,218.53,1,2,1,121,4,Hibernating / Lost,0,0.0,1,0.13778221267890634,20.008247964906342,Suppress / Low-Cost Ads,Exclude from paid campaigns to save marketing budget.
15087.0,190,1,306.94,3,1,2,312,6,Others / Need Attention,0,0.0,1,0.2942520025406302,88.48826022021898,Suppress / Low-Cost Ads,Exclude from paid campaigns to save marketing budget.
15089.0,3,3,2036.28,5,3,4,534,12,Loyal Customers,3,384.56,0,0.6902538666860072,472.6012370419214,Cross-Sell Drive,Recommend bundle products based on purchase history.
15090.0,217,1,381.32,3,1,2,312,6,Others / Need Attention,0,0.0,1,0.2677061357671058,112.64419465425453,Suppress / Low-Cost Ads,Exclude from paid campaigns to save marketing budget.
15091.0,583,2,565.9,1,2,3,123,6,Hibernating / Lost,1,480.71,0,0.12346709153085045,40.93304491118429,Suppress / Low-Cost Ads,Exclude from paid campaigns to save marketing budget.
15092.0,124,3,776.46,3,3,3,333,9,Loyal Customers,0,0.0,1,0.5155111122221654,182.5542982886124,Cross-Sell Drive,Recommend bundle products based on purchase history.
15093.0,25,22,13756.19,5,5,5,555,15,Champions,1,569.92,0,0.8871304689388826,1660.7655477939177,VIP Loyalty Program,"Early access to new launches, zero discount needed."
15094.0,372,2,83.0,1,2,1,121,4,Hibernating / Lost,0,0.0,1,0.2071722878177682,26.397859858710607,Suppress / Low-Cost Ads,Exclude from paid campaigns to save marketing budget.
15095.0,12,10,3141.64,5,5,5,555,15,Champions,0,0.0,1,0.8507812910165216,808.4653056434285,VIP Loyalty Program,"Early access to new launches, zero discount needed."
15097.0,492,2,660.27,1,2,3,123,6,Hibernating / Lost,1,248.08,0,0.17991264901050763,65.211481162178,Suppress / Low-Cost Ads,Exclude from paid campaigns to save marketing budget.
15098.0,91,3,39916.5,4,3,5,435,12,Loyal Customers,0,0.0,1,0.6456618291642544,6307.275913637483,Cross-Sell Drive,Recommend bundle products based on purchase history.
15100.0,242,7,2894.7,3,4,5,345,12,Loyal Customers,0,0.0,1,0.5603731104191519,323.34567736927863,Cross-Sell Drive,Recommend bundle products based on purchase history.
15101.0,268,5,1262.69,2,4,4,244,10,At Risk,1,215.25,0,0.5309057491647027,160.80175991229748,Standard Retention Push,Automated email re-engagement.
15102.0,439,2,554.67,1,2,2,122,5,Hibernating / Lost,0,0.0,1,0.18791689461654115,68.11271525786862,Suppress / Low-Cost Ads,Exclude from paid campaigns to save marketing budget.
15104.0,105,2,1027.44,4,2,3,423,9,Promising / Potential,0,0.0,1,0.5073822125847169,232.04380276583402,Cross-Sell Drive,Recommend bundle products based on purchase history.
15105.0,43,3,1328.96,4,3,4,434,11,Loyal Customers,6,1765.95,0,0.6533671303476687,325.96276983089206,Cross-Sell Drive,Recommend bundle products based on purchase history.
15106.0,50,3,1032.83,4,3,3,433,10,Loyal Customers,2,389.69,0,0.5975093654752237,244.96502838238686,Cross-Sell Drive,Recommend bundle products based on purchase history.
15107.0,220,9,940.35,3,5,3,353,11,Loyal Customers,0,0.0,1,0.5553367244730971,178.11130218091316,Cross-Sell Drive,Recommend bundle products based on purchase history.
15108.0,50,4,1300.25,4,4,4,444,12,Champions,0,0.0,1,0.7247668235639954,278.5752466029275,VIP Loyalty Program,"Early access to new launches, zero discount needed."
15109.0,154,3,983.1,3,3,3,333,9,Loyal Customers,0,0.0,1,0.47900499221919435,183.83989673101036,Cross-Sell Drive,Recommend bundle products based on purchase history.
15110.0,35,4,886.3,5,4,3,543,12,Champions,2,619.55,0,0.6919717032865782,232.30537027428912,VIP Loyalty Program,"Early access to new launches, zero discount needed."
15111.0,281,3,1451.89,2,3,4,234,9,At Risk,2,1278.98,0,0.44492030783559455,261.91095609100086,Standard Retention Push,Automated email re-engagement.
15112.0,520,1,209.4,1,1,1,111,3,Hibernating / Lost,0,0.0,1,0.09011664247192108,22.783568621367376,Suppress / Low-Cost Ads,Exclude from paid campaigns to save marketing budget.
15114.0,2,9,2318.53,5,5,4,554,14,Champions,3,1081.59,0,0.8252986849176035,418.6607744550477,VIP Loyalty Program,"Early access to new launches, zero discount needed."
15115.0,641,1,191.74,1,1,1,111,3,Hibernating / Lost,1,340.11,0,0.05208691042661173,14.008158306007276,Suppress / Low-Cost Ads,Exclude from paid campaigns to save marketing budget.
15116.0,43,2,790.97,4,2,3,423,9,Promising / Potential,2,561.78,0,0.5821082834336235,231.97939565224053,Cross-Sell Drive,Recommend bundle products based on purchase history.
15117.0,29,5,1609.92,5,4,4,544,13,Champions,3,876.05,0,0.7456117074406408,450.52600035232484,VIP Loyalty Program,"Early access to new launches, zero discount needed."
15118.0,43,1,244.8,4,1,1,411,6,New Customers,0,0.0,1,0.46735114605503836,140.4896605023112,Onboarding Sequence,10% discount on 2nd purchase within 30 days.
15119.0,154,1,266.4,3,1,1,311,5,Others / Need Attention,0,0.0,1,0.2881748164088904,83.0267422168873,Suppress / Low-Cost Ads,Exclude from paid campaigns to save marketing budget.
15120.0,42,1,358.82,4,1,2,412,7,New Customers,0,0.0,1,0.5196905095693549,226.19494686385877,Onboarding Sequence,10% discount on 2nd purchase within 30 days.
15121.0,197,1,295.15,3,1,2,312,6,Others / Need Attention,1,162.57,0,0.2872244396940641,86.37491246213526,Suppress / Low-Cost Ads,Exclude from paid campaigns to save marketing budget.
15122.0,23,11,4497.47,5,5,5,555,15,Champions,0,0.0,1,0.8480193824219859,631.0392032057299,VIP Loyalty Program,"Early access to new launches, zero discount needed."
15123.0,115,4,3526.33,3,4,5,345,12,Loyal Customers,1,1129.84,0,0.6823379076438045,482.2368612881477,Cross-Sell Drive,Recommend bundle products based on purchase history.
15124.0,100,3,357.38,4,3,2,432,9,Loyal Customers,1,93.44,0,0.48675495265829405,127.25393363786475,Cross-Sell Drive,Recommend bundle products based on purchase history.
15125.0,22,21,16291.87,5,5,5,555,15,Champions,3,733.0,0,0.8853306552223319,1781.482354785065,VIP Loyalty Program,"Early access to new launches, zero discount needed."
15126.0,445,2,449.49,1,2,2,122,5,Hibernating / Lost,0,0.0,1,0.18350136479407397,53.591542767300005,Suppress / Low-Cost Ads,Exclude from paid campaigns to save marketing budget.
15127.0,428,1,304.97,1,1,2,112,4,Hibernating / Lost,1,406.53,0,0.15982203250595683,49.372756372878854,Suppress / Low-Cost Ads,Exclude from paid campaigns to save marketing budget.
15128.0,35,4,1482.92,5,4,4,544,13,Champions,1,300.76,0,0.7338037635750203,340.91348783483596,VIP Loyalty Program,"Early access to new launches, zero discount needed."
15129.0,15,22,6209.51,5,5,5,555,15,Champions,1,650.67,0,0.8920063895216537,977.3457538615015,VIP Loyalty Program,"Early access to new launches, zero discount needed."
15130.0,78,1,330.11,4,1,2,412,7,New Customers,0,0.0,1,0.475899976525188,221.40843516473177,Onboarding Sequence,10% discount on 2nd purchase within 30 days.
15131.0,303,1,80.28,2,1,1,211,4,About to Sleep,0,0.0,1,0.22149961786171535,45.209514184821224,Suppress / Low-Cost Ads,Exclude from paid campaigns to save marketing budget.
15132.0,14,3,842.23,5,3,3,533,11,Loyal Customers,2,135.7,0,0.6325493443355445,265.03324629729826,Cross-Sell Drive,Recommend bundle products based on purchase history.
15133.0,36,5,1806.9,5,4,4,544,13,Champions,0,0.0,1,0.7390883888559507,360.5935351721067,VIP Loyalty Program,"Early access to new launches, zero discount needed."
15134.0,36,6,823.16,5,4,3,543,12,Champions,4,773.13,0,0.7044892775600948,174.3840531743167,VIP Loyalty Program,"Early access to new launches, zero discount needed."
15135.0,148,2,305.68,3,2,2,322,7,Promising / Potential,0,0.0,1,0.41162853915276576,71.96635581845307,Cross-Sell Drive,Recommend bundle products based on purchase history.
15136.0,5,1,582.9,5,1,3,513,9,New Customers,3,703.8,0,0.6074057071866537,436.24559259053797,Onboarding Sequence,10% discount on 2nd purchase within 30 days.
15137.0,429,2,823.4,1,2,3,123,6,Hibernating / Lost,0,0.0,1,0.22966251947541338,84.51594635920144,Suppress / Low-Cost Ads,Exclude from paid campaigns to save marketing budget.
15138.0,302,1,502.52,2,1,2,212,5,About to Sleep,0,0.0,1,0.259724064767595,113.0077608251374,Suppress / Low-Cost Ads,Exclude from paid campaigns to save marketing budget.
15139.0,148,2,178.96,3,2,1,321,6,Promising / Potential,0,0.0,1,0.3630961761182576,55.45839348953137,Cross-Sell Drive,Recommend bundle products based on purchase history.
15140.0,24,6,2617.55,5,4,4,544,13,Champions,2,626.14,0,0.7561521901821079,512.517865825903,VIP Loyalty Program,"Early access to new launches, zero discount needed."
15141.0,366,7,1388.47,1,4,4,144,9,Can't Lose Them,0,0.0,1,0.26601351696008735,95.48799138918112,Executive Outreach,Feedback survey + customized high-value offer.
15142.0,319,5,2121.18,2,4,4,244,10,At Risk,1,498.74,0,0.46887960878982515,298.42307808660763,Standard Retention Push,Automated email re-engagement.
15143.0,134,2,563.63,3,2,2,322,7,Promising / Potential,0,0.0,1,0.42822304953198165,163.6538525848027,Cross-Sell Drive,Recommend bundle products based on purchase history.
15144.0,1,22,9140.71,5,5,5,555,15,Champions,7,3019.6,0,0.8983657061594397,1581.123520351508,VIP Loyalty Program,"Early access to new launches, zero discount needed."
15145.0,136,2,724.03,3,2,3,323,8,Promising / Potential,2,470.7,0,0.47648408808435794,177.26524624127683,Cross-Sell Drive,Recommend bundle products based on purchase history.
15146.0,73,2,1327.16,4,2,4,424,10,Promising / Potential,0,0.0,1,0.5962895603531466,318.3699198665118,Cross-Sell Drive,Recommend bundle products based on purchase history.
15147.0,149,1,623.5,3,1,3,313,7,Others / Need Attention,0,0.0,1,0.3844964915673358,191.8783802013753,Suppress / Low-Cost Ads,Exclude from paid campaigns to save marketing budget.
15149.0,42,5,1554.61,4,4,4,444,12,Champions,0,0.0,1,0.738712675787133,346.91856620201605,VIP Loyalty Program,"Early access to new launches, zero discount needed."
15150.0,18,8,7256.23,5,5,5,555,15,Champions,5,1744.85,0,0.8384491019056332,949.6654492295002,VIP Loyalty Program,"Early access to new launches, zero discount needed."
15151.0,332,2,2085.61,2,2,4,224,8,About to Sleep,0,0.0,1,0.36942797689806606,279.15817396547345,Suppress / Low-Cost Ads,Exclude from paid campaigns to save marketing budget.
15152.0,22,7,2901.35,5,4,5,545,14,Champions,7,2362.48,0,0.7987126768849291,515.0895929410632,VIP Loyalty Program,"Early access to new launches, zero discount needed."
15154.0,387,2,1091.99,1,2,3,123,6,Hibernating / Lost,1,296.42,0,0.267811059248925,122.03509938485615,Suppress / Low-Cost Ads,Exclude from paid campaigns to save marketing budget.
15155.0,292,1,383.97,2,1,2,212,5,About to Sleep,0,0.0,1,0.2691972863644674,113.27163435662331,Suppress / Low-Cost Ads,Exclude from paid campaigns to save marketing budget.
15157.0,63,4,2223.41,4,4,4,444,12,Champions,1,430.7,0,0.7119387598885762,461.3527805745356,VIP Loyalty Program,"Early access to new launches, zero discount needed."
15158.0,310,1,204.62,2,1,1,211,4,About to Sleep,1,401.4,0,0.21567568514991275,54.52779462022837,Suppress / Low-Cost Ads,Exclude from paid campaigns to save marketing budget.
15159.0,21,22,12445.69,5,5,5,555,15,Champions,12,9671.04,0,0.8890822288618111,1761.5418999382907,VIP Loyalty Program,"Early access to new launches, zero discount needed."
15160.0,266,4,589.27,2,4,3,243,9,At Risk,0,0.0,1,0.4742069445756212,133.62530445157827,Standard Retention Push,Automated email re-engagement.
15161.0,297,1,119.92,2,1,1,211,4,About to Sleep,0,0.0,1,0.2265772099803417,50.94470635779675,Suppress / Low-Cost Ads,Exclude from paid campaigns to save marketing budget.
15162.0,640,1,312.9,1,1,2,112,4,Hibernating / Lost,0,0.0,1,0.06346099244524195,27.25424839106393,Suppress / Low-Cost Ads,Exclude from paid campaigns to save marketing budget.
15163.0,101,1,155.0,4,1,1,411,6,New Customers,1,149.47,0,0.3981527938154117,94.38965151508776,Onboarding Sequence,10% discount on 2nd purchase within 30 days.
15164.0,117,8,1594.05,3,5,4,354,12,Loyal Customers,1,474.87,0,0.710181561074005,264.51958324557415,Cross-Sell Drive,Recommend bundle products based on purchase history.
15165.0,282,1,975.5,2,1,3,213,6,About to Sleep,0,0.0,1,0.32183433500637293,185.05109665050227,Suppress / Low-Cost Ads,Exclude from paid campaigns to save marketing budget.
15166.0,376,1,167.16,1,1,1,111,3,Hibernating / Lost,0,0.0,1,0.1664385641048537,40.48825849465206,Suppress / Low-Cost Ads,Exclude from paid campaigns to save marketing budget.
15167.0,229,5,1659.67,3,4,4,344,11,Loyal Customers,0,0.0,1,0.5092796937914713,282.5852338114557,Cross-Sell Drive,Recommend bundle products based on purchase history.
15169.0,291,2,569.22,2,2,3,223,7,About to Sleep,0,0.0,1,0.368284344679762,134.56488209383923,Suppress / Low-Cost Ads,Exclude from paid campaigns to save marketing budget.
15170.0,315,1,81.15,2,1,1,211,4,About to Sleep,0,0.0,1,0.21158866581322855,43.18662434172957,Suppress / Low-Cost Ads,Exclude from paid campaigns to save marketing budget.
15171.0,240,1,1289.5,3,1,4,314,8,Others / Need Attention,0,0.0,1,0.3298347899488915,213.95263963029626,Suppress / Low-Cost Ads,Exclude from paid campaigns to save marketing budget.
15172.0,44,3,886.74,4,3,3,433,10,Loyal Customers,2,737.31,0,0.6045189421481479,214.3894429797782,Cross-Sell Drive,Recommend bundle products based on purchase history.
15173.0,289,7,1494.6,2,4,4,244,10,At Risk,0,0.0,1,0.5214317737718304,187.59110306117935,Standard Retention Push,Automated email re-engagement.
15174.0,231,2,481.46,3,2,2,322,7,Promising / Potential,0,0.0,1,0.318346721157163,94.1265454053438,Cross-Sell Drive,Recommend bundle products based on purchase history.
15176.0,576,1,988.04,1,1,3,113,5,Hibernating / Lost,0,0.0,1,0.1019713523404322,41.89018135057486,Suppress / Low-Cost Ads,Exclude from paid campaigns to save marketing budget.
15177.0,334,1,948.93,2,1,3,213,6,About to Sleep,0,0.0,1,0.2692294812695323,159.6270287146865,Suppress / Low-Cost Ads,Exclude from paid campaigns to save marketing budget.
15178.0,169,1,40.5,3,1,1,311,5,Others / Need Attention,0,0.0,1,0.2734337305253247,36.51212102296558,Suppress / Low-Cost Ads,Exclude from paid campaigns to save marketing budget.
15179.0,142,11,6740.09,3,5,5,355,13,Loyal Customers,2,751.83,0,0.7455535313273214,792.9100270488702,Cross-Sell Drive,Recommend bundle products based on purchase history.
15180.0,276,3,904.43,2,3,3,233,8,At Risk,0,0.0,1,0.4009441828131233,138.8195213368926,Standard Retention Push,Automated email re-engagement.
15181.0,84,4,945.72,4,4,3,443,11,Champions,1,254.48,0,0.6451992666752432,232.3355151639366,VIP Loyalty Program,"Early access to new launches, zero discount needed."
15182.0,63,11,2998.95,4,5,5,455,14,Champions,0,0.0,1,0.8251759973018249,408.25528475158933,VIP Loyalty Program,"Early access to new launches, zero discount needed."
15183.0,456,3,639.93,1,3,3,133,7,Others / Need Attention,0,0.0,1,0.19596291929089693,64.41389091641372,Suppress / Low-Cost Ads,Exclude from paid campaigns to save marketing budget.
15184.0,99,3,518.42,4,3,2,432,9,Loyal Customers,1,171.53,0,0.4879663271760951,142.44820887662814,Cross-Sell Drive,Recommend bundle products based on purchase history.
15186.0,77,4,1221.05,4,4,4,444,12,Champions,1,182.15,0,0.6977866923257396,229.24752827012077,VIP Loyalty Program,"Early access to new launches, zero discount needed."
15187.0,0,6,1883.88,5,4,4,544,13,Champions,10,2893.3,0,0.7770652407623934,719.4522147130065,VIP Loyalty Program,"Early access to new launches, zero discount needed."
15188.0,634,1,310.43,1,1,2,112,4,Hibernating / Lost,0,0.0,1,0.06521958207541001,20.209143892103327,Suppress / Low-Cost Ads,Exclude from paid campaigns to save marketing budget.
15189.0,0,38,13934.76,5,5,5,555,15,Champions,8,3589.62,0,0.9368886802367377,2023.9885692652806,VIP Loyalty Program,"Early access to new launches, zero discount needed."
15190.0,343,1,834.44,2,1,3,213,6,About to Sleep,0,0.0,1,0.2606985021200311,135.65542065800233,Suppress / Low-Cost Ads,Exclude from paid campaigns to save marketing budget.
15191.0,372,3,588.05,1,3,3,133,7,Others / Need Attention,0,0.0,1,0.2684062345858881,88.2263337291683,Suppress / Low-Cost Ads,Exclude from paid campaigns to save marketing budget.
15192.0,28,5,1981.39,5,4,4,544,13,Champions,0,0.0,1,0.7465252435832044,481.7571678756598,VIP Loyalty Program,"Early access to new launches, zero discount needed."
15194.0,35,24,9280.69,5,5,5,555,15,Champions,4,3147.0,0,0.8887376006098517,1308.3846209838362,VIP Loyalty Program,"Early access to new launches, zero discount needed."
15196.0,341,2,316.25,2,2,2,222,6,About to Sleep,0,0.0,1,0.27136105308718284,74.86287674638236,Suppress / Low-Cost Ads,Exclude from paid campaigns to save marketing budget.
15197.0,161,5,1571.15,3,4,4,344,11,Loyal Customers,1,306.36,0,0.5910290515218728,334.47512291846834,Cross-Sell Drive,Recommend bundle products based on purchase history.
15198.0,1,5,571.35,5,4,3,543,12,Champions,0,0.0,1,0.7324472044277406,271.26924173151906,VIP Loyalty Program,"Early access to new launches, zero discount needed."
15199.0,3,9,2821.45,5,5,5,555,15,Champions,1,300.95,0,0.8522634384740242,493.6787066080174,VIP Loyalty Program,"Early access to new launches, zero discount needed."
15200.0,403,1,549.05,1,1,2,112,4,Hibernating / Lost,0,0.0,1,0.17684650465180907,78.45620959449022,Suppress / Low-Cost Ads,Exclude from paid campaigns to save marketing budget.
15201.0,35,6,1539.67,5,4,4,544,13,Champions,1,303.28,0,0.7461676396506434,327.20317051891413,VIP Loyalty Program,"Early access to new launches, zero discount needed."
15202.0,329,3,6001.49,2,3,5,235,10,At Risk,0,0.0,1,0.4376341512247178,489.0572875382317,Standard Retention Push,Automated email re-engagement.
15203.0,14,13,3900.7,5,5,5,555,15,Champions,2,499.48,0,0.861442351605945,575.9458090730749,VIP Loyalty Program,"Early access to new launches, zero discount needed."
15204.0,266,1,316.58,2,1,2,212,5,About to Sleep,0,0.0,1,0.2948178379886507,132.60100636412514,Suppress / Low-Cost Ads,Exclude from paid campaigns to save marketing budget.
15205.0,36,1,476.3,5,1,2,512,8,New Customers,1,176.94,0,0.5201808428321736,233.8417879780471,Onboarding Sequence,10% discount on 2nd purchase within 30 days.
15206.0,8,3,236.7,5,3,1,531,9,Loyal Customers,1,183.6,0,0.5406599256741712,110.13191492692754,Cross-Sell Drive,Recommend bundle products based on purchase history.
15207.0,325,3,683.92,2,3,3,233,8,At Risk,0,0.0,1,0.34522800221751015,113.73171502637581,Standard Retention Push,Automated email re-engagement.
15208.0,72,3,423.92,4,3,2,432,9,Loyal Customers,3,546.6,0,0.5208201764163469,138.55618487542,Cross-Sell Drive,Recommend bundle products based on purchase history.
15209.0,639,1,178.98,1,1,1,111,3,Hibernating / Lost,0,0.0,1,0.05256988827749853,13.214398279518536,Suppress / Low-Cost Ads,Exclude from paid campaigns to save marketing budget.
15210.0,134,3,1176.19,3,3,4,334,10,Loyal Customers,0,0.0,1,0.5542986305920408,253.30623983317426,Cross-Sell Drive,Recommend bundle products based on purchase history.
15211.0,274,1,766.14,2,1,3,213,6,About to Sleep,1,511.34,0,0.330399915536958,168.95079344981133,Suppress / Low-Cost Ads,Exclude from paid campaigns to save marketing budget.
15212.0,150,2,208.28,3,2,1,321,6,Promising / Potential,0,0.0,1,0.36084638966011184,56.379061266383275,Cross-Sell Drive,Recommend bundle products based on purchase history.
15213.0,227,2,328.35,3,2,2,322,7,Promising / Potential,0,0.0,1,0.3225920811526778,103.42341691125705,Cross-Sell Drive,Recommend bundle products based on purchase history.
15214.0,92,2,651.63,4,2,3,423,9,Promising / Potential,6,1009.81,0,0.5232019351810686,193.2587756626301,Cross-Sell Drive,Recommend bundle products based on purchase history.
15215.0,5,5,1987.53,5,4,4,544,13,Champions,2,434.9,0,0.7671253112489369,525.1815639889508,VIP Loyalty Program,"Early access to new launches, zero discount needed."
15216.0,527,1,389.49,1,1,2,112,4,Hibernating / Lost,1,96.6,0,0.10512000806019062,39.97375325895283,Suppress / Low-Cost Ads,Exclude from paid campaigns to save marketing budget.
15217.0,472,1,426.24,1,1,2,112,4,Hibernating / Lost,0,0.0,1,0.13310255020097994,57.07235921165944,Suppress / Low-Cost Ads,Exclude from paid campaigns to save marketing budget.
15218.0,25,19,9625.03,5,5,5,555,15,Champions,3,1891.54,0,0.8771665607815882,1235.544361972619,VIP Loyalty Program,"Early access to new launches, zero discount needed."
15219.0,85,2,685.45,4,2,3,423,9,Promising / Potential,0,0.0,1,0.5316956021843218,199.84894738915182,Cross-Sell Drive,Recommend bundle products based on purchase history.
15220.0,24,5,1284.05,5,4,4,544,13,Champions,1,494.91,0,0.7502093069766078,281.7597572415375,VIP Loyalty Program,"Early access to new launches, zero discount needed."
15221.0,275,4,2465.45,2,4,4,244,10,At Risk,0,0.0,1,0.5143482496041052,323.51242814225907,Standard Retention Push,Automated email re-engagement.
15222.0,227,11,3550.91,3,5,5,355,13,Loyal Customers,0,0.0,1,0.6596153205885826,354.3701481719721,Cross-Sell Drive,Recommend bundle products based on purchase history.
15223.0,134,5,1417.95,3,4,4,344,11,Loyal Customers,0,0.0,1,0.6223891416458425,270.27732165318974,Cross-Sell Drive,Recommend bundle products based on purchase history.
15224.0,267,5,871.36,2,4,3,243,9,At Risk,0,0.0,1,0.48100148917179686,130.45306489243225,Standard Retention Push,Automated email re-engagement.
15225.0,143,1,409.4,3,1,2,312,6,Others / Need Attention,0,0.0,1,0.343892581769219,148.20222676438968,Suppress / Low-Cost Ads,Exclude from paid campaigns to save marketing budget.
15226.0,219,1,154.41,3,1,1,311,5,Others / Need Attention,0,0.0,1,0.22780783587759745,54.78588225225652,Suppress / Low-Cost Ads,Exclude from paid campaigns to save marketing budget.
15227.0,124,7,2145.91,3,4,4,344,11,Loyal Customers,2,342.58,0,0.6485277952784216,328.0594169329583,Cross-Sell Drive,Recommend bundle products based on purchase history.
15228.0,38,5,4417.59,4,4,5,445,13,Champions,1,1162.68,0,0.7795648781967894,794.903986670227,VIP Loyalty Program,"Early access to new launches, zero discount needed."
15229.0,495,1,160.5,1,1,1,111,3,Hibernating / Lost,0,0.0,1,0.10060844543001946,24.474260320760198,Suppress / Low-Cost Ads,Exclude from paid campaigns to save marketing budget.
15230.0,148,2,429.6,3,2,2,322,7,Promising / Potential,0,0.0,1,0.411624751222592,116.69708542276538,Cross-Sell Drive,Recommend bundle products based on purchase history.
15231.0,530,1,250.26,1,1,1,111,3,Hibernating / Lost,0,0.0,1,0.08620280417521575,26.143909366832204,Suppress / Low-Cost Ads,Exclude from paid campaigns to save marketing budget.
15232.0,22,2,612.06,5,2,3,523,10,Promising / Potential,0,0.0,1,0.6002411168887414,241.03142215577554,Cross-Sell Drive,Recommend bundle products based on purchase history.
15233.0,310,1,59.4,2,1,1,211,4,About to Sleep,0,0.0,1,0.21567878563498166,49.012009184915705,Suppress / Low-Cost Ads,Exclude from paid campaigns to save marketing budget.
15234.0,185,1,197.0,3,1,1,311,5,Others / Need Attention,0,0.0,1,0.2582291606304872,66.40123352317208,Suppress / Low-Cost Ads,Exclude from paid campaigns to save marketing budget.
15235.0,126,16,2937.81,3,5,5,355,13,Loyal Customers,0,0.0,1,0.7881997569747021,385.16775079695066,Cross-Sell Drive,Recommend bundle products based on purchase history.
15236.0,207,1,321.05,3,1,2,312,6,Others / Need Attention,0,0.0,1,0.2773599404192689,124.74892114942062,Suppress / Low-Cost Ads,Exclude from paid campaigns to save marketing budget.
15237.0,112,2,1093.65,3,2,3,323,8,Promising / Potential,2,318.67,0,0.5056683651297555,231.25999980438633,Cross-Sell Drive,Recommend bundle products based on purchase history.
15238.0,4,2,772.78,5,2,3,523,10,Promising / Potential,1,299.21,0,0.6210695072742574,280.07672224114657,Cross-Sell Drive,Recommend bundle products based on purchase history.
15240.0,100,10,3798.79,4,5,5,455,14,Champions,2,661.19,0,0.7923958631980413,517.7744942627821,VIP Loyalty Program,"Early access to new launches, zero discount needed."
15241.0,36,9,2638.58,5,5,4,554,14,Champions,2,411.58,0,0.8001262809652102,424.4847571191904,VIP Loyalty Program,"Early access to new launches, zero discount needed."
15242.0,331,1,302.04,2,1,2,212,5,About to Sleep,0,0.0,1,0.2335135848850386,71.03124273512256,Suppress / Low-Cost Ads,Exclude from paid campaigns to save marketing budget.
15243.0,344,1,610.6,2,1,3,213,6,About to Sleep,1,316.68,0,0.2597666173856643,134.8988557194614,Suppress / Low-Cost Ads,Exclude from paid campaigns to save marketing budget.
15244.0,157,2,578.45,3,2,3,323,8,Promising / Potential,1,333.63,0,0.45106659854038456,165.52145110764175,Cross-Sell Drive,Recommend bundle products based on purchase history.
15245.0,43,8,4610.84,4,5,5,455,14,Champions,0,0.0,1,0.8252858595283339,608.5898852267254,VIP Loyalty Program,"Early access to new launches, zero discount needed."
15246.0,147,3,780.4,3,3,3,333,9,Loyal Customers,0,0.0,1,0.4875222442486016,163.2835787379831,Cross-Sell Drive,Recommend bundle products based on purchase history.
15247.0,31,3,976.06,5,3,3,533,11,Loyal Customers,0,0.0,1,0.6131044592577508,251.35865635175657,Cross-Sell Drive,Recommend bundle products based on purchase history.
15248.0,320,3,1893.93,2,3,4,234,9,At Risk,0,0.0,1,0.3986339256082436,281.00312791018786,Standard Retention Push,Automated email re-engagement.
15249.0,0,16,8216.88,5,5,5,555,15,Champions,2,1049.12,0,0.8798864312257275,1064.4730789199652,VIP Loyalty Program,"Early access to new launches, zero discount needed."
15250.0,549,1,60.0,1,1,1,111,3,Hibernating / Lost,0,0.0,1,0.079190889044644,17.204708720762,Suppress / Low-Cost Ads,Exclude from paid campaigns to save marketing budget.
15251.0,0,18,19535.37,5,5,5,555,15,Champions,3,789.17,0,0.8863715327974855,2057.8683017437697,VIP Loyalty Program,"Early access to new launches, zero discount needed."
15252.0,92,4,1663.18,4,4,4,444,12,Champions,1,440.23,0,0.6821544896970397,390.19846892303786,VIP Loyalty Program,"Early access to new launches, zero discount needed."
15253.0,78,4,1310.74,4,4,4,444,12,Champions,4,744.35,0,0.6967565520718653,275.6222369676542,VIP Loyalty Program,"Early access to new launches, zero discount needed."
15254.0,36,3,1088.35,5,3,3,533,11,Loyal Customers,0,0.0,1,0.6073106979074091,248.98334812123466,Cross-Sell Drive,Recommend bundle products based on purchase history.
15255.0,305,8,2838.57,2,5,5,255,12,At Risk,1,890.85,0,0.6134829887220221,352.80069337423043,Standard Retention Push,Automated email re-engagement.
15256.0,57,2,170.4,4,2,1,421,7,Promising / Potential,0,0.0,1,0.46353684690479424,72.8168956908498,Cross-Sell Drive,Recommend bundle products based on purchase history.
15257.0,192,2,685.9,3,2,3,323,8,Promising / Potential,0,0.0,1,0.4093173732826142,150.2013356975284,Cross-Sell Drive,Recommend bundle products based on purchase history.
15258.0,77,2,623.16,4,2,3,423,9,Promising / Potential,0,0.0,1,0.5413830891936164,203.4901926311662,Cross-Sell Drive,Recommend bundle products based on purchase history.
15259.0,421,4,1182.38,1,4,4,144,9,Can't Lose Them,0,0.0,1,0.20115011125525362,69.2502234283524,Executive Outreach,Feedback survey + customized high-value offer.
15260.0,9,25,9188.23,5,5,5,555,15,Champions,0,0.0,1,0.9034929393361767,1521.3521085125706,VIP Loyalty Program,"Early access to new launches, zero discount needed."
15261.0,44,4,1508.0,4,4,4,444,12,Champions,0,0.0,1,0.7305507521363196,339.40219076798644,VIP Loyalty Program,"Early access to new launches, zero discount needed."
15262.0,232,3,418.82,3,3,2,332,8,Loyal Customers,0,0.0,1,0.33884084798895686,84.72796629554766,Cross-Sell Drive,Recommend bundle products based on purchase history.
15263.0,15,1,156.51,5,1,1,511,7,New Customers,0,0.0,1,0.4945815258467803,158.94655228553344,Onboarding Sequence,10% discount on 2nd purchase within 30 days.
15264.0,439,1,454.66,1,1,2,112,4,Hibernating / Lost,1,393.74,0,0.15275819466746576,65.5004020991479,Suppress / Low-Cost Ads,Exclude from paid campaigns to save marketing budget.
15265.0,60,4,3345.64,4,4,5,445,13,Champions,0,0.0,1,0.7547324562324123,550.9762880363238,VIP Loyalty Program,"Early access to new launches, zero discount needed."
15266.0,247,5,852.21,2,4,3,243,9,At Risk,0,0.0,1,0.5053373601166282,131.20968783820078,Standard Retention Push,Automated email re-engagement.
15267.0,64,2,1407.76,4,2,4,424,10,Promising / Potential,3,309.6,0,0.6067899280044192,391.54231736830417,Cross-Sell Drive,Recommend bundle products based on purchase history.
15268.0,387,3,961.9,1,3,3,133,7,Others / Need Attention,0,0.0,1,0.2543007385459002,103.11960922270667,Suppress / Low-Cost Ads,Exclude from paid campaigns to save marketing budget.
15269.0,289,2,816.56,2,2,3,223,7,About to Sleep,1,408.8,0,0.3705454750202958,137.45989732057834,Suppress / Low-Cost Ads,Exclude from paid campaigns to save marketing budget.
15270.0,26,19,7995.66,5,5,5,555,15,Champions,2,529.2,0,0.8766632299020815,1024.6297370163813,VIP Loyalty Program,"Early access to new launches, zero discount needed."
15271.0,3,19,3799.09,5,5,5,555,15,Champions,5,910.45,0,0.8883224653644389,585.4242540438787,VIP Loyalty Program,"Early access to new launches, zero discount needed."
15272.0,359,4,1363.54,1,4,4,144,9,Can't Lose Them,2,721.94,0,0.2540227691875059,109.8425823082873,Executive Outreach,Feedback survey + customized high-value offer.
15273.0,508,1,228.96,1,1,1,111,3,Hibernating / Lost,0,0.0,1,0.09502331198377312,23.856923010198404,Suppress / Low-Cost Ads,Exclude from paid campaigns to save marketing budget.
15276.0,303,3,514.22,2,3,2,232,7,At Risk,1,135.31,0,0.32351298114598936,90.33101756377994,Standard Retention Push,Automated email re-engagement.
15277.0,334,1,220.44,2,1,1,211,4,About to Sleep,1,255.9,0,0.196565026068519,46.53502777004518,Suppress / Low-Cost Ads,Exclude from paid campaigns to save marketing budget.
15278.0,470,4,496.16,1,4,2,142,7,Can't Lose Them,0,0.0,1,0.11638972950055526,28.73891910077958,Executive Outreach,Feedback survey + customized high-value offer.
15279.0,263,5,1580.54,2,4,4,244,10,At Risk,0,0.0,1,0.5369538195646731,330.7662225418564,Standard Retention Push,Automated email re-engagement.
15280.0,81,3,406.22,4,3,2,432,9,Loyal Customers,0,0.0,1,0.5098764168837857,135.64476623672743,Cross-Sell Drive,Recommend bundle products based on purchase history.
15281.0,45,15,8403.2,4,5,5,455,14,Champions,1,140.37,0,0.8541248845688068,942.9480434907873,VIP Loyalty Program,"Early access to new launches, zero discount needed."
15282.0,479,1,348.59,1,1,2,112,4,Hibernating / Lost,0,0.0,1,0.12921994513123425,53.721031302650594,Suppress / Low-Cost Ads,Exclude from paid campaigns to save marketing budget.
15283.0,299,3,148.33,2,3,1,231,6,At Risk,0,0.0,1,0.28437105062727364,20.051122302436074,Standard Retention Push,Automated email re-engagement.
15284.0,409,1,24.75,1,1,1,111,3,Hibernating / Lost,0,0.0,1,0.1453263654748631,123.58827643539277,Suppress / Low-Cost Ads,Exclude from paid campaigns to save marketing budget.
15285.0,316,1,94.92,2,1,1,211,4,About to Sleep,0,0.0,1,0.2107772887035575,43.021016990786805,Suppress / Low-Cost Ads,Exclude from paid campaigns to save marketing budget.
15287.0,288,3,369.34,2,3,2,232,7,At Risk,2,486.69,0,0.33970213784958614,84.94333388984808,Standard Retention Push,Automated email re-engagement.
15288.0,64,9,3582.97,4,5,5,455,14,Champions,1,300.16,0,0.8149647868421815,479.58878851071324,VIP Loyalty Program,"Early access to new launches, zero discount needed."
15289.0,46,4,1351.29,4,4,4,444,12,Champions,1,241.8,0,0.728633505123641,280.061464975502,VIP Loyalty Program,"Early access to new launches, zero discount needed."
15290.0,12,20,5945.65,5,5,5,555,15,Champions,6,4550.63,0,0.8871310970645926,1161.3424851304317,VIP Loyalty Program,"Early access to new launches, zero discount needed."
15291.0,3,37,12863.28,5,5,5,555,15,Champions,3,983.28,0,0.9340759863065417,1861.2319621127795,VIP Loyalty Program,"Early access to new launches, zero discount needed."
15292.0,110,1,180.94,3,1,1,311,5,Others / Need Attention,0,0.0,1,0.33402826642664407,76.0302553269317,Suppress / Low-Cost Ads,Exclude from paid campaigns to save marketing budget.
15293.0,574,1,247.5,1,1,1,111,3,Hibernating / Lost,0,0.0,1,0.07075572049637957,22.187618178946003,Suppress / Low-Cost Ads,Exclude from paid campaigns to save marketing budget.
15294.0,319,1,233.35,2,1,1,211,4,About to Sleep,0,0.0,1,0.2083548318005215,59.66441744147967,Suppress / Low-Cost Ads,Exclude from paid campaigns to save marketing budget.
15295.0,563,1,217.24,1,1,1,111,3,Hibernating / Lost,0,0.0,1,0.07435937687473526,18.799767936266893,Suppress / Low-Cost Ads,Exclude from paid campaigns to save marketing budget.
15296.0,18,11,9269.46,5,5,5,555,15,Champions,1,1073.37,0,0.8510541358371235,1179.855347423577,VIP Loyalty Program,"Early access to new launches, zero discount needed."
15298.0,1,18,8017.69,5,5,5,555,15,Champions,5,1441.68,0,0.8860271054622453,1170.04669569776,VIP Loyalty Program,"Early access to new launches, zero discount needed."
15299.0,73,8,6519.54,4,5,5,455,14,Champions,2,1472.0,0,0.8031769645820703,739.8907430893536,VIP Loyalty Program,"Early access to new launches, zero discount needed."
15301.0,22,14,6280.89,5,5,5,555,15,Champions,3,1322.55,0,0.860591038730739,793.0397959464801,VIP Loyalty Program,"Early access to new launches, zero discount needed."
15302.0,639,1,308.0,1,1,2,112,4,Hibernating / Lost,0,0.0,1,0.06375102331029647,19.223572408780733,Suppress / Low-Cost Ads,Exclude from paid campaigns to save marketing budget.
15303.0,199,3,1224.18,3,3,4,334,10,Loyal Customers,0,0.0,1,0.47541192652133857,190.34311112714602,Cross-Sell Drive,Recommend bundle products based on purchase history.
15304.0,73,7,717.05,4,4,3,443,11,Champions,2,202.5,0,0.6787434545153719,159.03700427433355,VIP Loyalty Program,"Early access to new launches, zero discount needed."
15305.0,464,1,93.6,1,1,1,111,3,Hibernating / Lost,0,0.0,1,0.11511386687264624,23.495489732617,Suppress / Low-Cost Ads,Exclude from paid campaigns to save marketing budget.
15306.0,1,8,2967.45,5,5,5,555,15,Champions,1,517.28,0,0.8494183854429924,556.550959867457,VIP Loyalty Program,"Early access to new launches, zero discount needed."
15307.0,4,1,205.3,5,1,1,511,7,New Customers,0,0.0,1,0.5079686407673045,153.16250292050748,Onboarding Sequence,10% discount on 2nd purchase within 30 days.
15308.0,183,1,310.47,3,1,2,312,6,Others / Need Attention,0,0.0,1,0.30137902703479114,93.13272875837973,Suppress / Low-Cost Ads,Exclude from paid campaigns to save marketing budget.
15309.0,519,4,797.96,1,4,3,143,8,Can't Lose Them,0,0.0,1,0.11294986963852205,33.671695787479536,Executive Outreach,Feedback survey + customized high-value offer.
15310.0,387,1,1634.64,1,1,4,114,6,Hibernating / Lost,0,0.0,1,0.259103134922795,211.4695179630675,Suppress / Low-Cost Ads,Exclude from paid campaigns to save marketing budget.
15311.0,3,182,102158.74,5,5,5,555,15,Champions,26,14612.42,0,0.9993247559075087,13789.158063524224,VIP Loyalty Program,"Early access to new launches, zero discount needed."
15312.0,12,11,2800.14,5,5,5,555,15,Champions,1,130.05,0,0.8548207839690182,403.9752883599289,VIP Loyalty Program,"Early access to new launches, zero discount needed."
15313.0,19,1,52.0,5,1,1,511,7,New Customers,0,0.0,1,0.48971713731361555,50.4400272997444,Onboarding Sequence,10% discount on 2nd purchase within 30 days.
15314.0,108,3,820.45,3,3,3,333,9,Loyal Customers,0,0.0,1,0.5349333914029428,180.10271868773202,Cross-Sell Drive,Recommend bundle products based on purchase history.
15315.0,25,1,233.54,5,1,1,511,7,New Customers,1,336.96,0,0.48241383019241835,138.75794728279894,Onboarding Sequence,10% discount on 2nd purchase within 30 days.
15316.0,235,1,165.0,3,1,1,311,5,Others / Need Attention,0,0.0,1,0.214394815291724,51.560162804837724,Suppress / Low-Cost Ads,Exclude from paid campaigns to save marketing budget.
15317.0,586,1,129.75,1,1,1,111,3,Hibernating / Lost,0,0.0,1,0.06701013305087333,15.75852260355517,Suppress / Low-Cost Ads,Exclude from paid campaigns to save marketing budget.
15319.0,192,1,204.5,3,1,1,311,5,Others / Need Attention,0,0.0,1,0.251754569233513,62.9244962702292,Suppress / Low-Cost Ads,Exclude from paid campaigns to save marketing budget.
15321.0,200,10,5120.89,3,5,5,355,13,Loyal Customers,2,1588.84,0,0.6815068777432064,601.7591881729026,Cross-Sell Drive,Recommend bundle products based on purchase history.
15322.0,385,1,711.18,1,1,3,113,5,Hibernating / Lost,1,679.68,0,0.2234782417030997,115.12692186642613,Suppress / Low-Cost Ads,Exclude from paid campaigns to save marketing budget.
15323.0,471,3,434.6,1,3,2,132,6,Others / Need Attention,0,0.0,1,0.15584717871277853,38.882939881201864,Suppress / Low-Cost Ads,Exclude from paid campaigns to save marketing budget.
15324.0,610,1,140.22,1,1,1,111,3,Hibernating / Lost,0,0.0,1,0.06006372532757587,15.107720972651999,Suppress / Low-Cost Ads,Exclude from paid campaigns to save marketing budget.
15325.0,12,8,1602.01,5,5,4,554,14,Champions,0,0.0,1,0.8133507179987309,366.385011764984,VIP Loyalty Program,"Early access to new launches, zero discount needed."
15326.0,242,5,1700.52,3,4,4,344,11,Loyal Customers,0,0.0,1,0.4934558408851887,273.80501494973356,Cross-Sell Drive,Recommend bundle products based on purchase history.
15328.0,316,1,107.24,2,1,1,211,4,About to Sleep,0,0.0,1,0.21077703003836945,43.020964195537765,Suppress / Low-Cost Ads,Exclude from paid campaigns to save marketing budget.
15329.0,43,10,2688.63,4,5,4,454,13,Champions,1,295.7,0,0.8041390204032219,411.14302024600323,VIP Loyalty Program,"Early access to new launches, zero discount needed."
15331.0,408,3,767.91,1,3,3,133,7,Others / Need Attention,0,0.0,1,0.23540700096129696,77.37933755912091,Suppress / Low-Cost Ads,Exclude from paid campaigns to save marketing budget.
15332.0,275,6,6553.74,2,4,5,245,11,At Risk,0,0.0,1,0.5807609779578351,571.8508554643918,High-Value Win-Back,20% off limited promo code + direct outreach.
15333.0,117,1,1028.56,3,1,3,313,7,Others / Need Attention,0,0.0,1,0.4219553690961355,266.48208747353726,Suppress / Low-Cost Ads,Exclude from paid campaigns to save marketing budget.
15334.0,65,3,351.67,4,3,2,432,9,Loyal Customers,0,0.0,1,0.5293214378286906,135.06744066270602,Cross-Sell Drive,Recommend bundle products based on purchase history.
15336.0,310,1,240.5,2,1,1,211,4,About to Sleep,0,0.0,1,0.21567491910748549,60.861423964691376,Suppress / Low-Cost Ads,Exclude from paid campaigns to save marketing budget.
15337.0,320,1,373.02,2,1,2,212,5,About to Sleep,0,0.0,1,0.24323448490013921,103.52422677105781,Suppress / Low-Cost Ads,Exclude from paid campaigns to save marketing budget.
15338.0,586,1,283.43,1,1,2,112,4,Hibernating / Lost,0,0.0,1,0.08099976481933502,25.872215310494855,Suppress / Low-Cost Ads,Exclude from paid campaigns to save marketing budget.
15339.0,227,6,1511.67,3,4,4,344,11,Loyal Customers,1,316.17,0,0.519744060920013,218.3474492370853,Cross-Sell Drive,Recommend bundle products based on purchase history.
15340.0,470,1,105.5,1,1,1,111,3,Hibernating / Lost,0,0.0,1,0.11217124192452133,21.88797066698533,Suppress / Low-Cost Ads,Exclude from paid campaigns to save marketing budget.
15341.0,358,1,382.2,1,1,2,112,4,Hibernating / Lost,1,2020.52,0,0.21102835136962694,96.1192908192367,Suppress / Low-Cost Ads,Exclude from paid campaigns to save marketing budget.
15342.0,38,1,406.09,4,1,2,412,7,New Customers,0,0.0,1,0.524548377618397,228.30933068459714,Onboarding Sequence,10% discount on 2nd purchase within 30 days.
15346.0,241,3,596.12,3,3,3,333,9,Loyal Customers,0,0.0,1,0.37576170578642065,123.79072081586338,Cross-Sell Drive,Recommend bundle products based on purchase history.
15347.0,275,4,1363.6,2,4,4,244,10,At Risk,0,0.0,1,0.5143829878525394,222.92250794539564,Standard Retention Push,Automated email re-engagement.
15349.0,67,2,473.81,4,2,2,422,8,Promising / Potential,0,0.0,1,0.5024725363186608,152.17944572229996,Cross-Sell Drive,Recommend bundle products based on purchase history.
15350.0,282,2,663.25,2,2,3,223,7,About to Sleep,0,0.0,1,0.37853392714650147,138.309906491624,Suppress / Low-Cost Ads,Exclude from paid campaigns to save marketing budget.
15351.0,278,4,2052.85,2,4,4,244,10,At Risk,6,1685.44,0,0.5107118765937031,321.2252387464914,Standard Retention Push,Automated email re-engagement.
15352.0,457,1,114.95,1,1,1,111,3,Hibernating / Lost,0,0.0,1,0.11863111825542105,24.094858524720735,Suppress / Low-Cost Ads,Exclude from paid campaigns to save marketing budget.
15353.0,163,7,3175.95,3,4,5,345,12,Loyal Customers,0,0.0,1,0.6518738049258366,397.33743581198115,Cross-Sell Drive,Recommend bundle products based on purchase history.
15354.0,512,3,284.4,1,3,2,132,6,Others / Need Attention,0,0.0,1,0.13135116290913407,20.004274334523128,Suppress / Low-Cost Ads,Exclude from paid campaigns to save marketing budget.
15356.0,14,11,2978.09,5,5,5,555,15,Champions,2,486.86,0,0.8536053084481844,408.2386431652141,VIP Loyalty Program,"Early access to new launches, zero discount needed."
15358.0,29,35,14343.02,5,5,5,555,15,Champions,7,2707.39,0,0.9212897134674076,1731.926553009792,VIP Loyalty Program,"Early access to new launches, zero discount needed."
15359.0,571,8,181.35,1,5,1,151,7,Can't Lose Them,0,0.0,1,0.08489914865311976,3.7196132985171997,Executive Outreach,Feedback survey + customized high-value offer.
15361.0,270,4,689.07,2,4,3,243,9,At Risk,0,0.0,1,0.4693504315472403,132.25680270479089,Standard Retention Push,Automated email re-engagement.
15362.0,357,2,613.08,1,2,3,123,6,Hibernating / Lost,0,0.0,1,0.2974169268377943,109.92417181491629,Suppress / Low-Cost Ads,Exclude from paid campaigns to save marketing budget.
15363.0,281,2,1004.11,2,2,3,223,7,About to Sleep,0,0.0,1,0.37966986518905754,171.7599576642884,Suppress / Low-Cost Ads,Exclude from paid campaigns to save marketing budget.
15364.0,4,2,913.19,5,2,3,523,10,Promising / Potential,0,0.0,1,0.6210653366331804,297.00963526794703,Cross-Sell Drive,Recommend bundle products based on purchase history.
15365.0,5,8,3204.09,5,5,5,555,15,Champions,5,1353.04,0,0.8469064506857304,549.1116845588039,VIP Loyalty Program,"Early access to new launches, zero discount needed."
15366.0,267,6,1892.11,2,4,4,244,10,At Risk,1,496.97,0,0.5400907635720864,338.29342056009637,Standard Retention Push,Automated email re-engagement.
15367.0,154,9,4619.92,3,5,5,355,13,Loyal Customers,2,461.41,0,0.721638046474482,517.1182180227416,Cross-Sell Drive,Recommend bundle products based on purchase history.
15368.0,303,1,275.8,2,1,2,212,5,About to Sleep,1,446.94,0,0.2587945136508212,78.72131262384319,Suppress / Low-Cost Ads,Exclude from paid campaigns to save marketing budget.
15369.0,401,11,6251.26,1,5,5,155,11,Can't Lose Them,0,0.0,1,0.34631272439145877,279.78645234712445,Executive Outreach,Feedback survey + customized high-value offer.
15370.0,50,5,2866.42,4,4,5,445,13,Champions,3,872.59,0,0.7693955292762208,547.3123805839284,VIP Loyalty Program,"Early access to new launches, zero discount needed."
15371.0,571,1,59.4,1,1,1,111,3,Hibernating / Lost,0,0.0,1,0.07172372908338742,15.582422196963401,Suppress / Low-Cost Ads,Exclude from paid campaigns to save marketing budget.
15372.0,46,8,6017.06,4,5,5,455,14,Champions,0,0.0,1,0.8231438688287289,751.7002483460799,VIP Loyalty Program,"Early access to new launches, zero discount needed."
15373.0,24,14,2692.38,5,5,4,554,14,Champions,3,729.01,0,0.8328821541446472,383.919655956069,VIP Loyalty Program,"Early access to new launches, zero discount needed."
15374.0,37,2,307.32,4,2,2,422,8,Promising / Potential,0,0.0,1,0.5389158724774219,100.66784913287295,Cross-Sell Drive,Recommend bundle products based on purchase history.
15375.0,599,1,60.96,1,1,1,111,3,Hibernating / Lost,0,0.0,1,0.06316020690474855,14.188425276732419,Suppress / Low-Cost Ads,Exclude from paid campaigns to save marketing budget.
15376.0,26,2,989.02,5,2,3,523,10,Promising / Potential,1,244.34,0,0.5955474372058045,277.15078609055035,Cross-Sell Drive,Recommend bundle products based on purchase history.
15377.0,291,4,1211.75,2,4,4,244,10,At Risk,0,0.0,1,0.49491622715375394,151.66624426809076,Standard Retention Push,Automated email re-engagement.
15378.0,371,2,246.5,1,2,1,121,4,Hibernating / Lost,0,0.0,1,0.20796975914911875,39.2742232361094,Suppress / Low-Cost Ads,Exclude from paid campaigns to save marketing budget.
15379.0,78,8,4877.84,4,5,5,455,14,Champions,0,0.0,1,0.7993332907248645,735.1961603452539,VIP Loyalty Program,"Early access to new launches, zero discount needed."
15380.0,50,8,2371.36,4,5,4,454,13,Champions,3,1107.7,0,0.7881899260539528,407.6574694925568,VIP Loyalty Program,"Early access to new launches, zero discount needed."
15381.0,122,5,1890.57,3,4,4,344,11,Loyal Customers,0,0.0,1,0.6360055744872102,389.7183125555928,Cross-Sell Drive,Recommend bundle products based on purchase history.
15382.0,93,10,9904.96,4,5,5,455,14,Champions,2,3828.59,0,0.7978224499775016,1522.4642427515757,VIP Loyalty Program,"Early access to new launches, zero discount needed."
15384.0,78,4,2027.79,4,4,4,444,12,Champions,0,0.0,1,0.6967374300529232,451.5019672978335,VIP Loyalty Program,"Early access to new launches, zero discount needed."
15385.0,301,2,625.2,2,2,3,223,7,About to Sleep,1,316.88,0,0.35702951416115003,130.4525570287049,Suppress / Low-Cost Ads,Exclude from paid campaigns to save marketing budget.
15386.0,95,1,394.14,4,1,2,412,7,New Customers,0,0.0,1,0.455305951789822,201.79410650651639,Onboarding Sequence,10% discount on 2nd purchase within 30 days.
15387.0,401,1,468.65,1,1,2,112,4,Hibernating / Lost,0,0.0,1,0.17827001103263718,76.43948287210394,Suppress / Low-Cost Ads,Exclude from paid campaigns to save marketing budget.
15388.0,179,1,140.54,3,1,1,311,5,Others / Need Attention,0,0.0,1,0.26386570786960417,63.457499370301775,Suppress / Low-Cost Ads,Exclude from paid campaigns to save marketing budget.
15389.0,81,5,2733.8,4,4,5,445,13,Champions,0,0.0,1,0.7415386802047381,532.118058116866,VIP Loyalty Program,"Early access to new launches, zero discount needed."
15390.0,305,2,1216.66,2,2,4,224,8,About to Sleep,0,0.0,1,0.4005675304460625,180.27795996271092,Suppress / Low-Cost Ads,Exclude from paid campaigns to save marketing budget.
15391.0,493,1,289.87,1,1,2,112,4,Hibernating / Lost,0,0.0,1,0.12174257215701301,37.60912222844993,Suppress / Low-Cost Ads,Exclude from paid campaigns to save marketing budget.
15392.0,269,4,1715.07,2,4,4,244,10,At Risk,3,1196.55,0,0.5216656780190174,296.44324469136836,Standard Retention Push,Automated email re-engagement.
15393.0,190,4,783.58,3,4,3,343,10,Loyal Customers,1,107.76,0,0.49756355035809463,148.66134402357832,Cross-Sell Drive,Recommend bundle products based on purchase history.
15394.0,113,9,4539.7,3,5,5,355,13,Loyal Customers,2,747.1,0,0.7599193586255192,628.3304439950803,Cross-Sell Drive,Recommend bundle products based on purchase history.
15395.0,234,1,107.45,3,1,1,311,5,Others / Need Attention,0,0.0,1,0.2152172537642374,43.42650507202118,Suppress / Low-Cost Ads,Exclude from paid campaigns to save marketing budget.
15396.0,21,2,796.38,5,2,3,523,10,Promising / Potential,0,0.0,1,0.6014032746863864,256.0450344359855,Cross-Sell Drive,Recommend bundle products based on purchase history.
15397.0,198,1,94.0,3,1,1,311,5,Others / Need Attention,0,0.0,1,0.24629408730054447,49.69718386557734,Suppress / Low-Cost Ads,Exclude from paid campaigns to save marketing budget.
15400.0,1,8,1302.3,5,5,4,554,14,Champions,0,0.0,1,0.8213509236008585,326.8209749676692,VIP Loyalty Program,"Early access to new launches, zero discount needed."
15401.0,361,2,216.95,1,2,1,121,4,Hibernating / Lost,0,0.0,1,0.21610445101096132,34.49799826389505,Suppress / Low-Cost Ads,Exclude from paid campaigns to save marketing budget.
15402.0,57,6,1830.54,4,4,4,444,12,Champions,0,0.0,1,0.7307355134180828,415.29641916889784,VIP Loyalty Program,"Early access to new launches, zero discount needed."
15403.0,400,2,170.88,1,2,1,121,4,Hibernating / Lost,0,0.0,1,0.18566979381086646,28.209907530479736,Suppress / Low-Cost Ads,Exclude from paid campaigns to save marketing budget.
15404.0,284,1,257.06,2,1,1,211,4,About to Sleep,0,0.0,1,0.2378575760495366,70.22324900215135,Suppress / Low-Cost Ads,Exclude from paid campaigns to save marketing budget.
15405.0,98,2,659.84,4,2,3,423,9,Promising / Potential,0,0.0,1,0.5159095926933784,190.56515187013426,Cross-Sell Drive,Recommend bundle products based on purchase history.
15406.0,210,3,717.45,3,3,3,333,9,Loyal Customers,1,258.42,0,0.411769376273342,135.65306712693115,Cross-Sell Drive,Recommend bundle products based on purchase history.
15407.0,92,3,740.73,4,3,3,433,10,Loyal Customers,1,315.71,0,0.5475162235454263,181.56398764100328,Cross-Sell Drive,Recommend bundle products based on purchase history.
15408.0,173,1,267.18,3,1,1,311,5,Others / Need Attention,0,0.0,1,0.2695760239023497,81.06763300246119,Suppress / Low-Cost Ads,Exclude from paid campaigns to save marketing budget.
15409.0,630,1,131.25,1,1,1,111,3,Hibernating / Lost,0,0.0,1,0.05479601221620323,12.886173445412519,Suppress / Low-Cost Ads,Exclude from paid campaigns to save marketing budget.
15410.0,8,9,4324.29,5,5,5,555,15,Champions,1,361.43,0,0.8491475404541671,666.8911070876339,VIP Loyalty Program,"Early access to new launches, zero discount needed."
15411.0,33,2,382.21,5,2,2,522,9,Promising / Potential,2,976.67,0,0.5369850585740148,162.6319503423087,Cross-Sell Drive,Recommend bundle products based on purchase history.
15412.0,80,1,190.53,4,1,1,411,6,New Customers,0,0.0,1,0.42288901073405216,109.08165925951177,Onboarding Sequence,10% discount on 2nd purchase within 30 days.
15413.0,600,5,6798.72,1,4,5,145,10,Can't Lose Them,0,0.0,1,0.11768886540376167,131.2449058265221,Executive Outreach,Feedback survey + customized high-value offer.
15414.0,151,1,36.2,3,1,1,311,5,Others / Need Attention,2,738.7,0,0.29118634755462325,166.85654228721316,Suppress / Low-Cost Ads,Exclude from paid campaigns to save marketing budget.
15415.0,222,1,572.81,3,1,3,313,7,Others / Need Attention,0,0.0,1,0.30450611630463875,160.80032206623264,Suppress / Low-Cost Ads,Exclude from paid campaigns to save marketing budget.
15416.0,64,6,3732.83,4,4,5,445,13,Champions,1,839.99,0,0.7629216497915519,535.2973406881059,VIP Loyalty Program,"Early access to new launches, zero discount needed."
15418.0,334,2,452.32,2,2,2,222,6,About to Sleep,0,0.0,1,0.2781487983790485,81.88843343706452,Suppress / Low-Cost Ads,Exclude from paid campaigns to save marketing budget.
15420.0,343,6,743.0,2,4,3,243,9,At Risk,0,0.0,1,0.39797377088407815,102.4793256221472,Standard Retention Push,Automated email re-engagement.
15421.0,124,9,3594.34,3,5,5,355,13,Loyal Customers,1,211.0,0,0.75003493164342,435.955134632872,Cross-Sell Drive,Recommend bundle products based on purchase history.
15422.0,232,7,1619.97,3,4,4,344,11,Loyal Customers,0,0.0,1,0.5216855893990184,218.15221169437413,Cross-Sell Drive,Recommend bundle products based on purchase history.
15423.0,490,2,223.39,1,2,1,121,4,Hibernating / Lost,1,43.5,0,0.1282405256999044,19.83496840617068,Suppress / Low-Cost Ads,Exclude from paid campaigns to save marketing budget.
15424.0,163,3,597.78,3,3,3,333,9,Loyal Customers,0,0.0,1,0.4680931352248041,154.20833396836778,Cross-Sell Drive,Recommend bundle products based on purchase history.
15425.0,309,4,1944.57,2,4,4,244,10,At Risk,0,0.0,1,0.4730090342056794,292.79169210289115,Standard Retention Push,Automated email re-engagement.
15426.0,166,6,1830.98,3,4,4,344,11,Loyal Customers,3,784.41,0,0.5929035013413919,329.4106606049236,Cross-Sell Drive,Recommend bundle products based on purchase history.
15428.0,296,3,668.97,2,3,3,233,8,At Risk,1,93.78,0,0.37780359893156745,124.46340092236248,Standard Retention Push,Automated email re-engagement.
15430.0,376,2,954.75,1,2,3,123,6,Hibernating / Lost,0,0.0,1,0.2784463403738706,126.88134282494602,Suppress / Low-Cost Ads,Exclude from paid campaigns to save marketing budget.
15431.0,411,1,153.24,1,1,1,111,3,Hibernating / Lost,0,0.0,1,0.14411903241032764,35.05875377867622,Suppress / Low-Cost Ads,Exclude from paid campaigns to save marketing budget.
15432.0,450,1,149.57,1,1,1,111,3,Hibernating / Lost,1,171.19,0,0.12224081196008696,29.73660353208865,Suppress / Low-Cost Ads,Exclude from paid campaigns to save marketing budget.
15433.0,122,2,533.3,3,2,2,322,7,Promising / Potential,0,0.0,1,0.4425858983274712,165.68014750726695,Cross-Sell Drive,Recommend bundle products based on purchase history.
15434.0,16,9,2112.86,5,5,4,554,14,Champions,2,454.2,0,0.8152556306452523,421.32307636483966,VIP Loyalty Program,"Early access to new launches, zero discount needed."
15436.0,143,1,489.05,3,1,2,312,6,Others / Need Attention,2,633.48,0,0.3438903135400152,151.5063446532059,Suppress / Low-Cost Ads,Exclude from paid campaigns to save marketing budget.
15437.0,171,2,393.45,3,2,2,322,7,Promising / Potential,0,0.0,1,0.3847976850817799,113.7743044598227,Cross-Sell Drive,Recommend bundle products based on purchase history.
15438.0,40,1,156.58,4,1,1,411,6,New Customers,0,0.0,1,0.4709917135049161,115.29841885825843,Onboarding Sequence,10% discount on 2nd purchase within 30 days.
15439.0,313,4,1269.05,2,4,4,244,10,At Risk,0,0.0,1,0.4681782307573701,167.85894570121584,Standard Retention Push,Automated email re-engagement.
15440.0,45,2,237.66,4,2,1,421,7,Promising / Potential,1,146.02,0,0.478090688569075,91.34774256785585,Cross-Sell Drive,Recommend bundle products based on purchase history.
15441.0,305,3,1254.21,2,3,4,234,9,At Risk,0,0.0,1,0.4162842683459027,166.66986739275742,Standard Retention Push,Automated email re-engagement.
15442.0,157,1,594.0,3,1,3,313,7,Others / Need Attention,0,0.0,1,0.3753216111968042,198.19580864669837,Suppress / Low-Cost Ads,Exclude from paid campaigns to save marketing budget.
15443.0,18,9,2623.82,5,5,4,554,14,Champions,5,2552.11,0,0.8137746978284706,431.254694518397,VIP Loyalty Program,"Early access to new launches, zero discount needed."
15445.0,173,2,284.5,3,2,2,322,7,Promising / Potential,0,0.0,1,0.38249830879223434,72.6746068333741,Cross-Sell Drive,Recommend bundle products based on purchase history.
15446.0,285,3,406.95,2,3,2,232,7,At Risk,0,0.0,1,0.34298506519206395,85.76423774153852,Standard Retention Push,Automated email re-engagement.
15447.0,239,5,492.88,3,4,2,342,9,Loyal Customers,0,0.0,1,0.3963065607911028,93.39351761162298,Cross-Sell Drive,Recommend bundle products based on purchase history.
15448.0,221,2,788.81,3,2,3,323,8,Promising / Potential,0,0.0,1,0.3756625310089955,146.15710214873948,Cross-Sell Drive,Recommend bundle products based on purchase history.
15449.0,94,2,647.7,4,2,3,423,9,Promising / Potential,1,326.82,0,0.5207723093196157,192.361327683696,Cross-Sell Drive,Recommend bundle products based on purchase history.
15451.0,343,2,233.21,2,2,1,221,5,About to Sleep,0,0.0,1,0.23108670371813222,44.28562437265225,Suppress / Low-Cost Ads,Exclude from paid campaigns to save marketing budget.
15452.0,173,4,1507.63,3,4,4,344,11,Loyal Customers,2,291.48,0,0.5689734815055782,246.58085210237869,Cross-Sell Drive,Recommend bundle products based on purchase history.
15453.0,1,4,712.8,5,4,3,543,12,Champions,3,675.57,0,0.7260988186573986,285.7309419661882,VIP Loyalty Program,"Early access to new launches, zero discount needed."
15454.0,271,2,307.69,2,2,2,222,6,About to Sleep,0,0.0,1,0.34368792793058056,63.453176163155156,Suppress / Low-Cost Ads,Exclude from paid campaigns to save marketing budget.
15455.0,506,1,38.25,1,1,1,111,3,Hibernating / Lost,0,0.0,1,0.09586610238811655,12.11525677127671,Suppress / Low-Cost Ads,Exclude from paid campaigns to save marketing budget.
15456.0,192,10,2119.27,3,5,4,354,12,Loyal Customers,0,0.0,1,0.6445816457923221,281.74947182774133,Cross-Sell Drive,Recommend bundle products based on purchase history.
15457.0,171,1,237.07,3,1,1,311,5,Others / Need Attention,0,0.0,1,0.2714985013653931,75.74214372752002,Suppress / Low-Cost Ads,Exclude from paid campaigns to save marketing budget.
15458.0,311,1,208.8,2,1,1,211,4,About to Sleep,1,161.64,0,0.2148531107248487,54.31982880674982,Suppress / Low-Cost Ads,Exclude from paid campaigns to save marketing budget.
15459.0,326,2,202.83,2,2,1,221,5,About to Sleep,0,0.0,1,0.2461207965260379,39.28968039086366,Suppress / Low-Cost Ads,Exclude from paid campaigns to save marketing budget.
15460.0,263,1,216.76,2,1,1,211,4,About to Sleep,0,0.0,1,0.25688756139049007,64.20745588768595,Suppress / Low-Cost Ads,Exclude from paid campaigns to save marketing budget.
15461.0,369,2,429.7,1,2,2,122,5,Hibernating / Lost,0,0.0,1,0.2454992452491973,71.69801334108178,Suppress / Low-Cost Ads,Exclude from paid campaigns to save marketing budget.
15462.0,3,4,737.05,5,4,3,543,12,Champions,0,0.0,1,0.7241572926000648,272.4712209637378,VIP Loyalty Program,"Early access to new launches, zero discount needed."
15464.0,247,1,1048.85,2,1,3,213,6,About to Sleep,0,0.0,1,0.3600950581428838,207.05057900813318,Suppress / Low-Cost Ads,Exclude from paid campaigns to save marketing budget.
15465.0,47,29,11293.16,4,5,5,455,14,Champions,3,1362.49,0,0.9008899859043837,1562.5193979224207,VIP Loyalty Program,"Early access to new launches, zero discount needed."
15466.0,298,3,1236.48,2,3,4,234,9,At Risk,1,334.53,0,0.424589462537324,169.99506058359182,Standard Retention Push,Automated email re-engagement.
15467.0,54,2,402.56,4,2,2,422,8,Promising / Potential,1,122.32,0,0.5182906426587501,156.9701367177668,Cross-Sell Drive,Recommend bundle products based on purchase history.
15468.0,301,1,962.97,2,1,3,213,6,About to Sleep,2,467.51,0,0.3019851248769231,173.63802569264993,Suppress / Low-Cost Ads,Exclude from paid campaigns to save marketing budget.
15469.0,29,2,640.0,5,2,3,523,10,Promising / Potential,1,234.25,0,0.5920348790715249,222.52873056319007,Cross-Sell Drive,Recommend bundle products based on purchase history.
15470.0,484,1,63.42,1,1,1,111,3,Hibernating / Lost,0,0.0,1,0.10556060908454135,20.598038103084022,Suppress / Low-Cost Ads,Exclude from paid campaigns to save marketing budget.
15471.0,289,2,847.08,2,2,3,223,7,About to Sleep,1,469.48,0,0.37054457656955664,138.75082512144846,Suppress / Low-Cost Ads,Exclude from paid campaigns to save marketing budget.
15472.0,22,1,371.56,5,1,2,512,8,New Customers,0,0.0,1,0.5371676639700869,239.17331318140444,Onboarding Sequence,10% discount on 2nd purchase within 30 days.
15473.0,353,1,274.8,1,1,2,112,4,Hibernating / Lost,7,1771.2,0,0.2151124203714434,66.45324776096642,Suppress / Low-Cost Ads,Exclude from paid campaigns to save marketing budget.
15474.0,504,1,163.1,1,1,1,111,3,Hibernating / Lost,0,0.0,1,0.09671208953474475,23.52642310813164,Suppress / Low-Cost Ads,Exclude from paid campaigns to save marketing budget.
15476.0,289,4,2209.98,2,4,4,244,10,At Risk,0,0.0,1,0.4973190423061602,312.801474607302,Standard Retention Push,Automated email re-engagement.
15477.0,558,1,368.4,1,1,2,112,4,Hibernating / Lost,0,0.0,1,0.09174426758192533,34.88738997378439,Suppress / Low-Cost Ads,Exclude from paid campaigns to save marketing budget.
15478.0,484,1,583.56,1,1,3,113,5,Hibernating / Lost,2,1441.42,0,0.15090533193043265,80.28171102926122,Suppress / Low-Cost Ads,Exclude from paid campaigns to save marketing budget.
15479.0,642,1,147.4,1,1,1,111,3,Hibernating / Lost,0,0.0,1,0.05184731154103217,13.04106116748731,Suppress / Low-Cost Ads,Exclude from paid campaigns to save marketing budget.
15480.0,25,5,6279.0,5,4,5,545,14,Champions,0,0.0,1,0.7856597852700442,770.2059297073757,VIP Loyalty Program,"Early access to new launches, zero discount needed."
15481.0,310,1,1993.34,2,1,4,214,7,About to Sleep,0,0.0,1,0.3369126006704105,259.84474659497494,Suppress / Low-Cost Ads,Exclude from paid campaigns to save marketing budget.
15482.0,74,11,5641.1,4,5,5,455,14,Champions,8,8951.46,0,0.8172648360204708,759.7108719865774,VIP Loyalty Program,"Early access to new launches, zero discount needed."
15483.0,70,10,862.2,4,5,3,453,12,Champions,0,0.0,1,0.7458134113349215,179.5145315078081,VIP Loyalty Program,"Early access to new launches, zero discount needed."
15484.0,449,2,1061.69,1,2,3,123,6,Hibernating / Lost,4,3594.31,0,0.21288431473796632,97.00629458463634,Suppress / Low-Cost Ads,Exclude from paid campaigns to save marketing budget.
15485.0,245,6,4475.14,3,4,5,345,12,Loyal Customers,1,1296.37,0,0.5487774802041337,541.1428438761462,Cross-Sell Drive,Recommend bundle products based on purchase history.
15486.0,436,1,102.0,1,1,1,111,3,Hibernating / Lost,0,0.0,1,0.12974578056059194,26.481958584401852,Suppress / Low-Cost Ads,Exclude from paid campaigns to save marketing budget.
15487.0,588,1,231.32,1,1,1,111,3,Hibernating / Lost,0,0.0,1,0.06640309120446763,19.967189750638127,Suppress / Low-Cost Ads,Exclude from paid campaigns to save marketing budget.
15488.0,1,5,431.92,5,4,2,542,11,Champions,0,0.0,1,0.6904795485002301,216.20767551249472,VIP Loyalty Program,"Early access to new launches, zero discount needed."
15489.0,120,6,1633.59,3,4,4,344,11,Loyal Customers,2,786.02,0,0.6456510038270955,333.3159745019753,Cross-Sell Drive,Recommend bundle products based on purchase history.
15490.0,339,1,217.6,2,1,1,211,4,About to Sleep,0,0.0,1,0.19274878319049393,42.848735878360586,Suppress / Low-Cost Ads,Exclude from paid campaigns to save marketing budget.
15491.0,4,6,3100.09,5,4,5,545,14,Champions,0,0.0,1,0.8074842694083166,410.6957908391778,VIP Loyalty Program,"Early access to new launches, zero discount needed."
15493.0,58,7,3631.93,4,4,5,445,13,Champions,2,683.05,0,0.7738411001119112,463.8029788541581,VIP Loyalty Program,"Early access to new launches, zero discount needed."
15494.0,30,4,3608.2,5,4,5,545,14,Champions,1,171.85,0,0.7760534549023196,533.4348940358748,VIP Loyalty Program,"Early access to new launches, zero discount needed."
15495.0,288,1,246.5,2,1,1,211,4,About to Sleep,0,0.0,1,0.23434527860880916,69.18630520643026,Suppress / Low-Cost Ads,Exclude from paid campaigns to save marketing budget.
15496.0,540,1,146.14,1,1,1,111,3,Hibernating / Lost,0,0.0,1,0.08244492943701953,20.055758306809683,Suppress / Low-Cost Ads,Exclude from paid campaigns to save marketing budget.
15497.0,228,8,8365.79,3,5,5,355,13,Loyal Customers,1,291.6,0,0.6363809265204452,550.0079912128715,Cross-Sell Drive,Recommend bundle products based on purchase history.
15498.0,29,36,21849.55,5,5,5,555,15,Champions,8,4190.03,0,0.9235219674156293,2370.0964714595525,VIP Loyalty Program,"Early access to new launches, zero discount needed."
15499.0,632,1,161.6,1,1,1,111,3,Hibernating / Lost,0,0.0,1,0.054293640237311536,13.656381831485689,Suppress / Low-Cost Ads,Exclude from paid campaigns to save marketing budget.
15501.0,313,2,402.5,2,2,2,222,6,About to Sleep,0,0.0,1,0.29913734706694073,88.06756986398828,Suppress / Low-Cost Ads,Exclude from paid campaigns to save marketing budget.
15502.0,32,7,9564.07,5,4,5,545,14,Champions,7,4429.4,0,0.7906317686995069,1467.5316555482332,VIP Loyalty Program,"Early access to new launches, zero discount needed."
15503.0,271,2,267.15,2,2,1,221,5,About to Sleep,0,0.0,1,0.29909167248172286,57.5346021616477,Suppress / Low-Cost Ads,Exclude from paid campaigns to save marketing budget.
15504.0,429,3,371.02,1,3,2,132,6,Others / Need Attention,1,52.83,0,0.18468019141721836,44.67175426719776,Suppress / Low-Cost Ads,Exclude from paid campaigns to save marketing budget.
15505.0,22,3,2091.14,5,3,4,534,12,Loyal Customers,2,1519.82,0,0.6701337241945118,504.0579726087557,Cross-Sell Drive,Recommend bundle products based on purchase history.
15506.0,47,4,1270.12,4,4,4,444,12,Champions,2,769.91,0,0.7276717478976502,279.6917988322795,VIP Loyalty Program,"Early access to new launches, zero discount needed."
15507.0,80,1,492.36,4,1,2,412,7,New Customers,0,0.0,1,0.47346665426751366,210.67172415063453,Onboarding Sequence,10% discount on 2nd purchase within 30 days.
15508.0,98,6,1000.27,4,4,3,443,11,Champions,0,0.0,1,0.6443068351203736,203.44056308769774,VIP Loyalty Program,"Early access to new launches, zero discount needed."
15509.0,289,1,166.51,2,1,1,211,4,About to Sleep,0,0.0,1,0.2334745964167282,56.14869084245515,Suppress / Low-Cost Ads,Exclude from paid campaigns to save marketing budget.
15510.0,239,1,250.0,3,1,1,311,5,Others / Need Attention,0,0.0,1,0.21113099091433807,62.33269670569907,Suppress / Low-Cost Ads,Exclude from paid campaigns to save marketing budget.
15512.0,64,4,331.58,4,4,2,442,10,Champions,0,0.0,1,0.6202781805445621,118.72053326926712,VIP Loyalty Program,"Early access to new launches, zero discount needed."
15513.0,3,33,24344.47,5,5,5,555,15,Champions,2,3406.08,0,0.9256047271557194,3136.2422538039873,VIP Loyalty Program,"Early access to new launches, zero discount needed."
15514.0,134,13,5021.03,3,5,5,355,13,Loyal Customers,5,1577.52,0,0.7646744576360183,702.3606933343827,Cross-Sell Drive,Recommend bundle products based on purchase history.
15515.0,296,1,171.81,2,1,1,211,4,About to Sleep,0,0.0,1,0.2274304251085596,52.705846296830266,Suppress / Low-Cost Ads,Exclude from paid campaigns to save marketing budget.
15517.0,142,1,267.03,3,1,1,311,5,Others / Need Attention,0,0.0,1,0.30030665062850925,102.64219199725893,Suppress / Low-Cost Ads,Exclude from paid campaigns to save marketing budget.
15518.0,33,14,3901.25,5,5,5,555,15,Champions,1,317.69,0,0.854077939036459,533.2986629467931,VIP Loyalty Program,"Early access to new launches, zero discount needed."
15519.0,292,2,344.61,2,2,2,222,6,About to Sleep,0,0.0,1,0.321005580266299,90.64789014225849,Suppress / Low-Cost Ads,Exclude from paid campaigns to save marketing budget.
15521.0,3,15,6433.27,5,5,5,555,15,Champions,1,673.42,0,0.8748824367992909,850.8699351693123,VIP Loyalty Program,"Early access to new launches, zero discount needed."
15523.0,297,15,16947.98,2,5,5,255,12,At Risk,1,412.01,0,0.6735117801689705,557.2867412505578,High-Value Win-Back,20% off limited promo code + direct outreach.
15524.0,515,1,151.4,1,1,1,111,3,Hibernating / Lost,1,440.0,0,0.09213342605760078,22.41260605846135,Suppress / Low-Cost Ads,Exclude from paid campaigns to save marketing budget.
15525.0,282,2,783.71,2,2,3,223,7,About to Sleep,2,511.99,0,0.37853035056294726,146.6418395864543,Suppress / Low-Cost Ads,Exclude from paid campaigns to save marketing budget.
15527.0,53,20,4476.65,4,5,5,455,14,Champions,3,1098.99,0,0.8687053031254848,647.4072924592335,VIP Loyalty Program,"Early access to new launches, zero discount needed."
15528.0,163,1,229.33,3,1,1,311,5,Others / Need Attention,0,0.0,1,0.2792709737820447,69.31633089605333,Suppress / Low-Cost Ads,Exclude from paid campaigns to save marketing budget.
15529.0,51,9,3515.8,4,5,5,455,14,Champions,3,1596.15,0,0.8243212458643439,496.09243671016475,VIP Loyalty Program,"Early access to new launches, zero discount needed."
15530.0,58,4,1480.1,4,4,4,444,12,Champions,1,333.62,0,0.7169245703753766,333.0716847381961,VIP Loyalty Program,"Early access to new launches, zero discount needed."
15532.0,40,9,3416.76,4,5,5,455,14,Champions,1,355.14,0,0.8319448445369637,496.33060390944183,VIP Loyalty Program,"Early access to new launches, zero discount needed."
15534.0,634,1,162.25,1,1,1,111,3,Hibernating / Lost,0,0.0,1,0.05379580269690243,13.53116164893469,Suppress / Low-Cost Ads,Exclude from paid campaigns to save marketing budget.
15535.0,82,6,1087.82,4,4,3,443,11,Champions,0,0.0,1,0.6619504759343804,229.6117905865828,VIP Loyalty Program,"Early access to new launches, zero discount needed."
15536.0,318,1,259.09,2,1,1,211,4,About to Sleep,0,0.0,1,0.2091585302658613,62.461275532931886,Suppress / Low-Cost Ads,Exclude from paid campaigns to save marketing budget.
15537.0,72,1,110.92,4,1,1,411,6,New Customers,0,0.0,1,0.43242514575771496,79.23782409759204,Onboarding Sequence,10% discount on 2nd purchase within 30 days.
15538.0,446,6,3358.4,1,4,5,145,10,Can't Lose Them,0,0.0,1,0.2258116311057462,157.2125789546132,Executive Outreach,Feedback survey + customized high-value offer.
15540.0,284,1,247.38,2,1,1,211,4,About to Sleep,1,213.3,0,0.23785779752861402,70.22331438993785,Suppress / Low-Cost Ads,Exclude from paid campaigns to save marketing budget.
15541.0,23,1,85.13,5,1,1,511,7,New Customers,0,0.0,1,0.48485035634893603,86.70938260066978,Onboarding Sequence,10% discount on 2nd purchase within 30 days.
15542.0,421,3,918.45,1,3,3,133,7,Others / Need Attention,0,0.0,1,0.22420234830606223,77.45277549742555,Suppress / Low-Cost Ads,Exclude from paid campaigns to save marketing budget.
15543.0,197,2,242.84,3,2,1,321,6,Promising / Potential,0,0.0,1,0.30991081976714663,57.80587933834905,Cross-Sell Drive,Recommend bundle products based on purchase history.
15544.0,28,18,7388.09,5,5,5,555,15,Champions,2,774.34,0,0.8720721137211925,1018.6481281626949,VIP Loyalty Program,"Early access to new launches, zero discount needed."
15545.0,280,1,270.66,2,1,1,211,4,About to Sleep,1,157.39,0,0.24140584704904589,72.59622102115942,Suppress / Low-Cost Ads,Exclude from paid campaigns to save marketing budget.
15546.0,515,2,1079.1,1,2,3,123,6,Hibernating / Lost,0,0.0,1,0.16397047796327613,74.71742813963381,Suppress / Low-Cost Ads,Exclude from paid campaigns to save marketing budget.
15547.0,19,20,7970.26,5,5,5,555,15,Champions,6,2184.13,0,0.8836468752489562,1111.3279911549191,VIP Loyalty Program,"Early access to new launches, zero discount needed."
15548.0,504,1,158.09,1,1,1,111,3,Hibernating / Lost,0,0.0,1,0.09671214477413603,23.526436545803165,Suppress / Low-Cost Ads,Exclude from paid campaigns to save marketing budget.
15549.0,66,7,2284.38,4,4,4,444,12,Champions,1,61.58,0,0.7284193235044634,381.8423453571642,VIP Loyalty Program,"Early access to new launches, zero discount needed."
15550.0,15,11,2076.45,5,5,4,554,14,Champions,1,142.35,0,0.8254442700520896,315.66581917859054,VIP Loyalty Program,"Early access to new launches, zero discount needed."
15551.0,303,6,1274.02,2,4,4,244,10,At Risk,1,436.06,0,0.4963762612518363,175.09738898068107,Standard Retention Push,Automated email re-engagement.
15552.0,126,2,252.52,3,2,1,321,6,Promising / Potential,0,0.0,1,0.3882097121867044,77.33878268939202,Cross-Sell Drive,Recommend bundle products based on purchase history.
15554.0,186,1,217.2,3,1,1,311,5,Others / Need Attention,0,0.0,1,0.25729714470333453,64.30982870149386,Suppress / Low-Cost Ads,Exclude from paid campaigns to save marketing budget.
15555.0,12,30,10127.12,5,5,5,555,15,Champions,6,1985.23,0,0.9154920199867024,1782.4484685366538,VIP Loyalty Program,"Early access to new launches, zero discount needed."
15558.0,548,1,214.13,1,1,1,111,3,Hibernating / Lost,0,0.0,1,0.07954523338643371,20.110872239022743,Suppress / Low-Cost Ads,Exclude from paid campaigns to save marketing budget.
15559.0,477,1,1109.4,1,1,3,113,5,Hibernating / Lost,0,0.0,1,0.15531586309689982,93.68749980354418,Suppress / Low-Cost Ads,Exclude from paid campaigns to save marketing budget.
15560.0,306,2,153.52,2,2,1,221,5,About to Sleep,0,0.0,1,0.2646331460044512,40.207275642747014,Suppress / Low-Cost Ads,Exclude from paid campaigns to save marketing budget.
15561.0,58,7,1583.47,4,4,4,444,12,Champions,1,350.92,0,0.736073143366458,319.30469406518716,VIP Loyalty Program,"Early access to new launches, zero discount needed."
15562.0,260,3,673.38,2,3,3,233,8,At Risk,0,0.0,1,0.41979850364228855,138.2981782418174,Standard Retention Push,Automated email re-engagement.
15563.0,109,5,2202.18,3,4,4,344,11,Loyal Customers,2,664.82,0,0.6505199435748548,402.1546159283576,Cross-Sell Drive,Recommend bundle products based on purchase history.
15564.0,372,2,70.74,1,2,1,121,4,Hibernating / Lost,0,0.0,1,0.20717254197661683,26.397892243590547,Suppress / Low-Cost Ads,Exclude from paid campaigns to save marketing budget.
15566.0,301,2,227.87,2,2,1,221,5,About to Sleep,0,0.0,1,0.26939588707698925,48.93019166773553,Suppress / Low-Cost Ads,Exclude from paid campaigns to save marketing budget.
15569.0,12,10,3586.35,5,5,5,555,15,Champions,0,0.0,1,0.8507741652639415,534.5194247180387,VIP Loyalty Program,"Early access to new launches, zero discount needed."
15570.0,50,22,7972.2,4,5,5,455,14,Champions,3,1338.84,0,0.877396203837202,1041.5725620674982,VIP Loyalty Program,"Early access to new launches, zero discount needed."
15571.0,295,10,3401.2,2,5,5,255,12,At Risk,4,650.43,0,0.6398862371603027,363.50611756728665,Standard Retention Push,Automated email re-engagement.
15572.0,18,7,3071.1,5,4,5,545,14,Champions,3,997.57,0,0.8018221863231108,502.6292163380782,VIP Loyalty Program,"Early access to new launches, zero discount needed."
15573.0,527,3,599.73,1,3,3,133,7,Others / Need Attention,2,607.45,0,0.14711520750206364,48.35742885681586,Suppress / Low-Cost Ads,Exclude from paid campaigns to save marketing budget.
15574.0,86,6,1518.7,4,4,4,444,12,Champions,0,0.0,1,0.702074908295024,292.4052373024213,VIP Loyalty Program,"Early access to new launches, zero discount needed."
15575.0,528,1,30.1,1,1,1,111,3,Hibernating / Lost,0,0.0,1,0.08697517664549115,45.68021242854778,Suppress / Low-Cost Ads,Exclude from paid campaigns to save marketing budget.
15577.0,60,5,397.98,4,4,2,442,10,Champions,0,0.0,1,0.6323552465213786,146.6054462561237,VIP Loyalty Program,"Early access to new launches, zero discount needed."
15578.0,71,1,127.1,4,1,1,411,6,New Customers,0,0.0,1,0.4336200329287476,97.80192464307675,Onboarding Sequence,10% discount on 2nd purchase within 30 days.
15579.0,222,4,1153.5,3,4,4,344,11,Loyal Customers,1,149.0,0,0.5097816583046209,167.2978399037124,Cross-Sell Drive,Recommend bundle products based on purchase history.
15580.0,285,8,1381.19,2,5,4,254,11,At Risk,0,0.0,1,0.587783337512318,208.6357822540948,Standard Retention Push,Automated email re-engagement.
15581.0,29,38,7794.59,5,5,5,555,15,Champions,0,0.0,1,0.9280584340658105,1007.4823493006768,VIP Loyalty Program,"Early access to new launches, zero discount needed."
15582.0,9,2,541.51,5,2,2,522,9,Promising / Potential,1,141.4,0,0.5658760622402044,241.5271072162213,Cross-Sell Drive,Recommend bundle products based on purchase history.
15583.0,285,1,107.86,2,1,1,211,4,About to Sleep,0,0.0,1,0.23697946278895088,47.81768033357981,Suppress / Low-Cost Ads,Exclude from paid campaigns to save marketing budget.
15584.0,71,3,707.04,4,3,3,433,10,Loyal Customers,3,570.46,0,0.572703955965338,193.25650667775778,Cross-Sell Drive,Recommend bundle products based on purchase history.
15585.0,85,1,455.3,4,1,2,412,7,New Customers,0,0.0,1,0.467403019633004,210.7959219503019,Onboarding Sequence,10% discount on 2nd purchase within 30 days.
15586.0,501,3,1139.1,1,3,3,133,7,Others / Need Attention,0,0.0,1,0.1637092267274981,68.08313367143587,Suppress / Low-Cost Ads,Exclude from paid campaigns to save marketing budget.
15587.0,51,5,1065.24,4,4,3,443,11,Champions,2,456.84,0,0.6880030951014693,236.5183449656612,VIP Loyalty Program,"Early access to new launches, zero discount needed."
15588.0,586,1,579.6,1,1,3,113,5,Hibernating / Lost,0,0.0,1,0.09760287492713804,46.09873657708879,Suppress / Low-Cost Ads,Exclude from paid campaigns to save marketing budget.
15589.0,164,3,478.53,3,3,2,332,8,Loyal Customers,0,0.0,1,0.41644488969276716,108.15806612762826,Cross-Sell Drive,Recommend bundle products based on purchase history.
15590.0,291,5,1496.6,2,4,4,244,10,At Risk,0,0.0,1,0.5029414715799522,215.42979773610315,Standard Retention Push,Automated email re-engagement.
15591.0,491,3,217.9,1,3,1,131,5,Others / Need Attention,0,0.0,1,0.12009418785600734,10.222802846806973,Suppress / Low-Cost Ads,Exclude from paid campaigns to save marketing budget.
15594.0,2,2,788.22,5,2,3,523,10,Promising / Potential,3,983.56,0,0.6233580593902952,313.1948314292204,Cross-Sell Drive,Recommend bundle products based on purchase history.
15595.0,396,1,357.6,1,1,2,112,4,Hibernating / Lost,0,0.0,1,0.18186630919378854,75.60787678074544,Suppress / Low-Cost Ads,Exclude from paid campaigns to save marketing budget.
15596.0,9,9,3130.04,5,5,5,555,15,Champions,0,0.0,1,0.8485421625248452,556.8210197547737,VIP Loyalty Program,"Early access to new launches, zero discount needed."
15597.0,484,1,238.8,1,1,1,111,3,Hibernating / Lost,1,324.57,0,0.10555851914769887,30.251778934880548,Suppress / Low-Cost Ads,Exclude from paid campaigns to save marketing budget.
15598.0,336,1,307.34,2,1,2,212,5,About to Sleep,1,240.68,0,0.22918444341850297,70.80042414636317,Suppress / Low-Cost Ads,Exclude from paid campaigns to save marketing budget.
15599.0,113,2,937.15,3,2,3,323,8,Promising / Potential,1,312.91,0,0.504456197047745,197.6067994514229,Cross-Sell Drive,Recommend bundle products based on purchase history.
15600.0,337,4,1199.31,2,4,4,244,10,At Risk,0,0.0,1,0.4392257916561326,104.90153908863154,Standard Retention Push,Automated email re-engagement.
15601.0,31,27,13769.02,5,5,5,555,15,Champions,3,1191.1,0,0.8996401992245092,1730.7251100748829,VIP Loyalty Program,"Early access to new launches, zero discount needed."
15602.0,109,12,2475.59,3,5,4,354,12,Loyal Customers,4,754.92,0,0.7433888200479744,289.98673414222515,Cross-Sell Drive,Recommend bundle products based on purchase history.
15603.0,557,1,40.0,1,1,1,111,3,Hibernating / Lost,1,48.48,0,0.0763968963848124,9.299471260041829,Suppress / Low-Cost Ads,Exclude from paid campaigns to save marketing budget.
15605.0,161,7,1428.75,3,4,4,344,11,Loyal Customers,2,508.05,0,0.6064739607164269,215.47559534092636,Cross-Sell Drive,Recommend bundle products based on purchase history.
15606.0,28,16,4750.21,5,5,5,555,15,Champions,1,480.78,0,0.8647672240580064,763.0931085876957,VIP Loyalty Program,"Early access to new launches, zero discount needed."
15607.0,245,9,1708.97,3,5,4,354,12,Loyal Customers,0,0.0,1,0.5757051391341803,234.12120403039043,Cross-Sell Drive,Recommend bundle products based on purchase history.
15608.0,29,2,977.98,5,2,3,523,10,Promising / Potential,3,808.0,0,0.5920245759904321,275.51134698942803,Cross-Sell Drive,Recommend bundle products based on purchase history.
15609.0,93,1,298.48,4,1,2,412,7,New Customers,0,0.0,1,0.4577249911615875,142.71908949853594,Onboarding Sequence,10% discount on 2nd purchase within 30 days.
15611.0,12,21,2352.97,5,5,4,554,14,Champions,5,644.31,0,0.8687130208633469,406.0941291181495,VIP Loyalty Program,"Early access to new launches, zero discount needed."
15613.0,519,1,433.72,1,1,2,112,4,Hibernating / Lost,0,0.0,1,0.10884037738249452,46.66910667997531,Suppress / Low-Cost Ads,Exclude from paid campaigns to save marketing budget.
15614.0,346,4,3147.36,2,4,5,245,11,At Risk,0,0.0,1,0.47910189302156947,537.1823980012553,High-Value Win-Back,20% off limited promo code + direct outreach.
15615.0,14,43,18342.08,5,5,5,555,15,Champions,4,3031.89,0,0.9421129762236705,2227.728651987551,VIP Loyalty Program,"Early access to new launches, zero discount needed."
15616.0,347,1,317.11,2,1,2,212,5,About to Sleep,0,0.0,1,0.2198601719859692,101.58076025207532,Suppress / Low-Cost Ads,Exclude from paid campaigns to save marketing budget.
15617.0,305,3,828.55,2,3,3,233,8,At Risk,0,0.0,1,0.3675546549648697,122.93780949312281,Standard Retention Push,Automated email re-engagement.
15618.0,1,3,419.04,5,3,2,532,10,Loyal Customers,1,357.81,0,0.5991173761585009,196.28543401244838,Cross-Sell Drive,Recommend bundle products based on purchase history.
15620.0,129,3,1264.19,3,3,4,334,10,Loyal Customers,1,678.17,0,0.5603020371566769,276.6764875518248,Cross-Sell Drive,Recommend bundle products based on purchase history.
15622.0,106,13,6745.05,4,5,5,455,14,Champions,4,1107.56,0,0.8031747311710826,961.6548696560227,VIP Loyalty Program,"Early access to new launches, zero discount needed."
15623.0,50,8,2437.05,4,5,4,454,13,Champions,0,0.0,1,0.78818854190804,407.65675360238674,VIP Loyalty Program,"Early access to new launches, zero discount needed."
15624.0,25,4,588.13,5,4,3,543,12,Champions,0,0.0,1,0.7022594151811561,220.19681370299497,VIP Loyalty Program,"Early access to new launches, zero discount needed."
15625.0,12,9,3236.4,5,5,5,555,15,Champions,0,0.0,1,0.8466536088869482,531.9305856182226,VIP Loyalty Program,"Early access to new launches, zero discount needed."
15626.0,238,2,673.6,3,2,3,323,8,Promising / Potential,1,393.92,0,0.3564611844358485,130.80545689327482,Cross-Sell Drive,Recommend bundle products based on purchase history.
15627.0,366,2,566.9,1,2,3,123,6,Hibernating / Lost,0,0.0,1,0.288343435480496,104.51351038678702,Suppress / Low-Cost Ads,Exclude from paid campaigns to save marketing budget.
15628.0,7,13,4407.42,5,5,5,555,15,Champions,4,1244.84,0,0.8654530803168087,679.696914103035,VIP Loyalty Program,"Early access to new launches, zero discount needed."
15629.0,359,4,2240.9,1,4,4,144,9,Can't Lose Them,0,0.0,1,0.25400178615264113,157.42192757128228,Executive Outreach,Feedback survey + customized high-value offer.
15630.0,113,2,691.91,3,2,3,323,8,Promising / Potential,1,789.49,0,0.5044639345509501,186.33738868632034,Cross-Sell Drive,Recommend bundle products based on purchase history.
15631.0,551,1,596.67,1,1,3,113,5,Hibernating / Lost,0,0.0,1,0.11367526644746428,58.059565624774876,Suppress / Low-Cost Ads,Exclude from paid campaigns to save marketing budget.
15632.0,30,6,2351.84,5,4,4,544,13,Champions,2,933.47,0,0.7507316723230335,492.28019212153765,VIP Loyalty Program,"Early access to new launches, zero discount needed."
15633.0,418,13,4352.46,1,5,5,155,11,Can't Lose Them,0,0.0,1,0.34219148611959926,250.45678751023857,Executive Outreach,Feedback survey + customized high-value offer.
15634.0,292,1,311.1,2,1,2,212,5,About to Sleep,1,243.55,0,0.26919909572287937,121.07839623510303,Suppress / Low-Cost Ads,Exclude from paid campaigns to save marketing budget.
15635.0,304,1,100.35,2,1,1,211,4,About to Sleep,0,0.0,1,0.22066073555163623,45.03829284338941,Suppress / Low-Cost Ads,Exclude from paid campaigns to save marketing budget.
15636.0,191,3,1026.52,3,3,3,333,9,Loyal Customers,1,418.06,0,0.4343351945775875,173.8447347492349,Cross-Sell Drive,Recommend bundle products based on purchase history.
15637.0,322,4,574.23,2,4,3,243,9,At Risk,1,223.36,0,0.40711089957223934,114.71851798707947,Standard Retention Push,Automated email re-engagement.
15638.0,287,6,2265.2,2,4,4,244,10,At Risk,0,0.0,1,0.5158153417121828,328.2957908861514,Standard Retention Push,Automated email re-engagement.
15639.0,43,3,1065.08,4,3,3,433,10,Loyal Customers,0,0.0,1,0.6056770138357567,248.31357541455597,Cross-Sell Drive,Recommend bundle products based on purchase history.
15640.0,30,25,20361.26,5,5,5,555,15,Champions,4,3596.32,0,0.8940689544872019,2277.239612900305,VIP Loyalty Program,"Early access to new launches, zero discount needed."
15641.0,14,12,5345.55,5,5,5,555,15,Champions,0,0.0,1,0.8575393858779969,846.0964246747079,VIP Loyalty Program,"Early access to new launches, zero discount needed."
15642.0,638,1,105.78,1,1,1,111,3,Hibernating / Lost,0,0.0,1,0.05281338247526979,10.655992806393305,Suppress / Low-Cost Ads,Exclude from paid campaigns to save marketing budget.
15643.0,100,3,664.0,4,3,3,433,10,Loyal Customers,0,0.0,1,0.5378520576914944,178.3592159571587,Cross-Sell Drive,Recommend bundle products based on purchase history.
15644.0,75,4,813.0,4,4,3,443,11,Champions,0,0.0,1,0.6551692676441112,202.60266351565394,VIP Loyalty Program,"Early access to new launches, zero discount needed."
15645.0,323,2,443.16,2,2,2,222,6,About to Sleep,1,612.01,0,0.2890292310407322,85.09168864066443,Suppress / Low-Cost Ads,Exclude from paid campaigns to save marketing budget.
15646.0,66,5,974.61,4,4,3,443,11,Champions,0,0.0,1,0.6721174519885726,231.05725613549637,VIP Loyalty Program,"Early access to new launches, zero discount needed."
15647.0,324,1,169.0,2,1,1,211,4,About to Sleep,0,0.0,1,0.20436917971887802,47.90728268182461,Suppress / Low-Cost Ads,Exclude from paid campaigns to save marketing budget.
15648.0,113,2,657.35,3,2,3,323,8,Promising / Potential,0,0.0,1,0.5044650249443143,186.33779145258018,Cross-Sell Drive,Recommend bundle products based on purchase history.
15649.0,245,4,2170.35,3,4,4,344,11,Loyal Customers,0,0.0,1,0.4817626021253858,295.877795639014,Cross-Sell Drive,Recommend bundle products based on purchase history.
15650.0,430,2,553.88,1,2,2,122,5,Hibernating / Lost,0,0.0,1,0.19469569090232186,70.56977066071921,Suppress / Low-Cost Ads,Exclude from paid campaigns to save marketing budget.
15651.0,169,3,840.08,3,3,3,333,9,Loyal Customers,2,418.98,0,0.46081918126675503,154.13245337013586,Cross-Sell Drive,Recommend bundle products based on purchase history.
15652.0,0,5,1420.34,5,4,4,544,13,Champions,0,0.0,1,0.7714586437698876,379.23614449113825,VIP Loyalty Program,"Early access to new launches, zero discount needed."
15653.0,1,2,877.44,5,2,3,523,10,Promising / Potential,0,0.0,1,0.6244978698971385,321.6779030942499,Cross-Sell Drive,Recommend bundle products based on purchase history.
15655.0,152,1,560.67,3,1,2,312,6,Others / Need Attention,0,0.0,1,0.3340698714769672,107.14833230296705,Suppress / Low-Cost Ads,Exclude from paid campaigns to save marketing budget.
15656.0,87,3,563.63,4,3,2,432,9,Loyal Customers,1,184.87,0,0.5025693261139601,166.65897190118915,Cross-Sell Drive,Recommend bundle products based on purchase history.
15658.0,99,8,2423.47,4,5,4,454,13,Champions,0,0.0,1,0.7456348613286252,382.02038368371785,VIP Loyalty Program,"Early access to new launches, zero discount needed."
15659.0,295,2,226.04,2,2,1,221,5,About to Sleep,1,306.45,0,0.27518437764719084,49.98155127140275,Suppress / Low-Cost Ads,Exclude from paid campaigns to save marketing budget.
15660.0,44,12,2096.47,4,5,4,454,13,Champions,3,716.52,0,0.8133381698861577,257.52104678320825,VIP Loyalty Program,"Early access to new launches, zero discount needed."
15661.0,226,8,1215.95,3,5,4,354,12,Loyal Customers,0,0.0,1,0.5903955978502006,178.00507064891391,Cross-Sell Drive,Recommend bundle products based on purchase history.
15662.0,570,2,283.73,1,2,2,122,5,Hibernating / Lost,0,0.0,1,0.10896104357667702,20.96023015714409,Suppress / Low-Cost Ads,Exclude from paid campaigns to save marketing budget.
15663.0,15,1,138.14,5,1,1,511,7,New Customers,0,0.0,1,0.49458210541190983,172.26703583710437,Onboarding Sequence,10% discount on 2nd purchase within 30 days.
15664.0,358,3,867.6,1,3,3,133,7,Others / Need Attention,1,386.43,0,0.28199360012824737,98.06957646391719,Suppress / Low-Cost Ads,Exclude from paid campaigns to save marketing budget.
15665.0,77,5,4015.12,4,4,5,445,13,Champions,0,0.0,1,0.7452230765281425,766.5415104405594,VIP Loyalty Program,"Early access to new launches, zero discount needed."
15666.0,381,2,632.94,1,2,3,123,6,Hibernating / Lost,0,0.0,1,0.2735897165442729,99.16584934253552,Suppress / Low-Cost Ads,Exclude from paid campaigns to save marketing budget.
15668.0,126,1,76.32,3,1,1,311,5,Others / Need Attention,0,0.0,1,0.31693113103279347,67.95344323551859,Suppress / Low-Cost Ads,Exclude from paid campaigns to save marketing budget.
15669.0,12,3,565.54,5,3,3,533,11,Loyal Customers,1,118.8,0,0.6348178791930192,257.15609866603495,Cross-Sell Drive,Recommend bundle products based on purchase history.
15670.0,205,2,325.2,3,2,2,322,7,Promising / Potential,0,0.0,1,0.3464301315289573,111.065925101812,Cross-Sell Drive,Recommend bundle products based on purchase history.
15671.0,3,5,1972.89,5,4,4,544,13,Champions,2,684.24,0,0.7688607213921387,526.3696429113959,VIP Loyalty Program,"Early access to new launches, zero discount needed."
15672.0,634,1,45.3,1,1,1,111,3,Hibernating / Lost,0,0.0,1,0.053796554043687106,6.771843073982496,Suppress / Low-Cost Ads,Exclude from paid campaigns to save marketing budget.
15673.0,65,8,5638.16,4,5,5,455,14,Champions,1,776.63,0,0.8092790887730946,745.5120512209554,VIP Loyalty Program,"Early access to new launches, zero discount needed."
15674.0,122,12,5881.29,3,5,5,355,13,Loyal Customers,1,1066.94,0,0.769352929757892,717.5728591436576,Cross-Sell Drive,Recommend bundle products based on purchase history.
15675.0,64,3,443.74,4,3,2,432,9,Loyal Customers,1,98.3,0,0.5305314129905074,141.13970976763284,Cross-Sell Drive,Recommend bundle products based on purchase history.
15676.0,192,1,897.8,3,1,3,313,7,Others / Need Attention,2,2537.96,0,0.33628265358434684,187.08608467567777,Suppress / Low-Cost Ads,Exclude from paid campaigns to save marketing budget.
15677.0,330,2,648.4,2,2,3,223,7,About to Sleep,1,657.23,0,0.32530838756957003,118.86219289473284,Suppress / Low-Cost Ads,Exclude from paid campaigns to save marketing budget.
15678.0,304,2,1541.19,2,2,4,224,8,About to Sleep,1,352.7,0,0.4017273428265028,243.92281541085998,Suppress / Low-Cost Ads,Exclude from paid campaigns to save marketing budget.
15679.0,63,2,260.26,4,2,1,421,7,Promising / Potential,2,521.02,0,0.4562777338434231,87.17998900024949,Cross-Sell Drive,Recommend bundle products based on purchase history.
15680.0,275,8,3652.79,2,5,5,255,12,At Risk,2,854.79,0,0.6474711133137445,368.9054062773213,Standard Retention Push,Automated email re-engagement.
15681.0,92,12,2266.76,4,5,4,454,13,Champions,2,722.94,0,0.7752363493847623,278.29746381202096,VIP Loyalty Program,"Early access to new launches, zero discount needed."
15682.0,508,2,318.24,1,2,2,122,5,Hibernating / Lost,0,0.0,1,0.14190843473661874,40.75869212282939,Suppress / Low-Cost Ads,Exclude from paid campaigns to save marketing budget.
15683.0,26,2,524.54,5,2,2,522,9,Promising / Potential,0,0.0,1,0.5454431141565572,195.8494023682184,Cross-Sell Drive,Recommend bundle products based on purchase history.
15684.0,456,3,173.95,1,3,1,131,5,Others / Need Attention,0,0.0,1,0.1392994587256805,11.060244203162114,Suppress / Low-Cost Ads,Exclude from paid campaigns to save marketing budget.
15685.0,359,1,55.98,1,1,1,111,3,Hibernating / Lost,0,0.0,1,0.17824322476139276,26.845121668811363,Suppress / Low-Cost Ads,Exclude from paid campaigns to save marketing budget.
15686.0,329,1,90.0,2,1,1,211,4,About to Sleep,0,0.0,1,0.20044076200837668,40.91126459139753,Suppress / Low-Cost Ads,Exclude from paid campaigns to save marketing budget.
15687.0,95,5,1679.45,4,4,4,444,12,Champions,4,1313.65,0,0.6859429166260038,397.0351514612914,VIP Loyalty Program,"Early access to new launches, zero discount needed."
15688.0,327,1,190.57,2,1,1,211,4,About to Sleep,0,0.0,1,0.20200389830589127,52.54173664048184,Suppress / Low-Cost Ads,Exclude from paid campaigns to save marketing budget.
15689.0,28,3,521.03,5,3,2,532,10,Loyal Customers,0,0.0,1,0.567170243506671,174.9096824705787,Cross-Sell Drive,Recommend bundle products based on purchase history.
15690.0,9,1,111.0,5,1,1,511,7,New Customers,1,128.76,0,0.5018861269262123,111.63024349987526,Onboarding Sequence,10% discount on 2nd purchase within 30 days.
15691.0,161,4,571.3,3,4,3,343,10,Loyal Customers,0,0.0,1,0.5328226590753298,150.14244487996208,Cross-Sell Drive,Recommend bundle products based on purchase history.
15693.0,568,1,37.5,1,1,1,111,3,Hibernating / Lost,0,0.0,1,0.07270253064507937,38.18407932066439,Suppress / Low-Cost Ads,Exclude from paid campaigns to save marketing budget.
15694.0,85,19,7637.19,4,5,5,455,14,Champions,5,3173.62,0,0.8456936565180344,1012.821007130646,VIP Loyalty Program,"Early access to new launches, zero discount needed."
15695.0,175,4,1131.04,3,4,3,343,10,Loyal Customers,0,0.0,1,0.5158057649975895,169.27480400327389,Cross-Sell Drive,Recommend bundle products based on purchase history.
15696.0,129,11,2808.01,3,5,5,355,13,Loyal Customers,2,1098.56,0,0.7574645322912402,370.14843969362596,Cross-Sell Drive,Recommend bundle products based on purchase history.
15697.0,598,1,246.75,1,1,1,111,3,Hibernating / Lost,0,0.0,1,0.06344752608775339,18.782759775936487,Suppress / Low-Cost Ads,Exclude from paid campaigns to save marketing budget.
15698.0,533,1,46.2,1,1,1,111,3,Hibernating / Lost,0,0.0,1,0.08506113858122,10.749759398754657,Suppress / Low-Cost Ads,Exclude from paid campaigns to save marketing budget.
15700.0,81,2,696.68,4,2,3,423,9,Promising / Potential,0,0.0,1,0.536541463623072,201.67036608012717,Cross-Sell Drive,Recommend bundle products based on purchase history.
15701.0,19,1,857.0,5,1,3,513,9,New Customers,3,685.14,0,0.5910289600183608,456.3078439475111,Onboarding Sequence,10% discount on 2nd purchase within 30 days.
15702.0,385,2,140.39,1,2,1,121,4,Hibernating / Lost,0,0.0,1,0.19696718479585296,29.926386815994473,Suppress / Low-Cost Ads,Exclude from paid campaigns to save marketing budget.
15703.0,173,1,211.5,3,1,1,311,5,Others / Need Attention,0,0.0,1,0.2695774076608355,67.37920441538591,Suppress / Low-Cost Ads,Exclude from paid campaigns to save marketing budget.
15704.0,49,6,3817.96,4,4,5,445,13,Champions,0,0.0,1,0.7758750495983721,695.912656939712,VIP Loyalty Program,"Early access to new launches, zero discount needed."
15705.0,110,1,143.1,3,1,1,311,5,Others / Need Attention,0,0.0,1,0.3340293288425681,76.07891260007612,Suppress / Low-Cost Ads,Exclude from paid campaigns to save marketing budget.
15706.0,25,1,450.05,5,1,2,512,8,New Customers,3,610.51,0,0.5335317757392981,239.84355844921419,Onboarding Sequence,10% discount on 2nd purchase within 30 days.
15708.0,47,8,3714.91,4,5,5,455,14,Champions,1,663.81,0,0.8224763733638901,482.1495643422086,VIP Loyalty Program,"Early access to new launches, zero discount needed."
15709.0,192,2,327.85,3,2,2,322,7,Promising / Potential,0,0.0,1,0.36089709842791506,121.47972396593245,Cross-Sell Drive,Recommend bundle products based on purchase history.
15710.0,326,1,898.87,2,1,3,213,6,About to Sleep,0,0.0,1,0.2769627612786131,154.08430395171607,Suppress / Low-Cost Ads,Exclude from paid campaigns to save marketing budget.
15711.0,465,2,420.25,1,2,2,122,5,Hibernating / Lost,0,0.0,1,0.16935886523873123,49.46122814753022,Suppress / Low-Cost Ads,Exclude from paid campaigns to save marketing budget.
15712.0,18,10,3166.36,5,5,5,555,15,Champions,2,306.05,0,0.847034024912172,506.273000662023,VIP Loyalty Program,"Early access to new launches, zero discount needed."
15713.0,52,4,1010.79,4,4,3,443,11,Champions,0,0.0,1,0.6800061904413071,236.520722411773,VIP Loyalty Program,"Early access to new launches, zero discount needed."
15714.0,362,3,453.93,1,3,2,132,6,Others / Need Attention,2,330.88,0,0.23889497193434306,59.60286806836389,Suppress / Low-Cost Ads,Exclude from paid campaigns to save marketing budget.
15715.0,464,5,658.02,1,4,3,143,8,Can't Lose Them,0,0.0,1,0.1466637450864151,39.26832843063084,Executive Outreach,Feedback survey + customized high-value offer.
15716.0,54,11,3056.81,4,5,5,455,14,Champions,0,0.0,1,0.831406722319112,411.3379318771224,VIP Loyalty Program,"Early access to new launches, zero discount needed."
15717.0,143,5,607.0,3,4,3,343,10,Loyal Customers,0,0.0,1,0.5624850329954341,144.7243521122739,Cross-Sell Drive,Recommend bundle products based on purchase history.
15718.0,449,1,293.79,1,1,2,112,4,Hibernating / Lost,0,0.0,1,0.14656519198731632,45.27740889832743,Suppress / Low-Cost Ads,Exclude from paid campaigns to save marketing budget.
15719.0,8,29,9246.12,5,5,5,555,15,Champions,2,976.94,0,0.9145159268291142,1360.5962647502288,VIP Loyalty Program,"Early access to new launches, zero discount needed."
15720.0,459,1,143.19,1,1,1,111,3,Hibernating / Lost,1,598.73,0,0.11761635577125007,28.611646833634644,Suppress / Low-Cost Ads,Exclude from paid campaigns to save marketing budget.
15722.0,17,9,4460.34,5,5,5,555,15,Champions,2,797.76,0,0.8434457770759827,633.8096896658524,VIP Loyalty Program,"Early access to new launches, zero discount needed."
15723.0,273,4,947.65,2,4,3,243,9,At Risk,0,0.0,1,0.4657060319247859,152.8333001039237,Standard Retention Push,Automated email re-engagement.
15724.0,110,3,310.85,3,3,2,332,8,Loyal Customers,0,0.0,1,0.4813981658538067,69.17374670900946,Cross-Sell Drive,Recommend bundle products based on purchase history.
15726.0,299,1,321.91,2,1,2,212,5,About to Sleep,0,0.0,1,0.262546726490284,118.08634235883166,Suppress / Low-Cost Ads,Exclude from paid campaigns to save marketing budget.
15727.0,16,14,8875.84,5,5,5,555,15,Champions,1,569.67,0,0.8640206525778154,910.1867013643534,VIP Loyalty Program,"Early access to new launches, zero discount needed."
15728.0,288,2,544.6,2,2,2,222,6,About to Sleep,0,0.0,1,0.3252596975567613,111.88780526224305,Suppress / Low-Cost Ads,Exclude from paid campaigns to save marketing budget.
15729.0,121,3,192.55,3,3,1,331,7,Loyal Customers,0,0.0,1,0.4175802440867281,32.598210630424674,Cross-Sell Drive,Recommend bundle products based on purchase history.
15730.0,1,4,1382.92,5,4,4,544,13,Champions,1,343.66,0,0.7648693853096435,409.56949434009783,VIP Loyalty Program,"Early access to new launches, zero discount needed."
15731.0,462,1,125.3,1,1,1,111,3,Hibernating / Lost,0,0.0,1,0.11610910320980572,26.407401594014107,Suppress / Low-Cost Ads,Exclude from paid campaigns to save marketing budget.
15732.0,121,10,1682.07,3,5,4,354,12,Loyal Customers,0,0.0,1,0.7193126585588755,261.0310831964577,Cross-Sell Drive,Recommend bundle products based on purchase history.
15733.0,191,1,162.3,3,1,1,311,5,Others / Need Attention,0,0.0,1,0.25267386279873705,60.76595408663789,Suppress / Low-Cost Ads,Exclude from paid campaigns to save marketing budget.
15734.0,23,4,2263.3,5,4,4,544,13,Champions,0,0.0,1,0.7450409935051722,530.9009296866473,VIP Loyalty Program,"Early access to new launches, zero discount needed."
15735.0,330,1,327.68,2,1,2,212,5,About to Sleep,0,0.0,1,0.23438559897528366,106.63249998648563,Suppress / Low-Cost Ads,Exclude from paid campaigns to save marketing budget.
15736.0,344,2,1815.72,2,2,4,224,8,About to Sleep,0,0.0,1,0.3559320008846244,214.733945294167,Suppress / Low-Cost Ads,Exclude from paid campaigns to save marketing budget.
15737.0,56,5,897.93,4,4,3,443,11,Champions,3,307.19,0,0.6827582116524586,215.86486471250132,VIP Loyalty Program,"Early access to new launches, zero discount needed."
15738.0,5,38,12414.0,5,5,5,555,15,Champions,3,958.97,0,0.9354454145058774,1863.9606732367006,VIP Loyalty Program,"Early access to new launches, zero discount needed."
15741.0,367,2,208.62,1,2,1,121,4,Hibernating / Lost,0,0.0,1,0.2111968072823276,33.71456282775202,Suppress / Low-Cost Ads,Exclude from paid campaigns to save marketing budget.
15742.0,528,1,156.87,1,1,1,111,3,Hibernating / Lost,0,0.0,1,0.0869739060842335,21.15748841482192,Suppress / Low-Cost Ads,Exclude from paid campaigns to save marketing budget.
15743.0,22,2,434.05,5,2,2,522,9,Promising / Potential,2,350.41,0,0.5502702237020416,165.06320441209022,Cross-Sell Drive,Recommend bundle products based on purchase history.
15745.0,145,1,302.85,3,1,2,312,6,Others / Need Attention,3,791.74,0,0.3417018037136862,105.24576819377543,Suppress / Low-Cost Ads,Exclude from paid campaigns to save marketing budget.
15746.0,43,1,196.88,4,1,1,411,6,New Customers,0,0.0,1,0.467352651640067,120.55078615483653,Onboarding Sequence,10% discount on 2nd purchase within 30 days.
15747.0,29,8,2138.04,5,5,4,554,14,Champions,1,424.57,0,0.8004471956920298,413.99701705384393,VIP Loyalty Program,"Early access to new launches, zero discount needed."
15748.0,358,2,465.45,1,2,2,122,5,Hibernating / Lost,1,149.31,0,0.25555358667973715,76.10438070376686,Suppress / Low-Cost Ads,Exclude from paid campaigns to save marketing budget.
15749.0,144,3,44534.3,3,3,5,335,11,Loyal Customers,0,0.0,1,0.5911261074745093,2754.9595098013856,Cross-Sell Drive,Recommend bundle products based on purchase history.
15750.0,79,14,5441.54,4,5,5,455,14,Champions,4,1355.65,0,0.8277863382694316,769.491422055376,VIP Loyalty Program,"Early access to new launches, zero discount needed."
15751.0,369,11,1380.44,1,5,4,154,10,Can't Lose Them,0,0.0,1,0.33545911888132174,74.46179185863095,Executive Outreach,Feedback survey + customized high-value offer.
15752.0,2,8,3674.31,5,5,5,555,15,Champions,1,533.23,0,0.8487831064885822,534.554375367589,VIP Loyalty Program,"Early access to new launches, zero discount needed."
15753.0,213,1,79.2,3,1,1,311,5,Others / Need Attention,0,0.0,1,0.23298934847931485,47.01255566873685,Suppress / Low-Cost Ads,Exclude from paid campaigns to save marketing budget.
15754.0,155,7,2670.84,3,4,4,344,11,Loyal Customers,2,366.77,0,0.613386873348311,324.86121026583544,Cross-Sell Drive,Recommend bundle products based on purchase history.
15755.0,17,14,4773.7,5,5,5,555,15,Champions,3,1219.42,0,0.8635086266602773,769.476296117841,VIP Loyalty Program,"Early access to new launches, zero discount needed."
15756.0,61,3,364.84,4,3,2,432,9,Loyal Customers,1,168.12,0,0.5341702816864742,142.1077747286429,Cross-Sell Drive,Recommend bundle products based on purchase history.
15757.0,126,5,2487.3,3,4,4,344,11,Loyal Customers,1,453.06,0,0.6314675444778661,393.17457639040725,Cross-Sell Drive,Recommend bundle products based on purchase history.
15759.0,127,7,830.93,3,4,3,343,10,Loyal Customers,0,0.0,1,0.5971017931597993,113.98492184891074,Cross-Sell Drive,Recommend bundle products based on purchase history.
15760.0,539,2,13916.34,1,2,5,125,8,Hibernating / Lost,0,0.0,1,0.20784040017614158,547.3695238493573,Suppress / Low-Cost Ads,Exclude from paid campaigns to save marketing budget.
15761.0,351,1,143.05,1,1,1,111,3,Hibernating / Lost,0,0.0,1,0.18401855736646833,44.76481131964568,Suppress / Low-Cost Ads,Exclude from paid campaigns to save marketing budget.
15764.0,16,7,4499.73,5,4,5,545,14,Champions,1,3.35,0,0.8033365311461419,495.369103827952,VIP Loyalty Program,"Early access to new launches, zero discount needed."
15765.0,575,1,370.63,1,1,2,112,4,Hibernating / Lost,0,0.0,1,0.08507623814214038,33.44939926224309,Suppress / Low-Cost Ads,Exclude from paid campaigns to save marketing budget.
15766.0,365,2,516.0,1,2,2,122,5,Hibernating / Lost,1,315.06,0,0.2491225332716379,81.23780017293574,Suppress / Low-Cost Ads,Exclude from paid campaigns to save marketing budget.
15768.0,24,34,15601.09,5,5,5,555,15,Champions,0,0.0,1,0.9207111442304362,1730.8389044562289,VIP Loyalty Program,"Early access to new launches, zero discount needed."
15769.0,10,39,74315.32,5,5,5,555,15,Champions,7,14389.0,0,0.9354442305579835,9625.808946738232,VIP Loyalty Program,"Early access to new launches, zero discount needed."
15770.0,521,1,321.45,1,1,2,112,4,Hibernating / Lost,0,0.0,1,0.10790081850037625,51.89884821400177,Suppress / Low-Cost Ads,Exclude from paid campaigns to save marketing budget.
15771.0,513,3,1006.54,1,3,3,133,7,Others / Need Attention,0,0.0,1,0.15586859281900034,63.20511876408637,Suppress / Low-Cost Ads,Exclude from paid campaigns to save marketing budget.
15772.0,327,1,280.88,2,1,2,212,5,About to Sleep,0,0.0,1,0.2370179998772023,72.09723190262872,Suppress / Low-Cost Ads,Exclude from paid campaigns to save marketing budget.
15773.0,318,1,138.84,2,1,1,211,4,About to Sleep,1,635.68,0,0.2091610407420209,55.14929163306656,Suppress / Low-Cost Ads,Exclude from paid campaigns to save marketing budget.
15774.0,327,5,1059.14,2,4,3,243,9,At Risk,1,270.8,0,0.40897850329528906,132.65506620379415,Standard Retention Push,Automated email re-engagement.
15775.0,154,2,150.5,3,2,1,321,6,Promising / Potential,0,0.0,1,0.35636854192128165,54.43083162276028,Cross-Sell Drive,Recommend bundle products based on purchase history.
15776.0,42,1,241.62,4,1,1,411,6,New Customers,0,0.0,1,0.46856347731452985,133.09974961740718,Onboarding Sequence,10% discount on 2nd purchase within 30 days.
15777.0,150,7,1762.61,3,4,4,344,11,Loyal Customers,0,0.0,1,0.6191708941860112,245.81054263586552,Cross-Sell Drive,Recommend bundle products based on purchase history.
15778.0,340,1,307.95,2,1,2,212,5,About to Sleep,0,0.0,1,0.22576203317977106,69.74316173844917,Suppress / Low-Cost Ads,Exclude from paid campaigns to save marketing budget.
15779.0,372,2,124.08,1,2,1,121,4,Hibernating / Lost,0,0.0,1,0.20717143620072764,29.423895704482874,Suppress / Low-Cost Ads,Exclude from paid campaigns to save marketing budget.
15780.0,92,3,475.28,4,3,2,432,9,Loyal Customers,0,0.0,1,0.49648603917515066,129.7979633001776,Cross-Sell Drive,Recommend bundle products based on purchase history.
15781.0,46,2,211.3,4,2,1,421,7,Promising / Potential,1,134.16,0,0.47687675666111085,76.63058912566758,Cross-Sell Drive,Recommend bundle products based on purchase history.
15782.0,339,1,1399.36,2,1,4,214,7,About to Sleep,3,2614.74,0,0.30614437841751574,239.60234234711837,Suppress / Low-Cost Ads,Exclude from paid campaigns to save marketing budget.
15784.0,376,2,848.33,1,2,3,123,6,Hibernating / Lost,0,0.0,1,0.27844903897550133,103.43200826245453,Suppress / Low-Cost Ads,Exclude from paid campaigns to save marketing budget.
15785.0,66,15,5306.79,4,5,5,455,14,Champions,1,663.14,0,0.8409709111718483,781.7475022572835,VIP Loyalty Program,"Early access to new launches, zero discount needed."
15786.0,23,3,6743.46,5,3,5,535,13,Loyal Customers,2,1771.36,0,0.7126037495528319,976.6568266107142,Cross-Sell Drive,Recommend bundle products based on purchase history.
15788.0,417,1,221.83,1,1,1,111,3,Hibernating / Lost,0,0.0,1,0.14055186183031787,33.27440758014331,Suppress / Low-Cost Ads,Exclude from paid campaigns to save marketing budget.
15789.0,267,6,1962.01,2,4,4,244,10,At Risk,0,0.0,1,0.5400885721789622,338.2920479502949,Standard Retention Push,Automated email re-engagement.
15791.0,113,4,3218.89,3,4,5,345,12,Loyal Customers,1,389.45,0,0.6844532372591317,483.73185358281256,Cross-Sell Drive,Recommend bundle products based on purchase history.
15792.0,308,2,933.84,2,2,3,223,7,About to Sleep,0,0.0,1,0.34923539803053194,135.32436740567044,Suppress / Low-Cost Ads,Exclude from paid campaigns to save marketing budget.
15793.0,177,6,1740.6,3,4,4,344,11,Loyal Customers,2,658.97,0,0.5799174785105621,305.07565998942664,Cross-Sell Drive,Recommend bundle products based on purchase history.
15794.0,645,2,777.0,1,2,3,123,6,Hibernating / Lost,0,0.0,1,0.09432796643525077,32.180063403916144,Suppress / Low-Cost Ads,Exclude from paid campaigns to save marketing budget.
15795.0,58,8,1979.87,4,5,4,454,13,Champions,0,0.0,1,0.7816225743540919,404.26078820199984,VIP Loyalty Program,"Early access to new launches, zero discount needed."
15796.0,18,14,4039.99,5,5,5,555,15,Champions,3,1135.84,0,0.8629447044515125,648.4622132122335,VIP Loyalty Program,"Early access to new launches, zero discount needed."
15797.0,22,6,2821.08,5,4,5,545,14,Champions,0,0.0,1,0.793497896004811,586.8930022942818,VIP Loyalty Program,"Early access to new launches, zero discount needed."
15798.0,401,3,1535.37,1,3,4,134,8,Others / Need Attention,0,0.0,1,0.28103926307628035,162.23594477083083,Suppress / Low-Cost Ads,Exclude from paid campaigns to save marketing budget.
15799.0,94,3,1021.39,4,3,3,433,10,Loyal Customers,1,402.9,0,0.5450938661286951,219.61572675907328,Cross-Sell Drive,Recommend bundle products based on purchase history.
15800.0,16,7,1242.58,5,4,4,544,13,Champions,0,0.0,1,0.769051121298705,277.7800385187996,VIP Loyalty Program,"Early access to new launches, zero discount needed."
15801.0,18,1,137.22,5,1,1,511,7,New Customers,2,926.73,0,0.49093122394693467,174.42859012206802,Onboarding Sequence,10% discount on 2nd purchase within 30 days.
15802.0,51,1,451.42,4,1,2,412,7,New Customers,0,0.0,1,0.5087418061903278,221.4295310376214,Onboarding Sequence,10% discount on 2nd purchase within 30 days.
15803.0,354,3,1513.84,1,3,4,134,8,Others / Need Attention,1,415.82,0,0.32949494887129127,193.94804967231372,Suppress / Low-Cost Ads,Exclude from paid campaigns to save marketing budget.
15804.0,3,5,2554.84,5,4,4,544,13,Champions,8,1651.55,0,0.7688476681089378,541.1830317160618,VIP Loyalty Program,"Early access to new launches, zero discount needed."
15805.0,15,24,8228.75,5,5,5,555,15,Champions,6,1960.48,0,0.8980205756783269,1210.735191667524,VIP Loyalty Program,"Early access to new launches, zero discount needed."
15806.0,66,2,521.88,4,2,2,422,8,Promising / Potential,1,262.7,0,0.5036882038406807,176.82374493344685,Cross-Sell Drive,Recommend bundle products based on purchase history.
15807.0,317,2,913.62,2,2,3,223,7,About to Sleep,3,903.9,0,0.33934386080851,131.49151992002484,Suppress / Low-Cost Ads,Exclude from paid campaigns to save marketing budget.
15808.0,215,21,18409.93,3,5,5,355,13,Loyal Customers,0,0.0,1,0.7387554062061552,554.2144762941855,Cross-Sell Drive,Recommend bundle products based on purchase history.
15809.0,93,6,1157.88,4,4,4,444,12,Champions,1,116.56,0,0.694906939876466,219.41759955969593,VIP Loyalty Program,"Early access to new launches, zero discount needed."
15810.0,79,7,2968.25,4,4,5,445,13,Champions,1,30.79,0,0.7554631635912369,472.6763587221154,VIP Loyalty Program,"Early access to new launches, zero discount needed."
15811.0,14,6,3445.7,5,4,5,545,14,Champions,1,444.82,0,0.7997948785831612,605.2265340851985,VIP Loyalty Program,"Early access to new launches, zero discount needed."
15812.0,16,12,5201.47,5,5,5,555,15,Champions,0,0.0,1,0.8563478460675431,741.5277297806323,VIP Loyalty Program,"Early access to new launches, zero discount needed."
15813.0,116,2,1303.91,3,2,4,324,9,Promising / Potential,0,0.0,1,0.5517890832723833,289.5242921661447,Cross-Sell Drive,Recommend bundle products based on purchase history.
15814.0,302,2,689.11,2,2,3,223,7,About to Sleep,4,1945.33,0,0.35591073728110834,130.04377484415932,Suppress / Low-Cost Ads,Exclude from paid campaigns to save marketing budget.
15815.0,49,4,1874.7,4,4,4,444,12,Champions,1,225.9,0,0.7257225808248937,370.95267163797104,VIP Loyalty Program,"Early access to new launches, zero discount needed."
15816.0,451,2,144.15,1,2,1,121,4,Hibernating / Lost,0,0.0,1,0.15100915939967297,25.814348285755507,Suppress / Low-Cost Ads,Exclude from paid campaigns to save marketing budget.
15817.0,329,3,2766.4,2,3,5,235,10,At Risk,0,0.0,1,0.43773464326141165,337.87498373077676,Standard Retention Push,Automated email re-engagement.
15818.0,497,1,340.5,1,1,2,112,4,Hibernating / Lost,0,0.0,1,0.11967482490887071,49.75280718885463,Suppress / Low-Cost Ads,Exclude from paid campaigns to save marketing budget.
15819.0,40,9,3614.81,4,5,5,455,14,Champions,1,319.98,0,0.8319413496840019,485.32554679477227,VIP Loyalty Program,"Early access to new launches, zero discount needed."
15820.0,228,1,206.98,3,1,1,311,5,Others / Need Attention,0,0.0,1,0.2201902662179891,55.03519410812836,Suppress / Low-Cost Ads,Exclude from paid campaigns to save marketing budget.
15822.0,268,5,1394.79,2,4,4,244,10,At Risk,1,445.27,0,0.530901596903519,227.40622935588968,Standard Retention Push,Automated email re-engagement.
15823.0,281,3,3897.17,2,3,5,235,10,At Risk,0,0.0,1,0.49580125506708583,496.47722874259415,Standard Retention Push,Automated email re-engagement.
15824.0,362,2,890.94,1,2,3,123,6,Hibernating / Lost,0,0.0,1,0.29234783128732134,112.3756092826017,Suppress / Low-Cost Ads,Exclude from paid campaigns to save marketing budget.
15825.0,81,1,532.94,4,1,2,412,7,New Customers,0,0.0,1,0.4722517337514347,268.16729613280177,Onboarding Sequence,10% discount on 2nd purchase within 30 days.
15826.0,119,2,1663.97,3,2,4,324,9,Promising / Potential,2,934.31,0,0.5481626410146146,379.6395841762454,Cross-Sell Drive,Recommend bundle products based on purchase history.
15827.0,23,27,3556.14,5,5,5,555,15,Champions,1,237.93,0,0.9032154338294984,301.01264411224,VIP Loyalty Program,"Early access to new launches, zero discount needed."
15828.0,284,1,1108.82,2,1,3,213,6,About to Sleep,0,0.0,1,0.31970901949971386,183.82906431132443,Suppress / Low-Cost Ads,Exclude from paid campaigns to save marketing budget.
15829.0,8,2,636.14,5,2,3,523,10,Promising / Potential,0,0.0,1,0.6164794446187709,278.00679337107175,Cross-Sell Drive,Recommend bundle products based on purchase history.
15831.0,33,2,451.11,5,2,2,522,9,Promising / Potential,1,350.65,0,0.5369828964497403,162.6312955187116,Cross-Sell Drive,Recommend bundle products based on purchase history.
15832.0,163,1,836.79,3,1,3,313,7,Others / Need Attention,0,0.0,1,0.36849055005255993,188.80799436849094,Suppress / Low-Cost Ads,Exclude from paid campaigns to save marketing budget.
15833.0,646,1,80.4,1,1,1,111,3,Hibernating / Lost,0,0.0,1,0.05089862479857454,10.269658073176682,Suppress / Low-Cost Ads,Exclude from paid campaigns to save marketing budget.
15834.0,74,6,3331.06,4,4,5,445,13,Champions,1,441.93,0,0.7540121112154942,556.9990291982782,VIP Loyalty Program,"Early access to new launches, zero discount needed."
15835.0,46,3,675.51,4,3,3,433,10,Loyal Customers,1,278.58,0,0.6021948914840022,203.20809705465575,Cross-Sell Drive,Recommend bundle products based on purchase history.
15837.0,394,1,385.03,1,1,2,112,4,Hibernating / Lost,1,391.98,0,0.18331918565838223,76.21188587511594,Suppress / Low-Cost Ads,Exclude from paid campaigns to save marketing budget.
15838.0,17,27,54673.42,5,5,5,555,15,Champions,7,19489.58,0,0.9051870358244787,11250.294774096354,VIP Loyalty Program,"Early access to new launches, zero discount needed."
15839.0,57,1,299.18,4,1,2,412,7,New Customers,2,749.31,0,0.5014441105603346,153.54136822683822,Onboarding Sequence,10% discount on 2nd purchase within 30 days.
15840.0,81,1,241.74,4,1,1,411,6,New Customers,1,113.82,0,0.42169960293759157,119.78763664304266,Onboarding Sequence,10% discount on 2nd purchase within 30 days.
15841.0,127,7,2131.61,3,4,4,344,11,Loyal Customers,2,610.8,0,0.64519156859315,326.37177827029075,Cross-Sell Drive,Recommend bundle products based on purchase history.
15842.0,302,2,548.8,2,2,2,222,6,About to Sleep,0,0.0,1,0.3104814560936864,106.80415974649212,Suppress / Low-Cost Ads,Exclude from paid campaigns to save marketing budget.
15843.0,212,1,118.95,3,1,1,311,5,Others / Need Attention,0,0.0,1,0.23385968312382166,67.12887965277477,Suppress / Low-Cost Ads,Exclude from paid campaigns to save marketing budget.
15845.0,53,8,3241.27,4,5,5,455,14,Champions,3,1185.01,0,0.8181795699633065,509.4052746873609,VIP Loyalty Program,"Early access to new launches, zero discount needed."
15846.0,294,1,107.01,2,1,1,211,4,About to Sleep,0,0.0,1,0.22914740632938002,46.23732915997689,Suppress / Low-Cost Ads,Exclude from paid campaigns to save marketing budget.
15847.0,197,4,613.98,3,4,3,343,10,Loyal Customers,1,208.59,0,0.48905001638236123,137.80788762936635,Cross-Sell Drive,Recommend bundle products based on purchase history.
15848.0,530,1,139.94,1,1,1,111,3,Hibernating / Lost,0,0.0,1,0.08620390098686259,20.970175062341223,Suppress / Low-Cost Ads,Exclude from paid campaigns to save marketing budget.
15850.0,77,5,938.75,4,4,3,443,11,Champions,1,119.97,0,0.6602086136996448,208.73545077308577,VIP Loyalty Program,"Early access to new launches, zero discount needed."
15851.0,435,1,109.73,1,1,1,111,3,Hibernating / Lost,0,0.0,1,0.1302964208243076,26.594347847433124,Suppress / Low-Cost Ads,Exclude from paid campaigns to save marketing budget.
15852.0,95,3,257.26,4,3,1,431,8,Loyal Customers,0,0.0,1,0.4419220615693372,69.08545648685414,Cross-Sell Drive,Recommend bundle products based on purchase history.
15854.0,49,18,5002.85,4,5,5,455,14,Champions,3,580.96,0,0.8635028315130078,772.677182615952,VIP Loyalty Program,"Early access to new launches, zero discount needed."
15855.0,45,6,1052.72,4,4,3,443,11,Champions,0,0.0,1,0.701018579837013,236.26791877474432,VIP Loyalty Program,"Early access to new launches, zero discount needed."
15856.0,4,42,29274.71,5,5,5,555,15,Champions,10,4945.63,0,0.9429348497349803,4291.112276296497,VIP Loyalty Program,"Early access to new launches, zero discount needed."
15857.0,339,1,273.48,2,1,2,212,5,About to Sleep,1,297.0,0,0.22661498833209204,70.00665949449834,Suppress / Low-Cost Ads,Exclude from paid campaigns to save marketing budget.
15858.0,198,10,3337.74,3,5,5,355,13,Loyal Customers,3,622.63,0,0.6836654573051555,388.3761857462843,Cross-Sell Drive,Recommend bundle products based on purchase history.
15859.0,341,1,438.46,2,1,2,212,5,About to Sleep,0,0.0,1,0.2249092417338946,97.2145753708535,Suppress / Low-Cost Ads,Exclude from paid campaigns to save marketing budget.
15860.0,7,15,2295.14,5,5,4,554,14,Champions,2,210.07,0,0.8482772319771724,349.1159298785568,VIP Loyalty Program,"Early access to new launches, zero discount needed."
15861.0,43,7,2366.43,4,4,4,444,12,Champions,5,2035.36,0,0.749996294997255,393.15314002536985,VIP Loyalty Program,"Early access to new launches, zero discount needed."
15862.0,21,12,2755.14,5,5,5,555,15,Champions,1,173.15,0,0.8533656460167844,399.35615982885963,VIP Loyalty Program,"Early access to new launches, zero discount needed."
15863.0,101,4,299.06,4,4,2,442,10,Champions,1,59.64,0,0.5770275675819516,63.7396848509411,VIP Loyalty Program,"Early access to new launches, zero discount needed."
15864.0,7,4,1202.3,5,4,4,544,13,Champions,3,978.46,0,0.7595790706573334,299.8611326945428,VIP Loyalty Program,"Early access to new launches, zero discount needed."
15865.0,122,3,1667.72,3,3,4,334,10,Loyal Customers,2,581.2,0,0.5686681953641612,365.56330725999834,Cross-Sell Drive,Recommend bundle products based on purchase history.
15866.0,10,1,230.53,5,1,1,511,7,New Customers,0,0.0,1,0.5006651328927045,149.9106045034543,Onboarding Sequence,10% discount on 2nd purchase within 30 days.
15867.0,22,28,8201.22,5,5,5,555,15,Champions,3,862.73,0,0.9063527894541258,982.6595704585312,VIP Loyalty Program,"Early access to new launches, zero discount needed."
15868.0,492,1,94.53,1,1,1,111,3,Hibernating / Lost,0,0.0,1,0.10193865382999556,19.891286095987798,Suppress / Low-Cost Ads,Exclude from paid campaigns to save marketing budget.
15869.0,186,3,323.66,3,3,2,332,8,Loyal Customers,0,0.0,1,0.3906736267158677,95.34557349801551,Cross-Sell Drive,Recommend bundle products based on purchase history.
15870.0,305,3,508.52,2,3,2,232,7,At Risk,1,354.09,0,0.32138566035698524,89.73702887474921,Standard Retention Push,Automated email re-engagement.
15871.0,346,1,33.1,2,1,1,211,4,About to Sleep,0,0.0,1,0.18750467225368095,102.9951015954539,Suppress / Low-Cost Ads,Exclude from paid campaigns to save marketing budget.
15872.0,287,2,434.75,2,2,2,222,6,About to Sleep,2,360.93,0,0.3263322157585036,96.07387874490594,Suppress / Low-Cost Ads,Exclude from paid campaigns to save marketing budget.
15873.0,408,4,313.92,1,4,2,142,7,Can't Lose Them,0,0.0,1,0.1512057267387198,26.699019370074062,Executive Outreach,Feedback survey + customized high-value offer.
15874.0,86,20,9086.63,4,5,5,455,14,Champions,1,2198.13,0,0.8491952547606063,1250.1710412373789,VIP Loyalty Program,"Early access to new launches, zero discount needed."
15875.0,555,1,111.72,1,1,1,111,3,Hibernating / Lost,0,0.0,1,0.07708619952485019,15.041827522642894,Suppress / Low-Cost Ads,Exclude from paid campaigns to save marketing budget.
15876.0,318,2,1449.14,2,2,4,224,8,About to Sleep,0,0.0,1,0.3854624358169373,237.64244339189548,Suppress / Low-Cost Ads,Exclude from paid campaigns to save marketing budget.
15878.0,470,2,330.77,1,2,2,122,5,Hibernating / Lost,0,0.0,1,0.16596322691226784,46.69848515925948,Suppress / Low-Cost Ads,Exclude from paid campaigns to save marketing budget.
15879.0,313,4,1157.3,2,4,4,244,10,At Risk,0,0.0,1,0.46818174255221323,153.64576762496537,Standard Retention Push,Automated email re-engagement.
15880.0,278,1,686.56,2,1,3,213,6,About to Sleep,0,0.0,1,0.32610772180757697,166.75596983721837,Suppress / Low-Cost Ads,Exclude from paid campaigns to save marketing budget.
15881.0,221,5,501.39,3,4,2,342,9,Loyal Customers,0,0.0,1,0.41745275748720356,98.37682570930832,Cross-Sell Drive,Recommend bundle products based on purchase history.
15882.0,107,8,1495.98,3,5,4,354,12,Loyal Customers,0,0.0,1,0.7201020008435286,249.9616604559113,Cross-Sell Drive,Recommend bundle products based on purchase history.
15884.0,341,2,249.7,2,2,1,221,5,About to Sleep,0,0.0,1,0.23282113687417905,43.9673024630708,Suppress / Low-Cost Ads,Exclude from paid campaigns to save marketing budget.
15885.0,1,15,1951.82,5,5,4,554,14,Champions,0,0.0,1,0.8520044346121407,488.15247663818076,VIP Loyalty Program,"Early access to new launches, zero discount needed."
15886.0,325,3,871.78,2,3,3,233,8,At Risk,1,181.09,0,0.34522264261081814,119.52696673548628,Standard Retention Push,Automated email re-engagement.
15887.0,315,3,1027.15,2,3,3,233,8,At Risk,0,0.0,1,0.35630541776930835,144.8056297918585,Standard Retention Push,Automated email re-engagement.
15888.0,309,2,260.85,2,2,1,221,5,About to Sleep,1,168.31,0,0.2617978035494053,49.439425334671434,Suppress / Low-Cost Ads,Exclude from paid campaigns to save marketing budget.
15889.0,65,8,1806.28,4,5,4,454,13,Champions,0,0.0,1,0.7757530868682927,332.02241545617954,VIP Loyalty Program,"Early access to new launches, zero discount needed."
15890.0,303,5,535.65,2,4,2,242,8,At Risk,0,0.0,1,0.38793532755300064,101.3285167991283,Standard Retention Push,Automated email re-engagement.
15891.0,135,1,524.52,3,1,2,312,6,Others / Need Attention,0,0.0,1,0.3527305281042751,181.94882352953704,Suppress / Low-Cost Ads,Exclude from paid campaigns to save marketing budget.
15892.0,578,1,128.2,1,1,1,111,3,Hibernating / Lost,0,0.0,1,0.06948683565260683,16.340959500107378,Suppress / Low-Cost Ads,Exclude from paid campaigns to save marketing budget.
15893.0,390,1,305.28,1,1,2,112,4,Hibernating / Lost,0,0.0,1,0.186254482795027,57.53835724778858,Suppress / Low-Cost Ads,Exclude from paid campaigns to save marketing budget.
15894.0,162,2,420.29,3,2,2,322,7,Promising / Potential,0,0.0,1,0.39522134686509236,116.85630031192551,Cross-Sell Drive,Recommend bundle products based on purchase history.
15895.0,58,1,179.17,4,1,1,411,6,New Customers,0,0.0,1,0.4492238669563833,108.30319268131258,Onboarding Sequence,10% discount on 2nd purchase within 30 days.
15897.0,103,2,222.05,4,2,1,421,7,Promising / Potential,0,0.0,1,0.40851950928788594,62.50112793575722,Cross-Sell Drive,Recommend bundle products based on purchase history.
15898.0,135,24,5210.42,3,5,5,355,13,Loyal Customers,1,385.89,0,0.821582046309476,637.8763417201654,Cross-Sell Drive,Recommend bundle products based on purchase history.
15899.0,277,1,112.5,2,1,1,211,4,About to Sleep,0,0.0,1,0.24409454896840743,46.167505470676986,Suppress / Low-Cost Ads,Exclude from paid campaigns to save marketing budget.
15900.0,322,3,549.29,2,3,2,232,7,At Risk,1,351.11,0,0.303605319436686,100.01956228599816,Standard Retention Push,Automated email re-engagement.
15901.0,63,5,449.83,4,4,2,442,10,Champions,2,253.39,0,0.6289513891899765,153.73867858147736,VIP Loyalty Program,"Early access to new launches, zero discount needed."
15902.0,289,1,145.01,2,1,1,211,4,About to Sleep,0,0.0,1,0.23347508205068168,56.148807633365756,Suppress / Low-Cost Ads,Exclude from paid campaigns to save marketing budget.
15903.0,136,7,4454.72,3,4,5,345,12,Loyal Customers,5,4485.12,0,0.6810465523257353,522.9346083463504,Cross-Sell Drive,Recommend bundle products based on purchase history.
15905.0,452,1,114.69,1,1,1,111,3,Hibernating / Lost,0,0.0,1,0.12120026691463404,23.18796315047149,Suppress / Low-Cost Ads,Exclude from paid campaigns to save marketing budget.
15906.0,53,7,1785.66,4,4,4,444,12,Champions,3,769.98,0,0.7407704034797973,321.3423410258883,VIP Loyalty Program,"Early access to new launches, zero discount needed."
15907.0,85,2,529.52,4,2,2,422,8,Promising / Potential,1,437.93,0,0.4805704287759506,172.55590698426803,Cross-Sell Drive,Recommend bundle products based on purchase history.
15908.0,399,2,764.57,1,2,3,123,6,Hibernating / Lost,0,0.0,1,0.256518588583859,92.97821581298507,Suppress / Low-Cost Ads,Exclude from paid campaigns to save marketing budget.
15909.0,82,1,191.94,4,1,1,411,6,New Customers,0,0.0,1,0.42051420953717167,108.46909367281671,Onboarding Sequence,10% discount on 2nd purchase within 30 days.
15910.0,8,12,2112.98,5,5,4,554,14,Champions,3,568.82,0,0.8347804160878427,343.5611970011691,VIP Loyalty Program,"Early access to new launches, zero discount needed."
15911.0,532,8,1702.34,1,5,4,154,10,Can't Lose Them,0,0.0,1,0.1716917206452636,75.92431023134564,Executive Outreach,Feedback survey + customized high-value offer.
15912.0,87,9,1074.7,4,5,3,453,12,Champions,0,0.0,1,0.7234161382152857,243.88216394549224,VIP Loyalty Program,"Early access to new launches, zero discount needed."
15913.0,443,1,6.3,1,1,1,111,3,Hibernating / Lost,0,0.0,1,0.1259471174987985,10110.170630296296,Suppress / Low-Cost Ads,Exclude from paid campaigns to save marketing budget.
15914.0,287,2,205.99,2,2,1,221,5,About to Sleep,0,0.0,1,0.2830216906903953,45.18038267331505,Suppress / Low-Cost Ads,Exclude from paid campaigns to save marketing budget.
15915.0,310,1,429.21,2,1,2,212,5,About to Sleep,0,0.0,1,0.2523070946343332,107.3856648722942,Suppress / Low-Cost Ads,Exclude from paid campaigns to save marketing budget.
15916.0,100,10,2747.61,4,5,5,455,14,Champions,3,679.56,0,0.7924176876088365,471.5667212261891,VIP Loyalty Program,"Early access to new launches, zero discount needed."
15917.0,156,5,560.63,3,4,2,342,9,Loyal Customers,0,0.0,1,0.49580852002793685,133.04674035683104,Cross-Sell Drive,Recommend bundle products based on purchase history.
15918.0,99,3,582.88,4,3,3,433,10,Loyal Customers,0,0.0,1,0.5390646312095289,178.76132218483647,Cross-Sell Drive,Recommend bundle products based on purchase history.
15919.0,277,1,541.44,2,1,2,212,5,About to Sleep,1,369.17,0,0.2838009470507735,123.55387387175033,Suppress / Low-Cost Ads,Exclude from paid campaigns to save marketing budget.
15920.0,63,9,571.64,4,5,3,453,12,Champions,0,0.0,1,0.7461888490837749,148.78728973726132,VIP Loyalty Program,"Early access to new launches, zero discount needed."
15921.0,81,4,802.11,4,4,3,443,11,Champions,0,0.0,1,0.6485400032496018,215.55397172659661,VIP Loyalty Program,"Early access to new launches, zero discount needed."
15922.0,282,1,739.0,2,1,3,213,6,About to Sleep,0,0.0,1,0.32184084987573014,164.5740945868489,Suppress / Low-Cost Ads,Exclude from paid campaigns to save marketing budget.
15923.0,281,1,254.16,2,1,1,211,4,About to Sleep,0,0.0,1,0.2405157089310732,71.00801579546163,Suppress / Low-Cost Ads,Exclude from paid campaigns to save marketing budget.
15924.0,640,1,102.82,1,1,1,111,3,Hibernating / Lost,0,0.0,1,0.05232838950582741,10.55813727525119,Suppress / Low-Cost Ads,Exclude from paid campaigns to save marketing budget.
15925.0,103,1,207.15,4,1,1,411,6,New Customers,0,0.0,1,0.39582009733066525,97.52496946034803,Onboarding Sequence,10% discount on 2nd purchase within 30 days.
15926.0,451,1,134.44,1,1,1,111,3,Hibernating / Lost,0,0.0,1,0.12171955045676996,32.09367749257695,Suppress / Low-Cost Ads,Exclude from paid campaigns to save marketing budget.
15927.0,556,1,123.39,1,1,1,111,3,Hibernating / Lost,0,0.0,1,0.07674041332139925,17.453540308609284,Suppress / Low-Cost Ads,Exclude from paid campaigns to save marketing budget.
15928.0,565,1,293.53,1,1,2,112,4,Hibernating / Lost,0,0.0,1,0.08894427653283588,27.476963139321832,Suppress / Low-Cost Ads,Exclude from paid campaigns to save marketing budget.
15929.0,553,1,594.0,1,1,3,113,5,Hibernating / Lost,0,0.0,1,0.1126978655783486,54.843317777074844,Suppress / Low-Cost Ads,Exclude from paid campaigns to save marketing budget.
15931.0,337,1,239.9,2,1,1,211,4,About to Sleep,0,0.0,1,0.19426805450002604,55.674845443985454,Suppress / Low-Cost Ads,Exclude from paid campaigns to save marketing budget.
15932.0,16,6,1885.95,5,4,4,544,13,Champions,2,609.92,0,0.7632791267933738,532.3445243046077,VIP Loyalty Program,"Early access to new launches, zero discount needed."
15934.0,326,2,2190.66,2,2,4,224,8,About to Sleep,0,0.0,1,0.37625575858606686,302.2547919591894,Suppress / Low-Cost Ads,Exclude from paid campaigns to save marketing budget.
15935.0,148,2,416.86,3,2,2,322,7,Promising / Potential,0,0.0,1,0.4116251406526321,116.69719582757102,Cross-Sell Drive,Recommend bundle products based on purchase history.
15936.0,288,2,282.79,2,2,2,222,6,About to Sleep,0,0.0,1,0.3252669495890166,62.56979469089158,Suppress / Low-Cost Ads,Exclude from paid campaigns to save marketing budget.
15938.0,21,9,734.81,5,5,3,553,13,Champions,0,0.0,1,0.7782726061110303,138.27861631031047,VIP Loyalty Program,"Early access to new launches, zero discount needed."
15939.0,16,15,8805.63,5,5,5,555,15,Champions,1,254.76,0,0.8677535229021628,914.1190251080069,VIP Loyalty Program,"Early access to new launches, zero discount needed."
15940.0,220,1,35.8,3,1,1,311,5,Others / Need Attention,0,0.0,1,0.2269550982292221,123.24823169453957,Suppress / Low-Cost Ads,Exclude from paid campaigns to save marketing budget.
15941.0,546,1,405.0,1,1,2,112,4,Hibernating / Lost,0,0.0,1,0.09672994875754859,37.93832196952151,Suppress / Low-Cost Ads,Exclude from paid campaigns to save marketing budget.
15942.0,42,1,337.44,4,1,2,412,7,New Customers,0,0.0,1,0.5196911831315678,226.19524003136166,Onboarding Sequence,10% discount on 2nd purchase within 30 days.
15943.0,558,2,271.29,1,2,2,122,5,Hibernating / Lost,0,0.0,1,0.1147647478308379,22.07665647739683,Suppress / Low-Cost Ads,Exclude from paid campaigns to save marketing budget.
15944.0,185,4,2164.24,3,4,4,344,11,Loyal Customers,0,0.0,1,0.5545703257168607,340.59315682874274,Cross-Sell Drive,Recommend bundle products based on purchase history.
15945.0,274,4,827.27,2,4,3,243,9,At Risk,0,0.0,1,0.4644985110013673,132.89126647230052,Standard Retention Push,Automated email re-engagement.
15946.0,411,3,2304.18,1,3,4,134,8,Others / Need Attention,0,0.0,1,0.27128779589915675,185.637443823627,Suppress / Low-Cost Ads,Exclude from paid campaigns to save marketing budget.
15948.0,333,1,553.85,2,1,2,212,5,About to Sleep,2,955.24,0,0.23176952225951708,106.27810619813238,Suppress / Low-Cost Ads,Exclude from paid campaigns to save marketing budget.
15950.0,15,8,6506.58,5,5,5,555,15,Champions,2,674.13,0,0.8404305426348,811.1678418638508,VIP Loyalty Program,"Early access to new launches, zero discount needed."
15951.0,194,2,680.12,3,2,3,323,8,Promising / Potential,1,333.05,0,0.40696526070072314,149.33821462187578,Cross-Sell Drive,Recommend bundle products based on purchase history.
15952.0,68,2,327.8,4,3,2,432,9,Loyal Customers,2,478.77,0,0.5176623858474619,137.3670655370353,Cross-Sell Drive,Recommend bundle products based on purchase history.
15953.0,120,14,2836.31,3,5,5,355,13,Loyal Customers,4,833.24,0,0.782289520620238,343.8693728327057,Cross-Sell Drive,Recommend bundle products based on purchase history.
15954.0,498,1,190.75,1,1,1,111,3,Hibernating / Lost,0,0.0,1,0.09929407908076182,25.826646895301092,Suppress / Low-Cost Ads,Exclude from paid campaigns to save marketing budget.
15955.0,15,16,6705.75,5,5,5,555,15,Champions,6,1952.61,0,0.8719724109704071,1047.9142998109623,VIP Loyalty Program,"Early access to new launches, zero discount needed."
15956.0,460,2,617.6,1,3,3,133,7,Others / Need Attention,0,0.0,1,0.18795845039241654,61.78278607098548,Suppress / Low-Cost Ads,Exclude from paid campaigns to save marketing budget.
15957.0,329,2,501.21,2,3,2,232,7,At Risk,1,428.89,0,0.28979041346412926,85.88731124140104,Standard Retention Push,Automated email re-engagement.
15958.0,312,3,388.64,2,3,2,232,7,At Risk,1,104.35,0,0.31400132607821163,78.51678429744415,Standard Retention Push,Automated email re-engagement.
15959.0,591,3,579.49,1,3,3,133,7,Others / Need Attention,0,0.0,1,0.11214487090887659,35.77589010227411,Suppress / Low-Cost Ads,Exclude from paid campaigns to save marketing budget.
15960.0,283,4,410.95,2,4,2,242,8,At Risk,0,0.0,1,0.40353848707443263,84.52373343856588,Standard Retention Push,Automated email re-engagement.
15961.0,288,1,451.29,2,1,2,212,5,About to Sleep,0,0.0,1,0.2730442338314958,114.89033576613312,Suppress / Low-Cost Ads,Exclude from paid campaigns to save marketing budget.
15962.0,358,1,295.83,1,1,2,112,4,Hibernating / Lost,0,0.0,1,0.2110301663443226,65.19214420488615,Suppress / Low-Cost Ads,Exclude from paid campaigns to save marketing budget.
15964.0,572,1,272.96,1,1,2,112,4,Hibernating / Lost,0,0.0,1,0.08622108763965775,27.53996321710043,Suppress / Low-Cost Ads,Exclude from paid campaigns to save marketing budget.
15965.0,276,10,2323.64,2,5,4,254,11,At Risk,3,689.45,0,0.6136749352916602,268.7341962370117,Standard Retention Push,Automated email re-engagement.
15966.0,359,1,426.53,1,1,2,112,4,Hibernating / Lost,0,0.0,1,0.21021790961478382,90.13825829890649,Suppress / Low-Cost Ads,Exclude from paid campaigns to save marketing budget.
15967.0,227,11,2796.57,3,5,5,355,13,Loyal Customers,1,245.03,0,0.6596366965353607,304.40100280324646,Cross-Sell Drive,Recommend bundle products based on purchase history.
15968.0,297,1,418.05,2,1,2,212,5,About to Sleep,0,0.0,1,0.26443412367979724,111.26741199136292,Suppress / Low-Cost Ads,Exclude from paid campaigns to save marketing budget.
15969.0,94,3,769.65,4,3,3,433,10,Loyal Customers,2,357.4,0,0.5451017447237088,180.76331291376496,Cross-Sell Drive,Recommend bundle products based on purchase history.
15970.0,212,2,1017.32,3,3,3,333,9,Loyal Customers,0,0.0,1,0.40165617180215474,166.38320663018405,Cross-Sell Drive,Recommend bundle products based on purchase history.
15971.0,17,13,3812.43,5,5,5,555,15,Champions,5,2090.4,0,0.8596910173628824,542.0852776148066,VIP Loyalty Program,"Early access to new launches, zero discount needed."
15972.0,365,5,1810.27,1,4,4,144,9,Can't Lose Them,0,0.0,1,0.2545665940199868,121.27724194511589,Executive Outreach,Feedback survey + customized high-value offer.
15973.0,275,3,988.44,2,3,3,233,8,At Risk,0,0.0,1,0.40211165248291925,160.94710822008264,Standard Retention Push,Automated email re-engagement.
15974.0,4,6,2895.01,5,4,5,545,14,Champions,1,547.14,0,0.8074882930956708,587.3420994615668,VIP Loyalty Program,"Early access to new launches, zero discount needed."
15976.0,74,6,1746.64,4,4,4,444,12,Champions,0,0.0,1,0.7141439807498647,395.0705657219452,VIP Loyalty Program,"Early access to new launches, zero discount needed."
15978.0,341,2,2180.64,2,3,4,234,9,At Risk,1,1098.78,0,0.3668900944015503,281.5551218197881,Standard Retention Push,Automated email re-engagement.
15979.0,511,1,329.22,1,1,2,112,4,Hibernating / Lost,0,0.0,1,0.11267771468902377,50.07214524342353,Suppress / Low-Cost Ads,Exclude from paid campaigns to save marketing budget.
15980.0,163,5,4955.0,3,4,5,345,12,Loyal Customers,2,1638.68,0,0.6370968932575387,655.3680289610284,Cross-Sell Drive,Recommend bundle products based on purchase history.
15981.0,46,19,8412.49,4,5,5,455,14,Champions,2,950.28,0,0.8688703627821415,986.8700433109137,VIP Loyalty Program,"Early access to new launches, zero discount needed."
15982.0,514,1,324.51,1,1,2,112,4,Hibernating / Lost,0,0.0,1,0.11122560869859222,49.4268529399507,Suppress / Low-Cost Ads,Exclude from paid campaigns to save marketing budget.
15983.0,269,7,3632.07,2,4,5,245,11,At Risk,1,326.75,0,0.5957091794824928,344.5492651615963,Standard Retention Push,Automated email re-engagement.
15984.0,9,27,7770.41,5,5,5,555,15,Champions,3,988.91,0,0.9089686457719234,1157.4984390090244,VIP Loyalty Program,"Early access to new launches, zero discount needed."
15985.0,32,7,2715.28,5,4,5,545,14,Champions,0,0.0,1,0.7907748206751322,523.9314110823984,VIP Loyalty Program,"Early access to new launches, zero discount needed."
15986.0,290,1,186.3,2,1,1,211,4,About to Sleep,1,168.12,0,0.2326039184277835,55.90370938383133,Suppress / Low-Cost Ads,Exclude from paid campaigns to save marketing budget.
15987.0,29,7,1437.27,5,4,4,544,13,Champions,1,244.86,0,0.757613624100536,284.50656206990857,VIP Loyalty Program,"Early access to new launches, zero discount needed."
15988.0,460,2,612.06,1,3,3,133,7,Others / Need Attention,1,158.03,0,0.18795855711443976,61.782821150993406,Suppress / Low-Cost Ads,Exclude from paid campaigns to save marketing budget.
15989.0,284,2,372.51,2,3,2,232,7,At Risk,0,0.0,1,0.33686767888145264,89.41299324130428,Standard Retention Push,Automated email re-engagement.
15990.0,196,6,1619.31,3,4,4,344,11,Loyal Customers,1,390.74,0,0.5572331482815996,298.97923653932054,Cross-Sell Drive,Recommend bundle products based on purchase history.
15991.0,443,1,150.55,1,1,1,111,3,Hibernating / Lost,0,0.0,1,0.12594511329034563,30.637721074217357,Suppress / Low-Cost Ads,Exclude from paid campaigns to save marketing budget.
15992.0,305,2,854.61,2,3,3,233,8,At Risk,1,41.99,0,0.3601155105103182,123.0949134084997,Standard Retention Push,Automated email re-engagement.
15994.0,320,2,775.11,2,3,3,233,8,At Risk,1,427.07,0,0.3434659315384778,119.97073071904019,Standard Retention Push,Automated email re-engagement.
15995.0,323,1,696.19,2,1,3,213,6,About to Sleep,0,0.0,1,0.27990249578977544,143.12881610581186,Suppress / Low-Cost Ads,Exclude from paid campaigns to save marketing budget.
15996.0,25,6,1534.08,5,4,4,544,13,Champions,1,152.82,0,0.7552785855787536,331.19842605626206,VIP Loyalty Program,"Early access to new launches, zero discount needed."
15998.0,80,14,7330.43,4,5,5,455,14,Champions,2,977.91,0,0.8270570382821255,947.230254553473,VIP Loyalty Program,"Early access to new launches, zero discount needed."
15999.0,644,1,20.4,1,1,1,111,3,Hibernating / Lost,0,0.0,1,0.05137147191491831,45.16736027397292,Suppress / Low-Cost Ads,Exclude from paid campaigns to save marketing budget.
16001.0,290,1,583.39,2,1,3,213,6,About to Sleep,0,0.0,1,0.3134032215704252,165.49860993498717,Suppress / Low-Cost Ads,Exclude from paid campaigns to save marketing budget.
16002.0,534,1,169.21,1,1,1,111,3,Hibernating / Lost,0,0.0,1,0.08468177230656293,19.85071139135993,Suppress / Low-Cost Ads,Exclude from paid campaigns to save marketing budget.
16003.0,43,8,4672.36,4,5,5,455,14,Champions,2,941.47,0,0.8252847399513361,721.6933774471928,VIP Loyalty Program,"Early access to new launches, zero discount needed."
16004.0,383,5,2146.39,1,4,4,144,9,Can't Lose Them,0,0.0,1,0.23828838375345074,149.44066922892816,Executive Outreach,Feedback survey + customized high-value offer.
16005.0,91,8,2118.91,4,5,4,454,13,Champions,2,317.31,0,0.7529587394774334,380.4766073951755,VIP Loyalty Program,"Early access to new launches, zero discount needed."
16006.0,120,2,347.17,3,3,2,332,8,Loyal Customers,0,0.0,1,0.4612594828108584,116.2952658160289,Cross-Sell Drive,Recommend bundle products based on purchase history.
16007.0,89,5,2106.65,4,4,4,444,12,Champions,2,968.49,0,0.6921903196695648,443.45501497733613,VIP Loyalty Program,"Early access to new launches, zero discount needed."
16008.0,113,13,5044.5,3,5,5,355,13,Loyal Customers,2,339.63,0,0.7825731280963311,784.4796804442637,Cross-Sell Drive,Recommend bundle products based on purchase history.
16009.0,68,1,462.19,4,1,2,412,7,New Customers,3,530.52,0,0.48805170490064953,212.42417828314305,Onboarding Sequence,10% discount on 2nd purchase within 30 days.
16010.0,154,11,1724.06,3,5,4,354,12,Loyal Customers,0,0.0,1,0.6926446867881558,159.24824013535763,Cross-Sell Drive,Recommend bundle products based on purchase history.
16011.0,1,25,4713.16,5,5,5,555,15,Champions,4,1167.3,0,0.9068839836925022,920.8607953453599,VIP Loyalty Program,"Early access to new launches, zero discount needed."
16012.0,37,4,2706.62,4,4,5,445,13,Champions,1,283.17,0,0.7748808749305925,502.397805661912,VIP Loyalty Program,"Early access to new launches, zero discount needed."
16013.0,7,72,43725.18,5,5,5,555,15,Champions,12,13721.26,0,0.9770788202203112,8605.566940901881,VIP Loyalty Program,"Early access to new launches, zero discount needed."
16014.0,61,4,997.82,4,4,3,443,11,Champions,1,132.45,0,0.6703970877101322,233.17847060340128,VIP Loyalty Program,"Early access to new launches, zero discount needed."
16016.0,105,7,1842.75,4,4,4,444,12,Champions,4,691.19,0,0.6892864122322679,320.7880707712796,VIP Loyalty Program,"Early access to new launches, zero discount needed."
16017.0,326,4,1341.95,2,4,4,244,10,At Risk,1,211.88,0,0.45245296120928014,162.2208638900652,Standard Retention Push,Automated email re-engagement.
16018.0,89,3,451.13,4,3,2,432,9,Loyal Customers,1,247.0,0,0.5001384364107658,130.7528214128723,Cross-Sell Drive,Recommend bundle products based on purchase history.
16019.0,45,25,16631.86,4,5,5,455,14,Champions,2,833.99,0,0.8896985506714286,1902.3872095162315,VIP Loyalty Program,"Early access to new launches, zero discount needed."
16021.0,304,2,532.25,2,3,2,232,7,At Risk,0,0.0,1,0.3154669544700687,99.2786434600113,Standard Retention Push,Automated email re-engagement.
16022.0,169,1,628.28,3,1,3,313,7,Others / Need Attention,0,0.0,1,0.36172497767703427,184.9689395042056,Suppress / Low-Cost Ads,Exclude from paid campaigns to save marketing budget.
16023.0,101,2,500.69,4,3,2,432,9,Loyal Customers,1,219.12,0,0.47751084279092726,142.45783454227447,Cross-Sell Drive,Recommend bundle products based on purchase history.
16024.0,320,2,232.96,2,3,1,231,6,At Risk,1,251.24,0,0.2578300223669572,49.41073345553835,Standard Retention Push,Automated email re-engagement.
16027.0,0,15,2048.36,5,5,4,554,14,Champions,0,0.0,1,0.8526157885059387,480.83196854248916,VIP Loyalty Program,"Early access to new launches, zero discount needed."
16028.0,504,1,82.2,1,1,1,111,3,Hibernating / Lost,0,0.0,1,0.09671298152756302,18.87160083523366,Suppress / Low-Cost Ads,Exclude from paid campaigns to save marketing budget.
16029.0,2,96,95488.44,5,5,5,555,15,Champions,11,26720.7,0,0.9894562655029695,13888.492381900569,VIP Loyalty Program,"Early access to new launches, zero discount needed."
16030.0,218,1,331.24,3,1,2,312,6,Others / Need Attention,0,0.0,1,0.2667539505598009,106.21634186839384,Suppress / Low-Cost Ads,Exclude from paid campaigns to save marketing budget.
16031.0,1,2,548.94,5,3,2,532,10,Loyal Customers,0,0.0,1,0.5913707050473598,255.26968329991672,Cross-Sell Drive,Recommend bundle products based on purchase history.
16032.0,365,6,1970.45,1,4,4,144,9,Can't Lose Them,0,0.0,1,0.2607091909784711,160.90807991513606,Executive Outreach,Feedback survey + customized high-value offer.
16033.0,17,23,7898.03,5,5,5,555,15,Champions,4,2938.1,0,0.8941251518156628,1169.095869748873,VIP Loyalty Program,"Early access to new launches, zero discount needed."
16034.0,105,6,928.72,4,4,3,443,11,Champions,0,0.0,1,0.6364602136753177,184.81911934648937,VIP Loyalty Program,"Early access to new launches, zero discount needed."
16035.0,469,1,217.73,1,1,1,111,3,Hibernating / Lost,0,0.0,1,0.11265563290165403,25.043745436472307,Suppress / Low-Cost Ads,Exclude from paid campaigns to save marketing budget.
16036.0,172,3,1986.65,3,3,4,334,10,Loyal Customers,1,570.19,0,0.5082325126069545,334.03004145652744,Cross-Sell Drive,Recommend bundle products based on purchase history.
16037.0,178,5,1509.34,3,4,4,344,11,Loyal Customers,0,0.0,1,0.5708836039175793,244.532110140913,Cross-Sell Drive,Recommend bundle products based on purchase history.
16038.0,86,2,393.33,4,3,2,432,9,Loyal Customers,1,78.45,0,0.495757613585153,132.4554729775326,Cross-Sell Drive,Recommend bundle products based on purchase history.
16039.0,332,2,456.4,2,3,2,232,7,At Risk,0,0.0,1,0.2867945777805344,76.12235679564183,Standard Retention Push,Automated email re-engagement.
16040.0,57,6,1979.53,4,4,4,444,12,Champions,1,437.37,0,0.7307318134124929,471.56515058557613,VIP Loyalty Program,"Early access to new launches, zero discount needed."
16041.0,50,2,2739.8,4,3,5,435,12,Loyal Customers,1,426.6,0,0.6839975665931468,490.21018134209186,Cross-Sell Drive,Recommend bundle products based on purchase history.
16042.0,16,5,1528.13,5,4,4,544,13,Champions,3,736.99,0,0.7574315976638959,381.945985917364,VIP Loyalty Program,"Early access to new launches, zero discount needed."
16043.0,120,7,1759.09,3,4,4,344,11,Loyal Customers,1,97.5,0,0.6529651949406559,242.52285819286584,Cross-Sell Drive,Recommend bundle products based on purchase history.
16044.0,344,1,340.84,2,1,2,212,5,About to Sleep,0,0.0,1,0.22237528121817496,96.11929847763605,Suppress / Low-Cost Ads,Exclude from paid campaigns to save marketing budget.
16045.0,28,8,3434.93,5,5,5,555,15,Champions,0,0.0,1,0.8318123680493332,498.6774370220915,VIP Loyalty Program,"Early access to new launches, zero discount needed."
16046.0,471,1,235.78,1,1,1,111,3,Hibernating / Lost,0,0.0,1,0.11168563484631622,33.21223594739275,Suppress / Low-Cost Ads,Exclude from paid campaigns to save marketing budget.
16047.0,591,1,107.14,1,1,1,111,3,Hibernating / Lost,0,0.0,1,0.06550423736173594,13.216587338290381,Suppress / Low-Cost Ads,Exclude from paid campaigns to save marketing budget.
16048.0,282,4,1075.23,2,4,3,243,9,At Risk,0,0.0,1,0.45481659617544257,149.25965431075397,Standard Retention Push,Automated email re-engagement.
16049.0,284,3,787.89,2,3,3,233,8,At Risk,3,1111.79,0,0.39162916464746533,136.79387892472877,Standard Retention Push,Automated email re-engagement.
16050.0,82,3,300.7,4,3,2,432,9,Loyal Customers,0,0.0,1,0.5086629331786083,74.3819725041476,Cross-Sell Drive,Recommend bundle products based on purchase history.
16051.0,590,1,188.44,1,1,1,111,3,Hibernating / Lost,0,0.0,1,0.06580228140483568,18.144571788839787,Suppress / Low-Cost Ads,Exclude from paid campaigns to save marketing budget.
16053.0,31,5,3247.08,5,4,5,545,14,Champions,1,387.76,0,0.7807647335014203,571.752250001724,VIP Loyalty Program,"Early access to new launches, zero discount needed."
16054.0,54,4,2111.88,4,4,4,444,12,Champions,0,0.0,1,0.7208442436223352,467.1237399806143,VIP Loyalty Program,"Early access to new launches, zero discount needed."
16055.0,129,1,134.8,3,1,1,311,5,Others / Need Attention,0,0.0,1,0.3137758722532702,84.752644936933,Suppress / Low-Cost Ads,Exclude from paid campaigns to save marketing budget.
16057.0,5,9,3135.96,5,5,5,555,15,Champions,1,718.89,0,0.8510280983761951,558.4523132802184,VIP Loyalty Program,"Early access to new launches, zero discount needed."
16058.0,315,1,62.7,2,1,1,211,4,About to Sleep,0,0.0,1,0.21158905427295926,43.18670362888986,Suppress / Low-Cost Ads,Exclude from paid campaigns to save marketing budget.
16059.0,72,10,2709.21,4,5,5,455,14,Champions,2,508.56,0,0.8139518060628028,511.13424052529757,VIP Loyalty Program,"Early access to new launches, zero discount needed."
16060.0,309,3,541.95,2,3,2,232,7,At Risk,0,0.0,1,0.317152015165424,98.36464550650132,Standard Retention Push,Automated email re-engagement.
16061.0,340,1,89.65,2,1,1,211,4,About to Sleep,0,0.0,1,0.1919948330748089,39.18739550479483,Suppress / Low-Cost Ads,Exclude from paid campaigns to save marketing budget.
16062.0,42,7,2487.97,4,4,4,444,12,Champions,1,375.48,0,0.7509052463368565,393.62961847690127,VIP Loyalty Program,"Early access to new launches, zero discount needed."
16063.0,169,1,335.32,3,1,2,312,6,Others / Need Attention,0,0.0,1,0.3159217287691325,125.79401458226418,Suppress / Low-Cost Ads,Exclude from paid campaigns to save marketing budget.
16064.0,634,1,111.0,1,1,1,111,3,Hibernating / Lost,0,0.0,1,0.05379613195197064,10.854279128219307,Suppress / Low-Cost Ads,Exclude from paid campaigns to save marketing budget.
16065.0,274,8,2382.62,2,5,4,254,11,At Risk,0,0.0,1,0.600666049652985,286.4999414528566,Standard Retention Push,Automated email re-engagement.
16066.0,33,1,316.38,5,1,2,512,8,New Customers,4,1205.49,0,0.5238304824576243,251.7079092962929,Onboarding Sequence,10% discount on 2nd purchase within 30 days.
16067.0,471,3,3395.29,1,3,5,135,9,Others / Need Attention,0,0.0,1,0.2543316067321969,183.9959951117906,Suppress / Low-Cost Ads,Exclude from paid campaigns to save marketing budget.
16068.0,502,1,122.93,1,1,1,111,3,Hibernating / Lost,0,0.0,1,0.09756657044212314,22.19016025952926,Suppress / Low-Cost Ads,Exclude from paid campaigns to save marketing budget.
16069.0,326,1,457.7,2,1,2,212,5,About to Sleep,0,0.0,1,0.23789557939578576,101.25190891132318,Suppress / Low-Cost Ads,Exclude from paid campaigns to save marketing budget.
16071.0,436,3,750.56,1,3,3,133,7,Others / Need Attention,1,326.24,0,0.2117589382409757,69.60611322686816,Suppress / Low-Cost Ads,Exclude from paid campaigns to save marketing budget.
16072.0,197,4,4328.89,3,4,5,345,12,Loyal Customers,0,0.0,1,0.5902946835917056,582.0824565996454,Cross-Sell Drive,Recommend bundle products based on purchase history.
16073.0,206,1,122.4,3,1,1,311,5,Others / Need Attention,0,0.0,1,0.2391344111468856,53.76812768141913,Suppress / Low-Cost Ads,Exclude from paid campaigns to save marketing budget.
16074.0,299,1,265.25,2,1,1,211,4,About to Sleep,0,0.0,1,0.22487209735107871,66.38951572697482,Suppress / Low-Cost Ads,Exclude from paid campaigns to save marketing budget.
16075.0,411,2,736.93,1,3,3,133,7,Others / Need Attention,0,0.0,1,0.22709839692598122,74.64826212946761,Suppress / Low-Cost Ads,Exclude from paid campaigns to save marketing budget.
16076.0,1,5,1357.98,5,4,4,544,13,Champions,5,876.75,0,0.770600459689325,396.92335781169254,VIP Loyalty Program,"Early access to new launches, zero discount needed."
16077.0,534,1,2300.4,1,1,4,114,6,Hibernating / Lost,0,0.0,1,0.14598422254119314,63.191580096551206,Suppress / Low-Cost Ads,Exclude from paid campaigns to save marketing budget.
16078.0,192,2,362.99,3,3,2,332,8,Loyal Customers,0,0.0,1,0.37616974377180057,99.84473093154031,Cross-Sell Drive,Recommend bundle products based on purchase history.
16080.0,183,3,515.66,3,3,2,332,8,Loyal Customers,1,86.9,0,0.3941504486650379,110.05435075591762,Cross-Sell Drive,Recommend bundle products based on purchase history.
16081.0,94,6,2645.65,4,4,4,444,12,Champions,2,1814.53,0,0.6938338070297618,463.490835783702,VIP Loyalty Program,"Early access to new launches, zero discount needed."
16082.0,579,1,106.75,1,1,1,111,3,Hibernating / Lost,0,0.0,1,0.0691728521886219,13.9567924032288,Suppress / Low-Cost Ads,Exclude from paid campaigns to save marketing budget.
16083.0,9,4,2351.42,5,4,4,544,13,Champions,0,0.0,1,0.7577696443598634,520.9391786157152,VIP Loyalty Program,"Early access to new launches, zero discount needed."
16084.0,208,1,436.18,3,1,2,312,6,Others / Need Attention,0,0.0,1,0.2763822076608371,116.29487351684884,Suppress / Low-Cost Ads,Exclude from paid campaigns to save marketing budget.
16085.0,145,9,1687.06,3,5,4,354,12,Loyal Customers,3,656.47,0,0.6882739435952181,261.4096397426433,Cross-Sell Drive,Recommend bundle products based on purchase history.
16086.0,7,9,2643.3,5,5,4,554,14,Champions,1,221.69,0,0.8217548123556937,435.483705154686,VIP Loyalty Program,"Early access to new launches, zero discount needed."
16087.0,298,5,1739.92,2,4,4,244,10,At Risk,0,0.0,1,0.49441344327306636,284.3006073752342,Standard Retention Push,Automated email re-engagement.
16088.0,484,2,1437.43,1,3,4,134,8,Others / Need Attention,0,0.0,1,0.20172327655098543,109.72777575773179,Suppress / Low-Cost Ads,Exclude from paid campaigns to save marketing budget.
16089.0,295,2,271.44,2,3,2,232,7,At Risk,0,0.0,1,0.3250126710108059,62.52088053452544,Standard Retention Push,Automated email re-engagement.
16090.0,533,1,205.91,1,1,1,111,3,Hibernating / Lost,0,0.0,1,0.08505956982367846,21.505023853786003,Suppress / Low-Cost Ads,Exclude from paid campaigns to save marketing budget.
16091.0,63,2,315.06,4,3,2,432,9,Loyal Customers,0,0.0,1,0.523738435028551,124.81410578223503,Cross-Sell Drive,Recommend bundle products based on purchase history.
16092.0,23,6,1587.94,5,4,4,544,13,Champions,0,0.0,1,0.7570727322458459,469.7212944768094,VIP Loyalty Program,"Early access to new launches, zero discount needed."
16093.0,15,1,17.0,5,1,1,511,7,New Customers,0,0.0,1,0.4945859273240759,278.71280945765193,Onboarding Sequence,10% discount on 2nd purchase within 30 days.
16094.0,128,8,2869.43,3,5,5,355,13,Loyal Customers,3,826.13,0,0.7402515945863932,445.4442272685534,Cross-Sell Drive,Recommend bundle products based on purchase history.
16095.0,365,1,447.05,1,1,2,112,4,Hibernating / Lost,0,0.0,1,0.2054083232935784,88.07598047050394,Suppress / Low-Cost Ads,Exclude from paid campaigns to save marketing budget.
16096.0,173,4,1584.97,3,4,4,344,11,Loyal Customers,0,0.0,1,0.5689710876135443,321.9920813986451,Cross-Sell Drive,Recommend bundle products based on purchase history.
16097.0,149,1,185.05,3,1,1,311,5,Others / Need Attention,0,0.0,1,0.2931963948129216,69.82862443335348,Suppress / Low-Cost Ads,Exclude from paid campaigns to save marketing budget.
16098.0,37,13,4154.96,4,5,5,455,14,Champions,1,293.14,0,0.8510092253321304,633.2640439662551,VIP Loyalty Program,"Early access to new launches, zero discount needed."
16099.0,46,6,1433.4,4,4,4,444,12,Champions,1,139.8,0,0.7411521986182539,325.0038414135715,VIP Loyalty Program,"Early access to new launches, zero discount needed."
16100.0,371,1,582.64,1,1,3,113,5,Hibernating / Lost,0,0.0,1,0.23553270875555954,125.30351724728989,Suppress / Low-Cost Ads,Exclude from paid campaigns to save marketing budget.
16101.0,343,3,1938.46,2,3,4,234,9,At Risk,1,1290.7,0,0.37211566956616715,262.31000518317273,Standard Retention Push,Automated email re-engagement.
16102.0,7,2,1392.84,5,3,4,534,12,Loyal Customers,1,449.3,0,0.6791294885462811,457.6707632024951,Cross-Sell Drive,Recommend bundle products based on purchase history.
16103.0,66,20,5918.47,4,5,5,455,14,Champions,2,273.24,0,0.861294267675775,794.8846348939138,VIP Loyalty Program,"Early access to new launches, zero discount needed."
16104.0,327,8,2476.25,2,5,4,254,11,At Risk,1,302.36,0,0.5374736710593151,256.3590457291637,Standard Retention Push,Automated email re-engagement.
16105.0,157,5,2386.19,3,4,4,344,11,Loyal Customers,0,0.0,1,0.5957033403853905,365.85527899102783,Cross-Sell Drive,Recommend bundle products based on purchase history.
16107.0,12,3,1494.12,5,3,4,534,12,Loyal Customers,4,1710.04,0,0.6808225596313576,443.3330178860497,Cross-Sell Drive,Recommend bundle products based on purchase history.
16108.0,343,3,1393.42,2,3,4,234,9,At Risk,1,842.5,0,0.37213174245285596,222.4279754246747,Standard Retention Push,Automated email re-engagement.
16109.0,127,3,939.48,3,3,3,333,9,Loyal Customers,0,0.0,1,0.511857030679241,179.67094073426387,Cross-Sell Drive,Recommend bundle products based on purchase history.
16110.0,171,3,1175.72,3,3,4,334,10,Loyal Customers,1,643.55,0,0.509474940780514,229.64993232159475,Cross-Sell Drive,Recommend bundle products based on purchase history.
16111.0,337,1,562.48,2,1,2,212,5,About to Sleep,0,0.0,1,0.2283197651249349,122.44431063564797,Suppress / Low-Cost Ads,Exclude from paid campaigns to save marketing budget.
16112.0,52,4,195.74,4,4,1,441,9,Champions,0,0.0,1,0.5852695204194958,49.239026228888754,VIP Loyalty Program,"Early access to new launches, zero discount needed."
16113.0,92,1,161.38,4,1,1,411,6,New Customers,0,0.0,1,0.4086985154376658,96.88971431600628,Onboarding Sequence,10% discount on 2nd purchase within 30 days.
16114.0,79,1,135.75,4,1,1,411,6,New Customers,0,0.0,1,0.42407942321915026,110.88867556829511,Onboarding Sequence,10% discount on 2nd purchase within 30 days.
16115.0,26,9,1838.85,5,5,4,554,14,Champions,3,736.29,0,0.8078149005506648,370.96101667676714,VIP Loyalty Program,"Early access to new launches, zero discount needed."
16116.0,120,1,612.78,3,1,3,313,7,Others / Need Attention,0,0.0,1,0.4184095351688648,231.21202914289623,Suppress / Low-Cost Ads,Exclude from paid campaigns to save marketing budget.
16117.0,98,3,654.4,4,3,3,433,10,Loyal Customers,0,0.0,1,0.540271957537548,179.16168837139372,Cross-Sell Drive,Recommend bundle products based on purchase history.
16118.0,561,1,4376.25,1,1,5,115,7,Hibernating / Lost,0,0.0,1,0.15532341726926768,130.31121029185624,Suppress / Low-Cost Ads,Exclude from paid campaigns to save marketing budget.
16119.0,303,6,1297.45,2,4,4,244,10,At Risk,2,423.36,0,0.49637552199803947,175.09712820791708,Standard Retention Push,Automated email re-engagement.
16120.0,331,2,1747.77,2,3,4,234,9,At Risk,4,1309.14,0,0.37828407873782044,267.23418887844133,Standard Retention Push,Automated email re-engagement.
16121.0,124,4,897.87,3,4,3,343,10,Loyal Customers,1,579.22,0,0.5772729950799265,180.07480101962688,Cross-Sell Drive,Recommend bundle products based on purchase history.
16122.0,21,5,867.18,5,4,3,543,12,Champions,1,134.16,0,0.7129302821674696,213.7749130349251,VIP Loyalty Program,"Early access to new launches, zero discount needed."
16124.0,226,4,1772.49,3,4,4,344,11,Loyal Customers,0,0.0,1,0.5048942948968231,280.15189710648184,Cross-Sell Drive,Recommend bundle products based on purchase history.
16125.0,276,14,4587.65,2,5,5,255,12,At Risk,0,0.0,1,0.6890713363953637,440.3615244954004,Standard Retention Push,Automated email re-engagement.
16126.0,10,14,12065.73,5,5,5,555,15,Champions,1,2581.07,0,0.867370258361789,1810.6625431694395,VIP Loyalty Program,"Early access to new launches, zero discount needed."
16127.0,635,1,145.06,1,1,1,111,3,Hibernating / Lost,1,656.25,0,0.05354861333853422,13.468986553512808,Suppress / Low-Cost Ads,Exclude from paid campaigns to save marketing budget.
16128.0,52,8,2615.53,4,5,4,454,13,Champions,3,1185.52,0,0.7865544897384689,435.48625015230294,VIP Loyalty Program,"Early access to new launches, zero discount needed."
16129.0,316,3,1396.05,2,3,4,234,9,At Risk,0,0.0,1,0.4033269448536142,241.07375303888253,Standard Retention Push,Automated email re-engagement.
16130.0,331,4,987.48,2,4,3,243,9,At Risk,0,0.0,1,0.39656599427088224,130.14323512820903,Standard Retention Push,Automated email re-engagement.
16131.0,24,10,8729.38,5,5,5,555,15,Champions,2,1228.04,0,0.8431175620722926,938.8188068043852,VIP Loyalty Program,"Early access to new launches, zero discount needed."
16132.0,453,2,664.2,1,3,3,133,7,Others / Need Attention,0,0.0,1,0.19321494765577696,63.51062030896141,Suppress / Low-Cost Ads,Exclude from paid campaigns to save marketing budget.
16133.0,10,46,19022.49,5,5,5,555,15,Champions,10,3969.77,0,0.9481144589053049,2241.9198108630762,VIP Loyalty Program,"Early access to new launches, zero discount needed."
16134.0,268,4,1810.78,2,4,4,244,10,At Risk,1,334.56,0,0.5228774793787057,257.6885975423973,Standard Retention Push,Automated email re-engagement.
16135.0,171,2,819.45,3,3,3,333,9,Loyal Customers,0,0.0,1,0.4504337653467926,150.65879233325626,Cross-Sell Drive,Recommend bundle products based on purchase history.
16136.0,186,2,396.72,3,3,2,332,8,Loyal Customers,2,550.08,0,0.3830485639899396,101.67053953305074,Cross-Sell Drive,Recommend bundle products based on purchase history.
16137.0,589,1,422.7,1,1,2,112,4,Hibernating / Lost,0,0.0,1,0.0799177948796379,31.45306658201489,Suppress / Low-Cost Ads,Exclude from paid campaigns to save marketing budget.
16138.0,287,3,910.35,2,3,3,233,8,At Risk,0,0.0,1,0.38815090818169506,134.39008617660238,Standard Retention Push,Automated email re-engagement.
16139.0,21,4,782.11,5,4,3,543,12,Champions,1,329.04,0,0.7063104262268197,250.8693923581951,VIP Loyalty Program,"Early access to new launches, zero discount needed."
16140.0,280,2,956.56,2,3,3,233,8,At Risk,1,601.04,0,0.3886114698393591,168.33698226021596,Standard Retention Push,Automated email re-engagement.
16141.0,326,1,335.54,2,1,2,212,5,About to Sleep,1,620.4,0,0.2378983747427127,95.81620774143153,Suppress / Low-Cost Ads,Exclude from paid campaigns to save marketing budget.
16142.0,158,1,535.34,3,1,2,312,6,Others / Need Attention,0,0.0,1,0.3276033297547668,148.70245695959008,Suppress / Low-Cost Ads,Exclude from paid campaigns to save marketing budget.
16143.0,17,11,4435.25,5,5,5,555,15,Champions,1,475.58,0,0.8517473324041217,640.0479166500604,VIP Loyalty Program,"Early access to new launches, zero discount needed."
16144.0,155,1,175.2,3,1,1,311,5,Others / Need Attention,0,0.0,1,0.28717944085705727,66.55237733560415,Suppress / Low-Cost Ads,Exclude from paid campaigns to save marketing budget.
16145.0,8,16,5606.26,5,5,5,555,15,Champions,3,1199.18,0,0.8757443684626776,851.7082097850758,VIP Loyalty Program,"Early access to new launches, zero discount needed."
16146.0,66,4,946.38,4,4,3,443,11,Champions,0,0.0,1,0.6649970892675896,231.30023544818346,VIP Loyalty Program,"Early access to new launches, zero discount needed."
16147.0,42,5,2398.91,4,4,4,444,12,Champions,0,0.0,1,0.7386921071359811,484.3854413312824,VIP Loyalty Program,"Early access to new launches, zero discount needed."
16148.0,205,2,386.62,3,3,2,332,8,Loyal Customers,0,0.0,1,0.3614360243110575,95.93403827341119,Cross-Sell Drive,Recommend bundle products based on purchase history.
16149.0,51,2,305.38,4,3,2,432,9,Loyal Customers,1,116.84,0,0.5382882680659298,101.80212181988887,Cross-Sell Drive,Recommend bundle products based on purchase history.
16150.0,37,8,3751.27,4,5,5,455,14,Champions,2,644.32,0,0.8294735351745359,486.25141897036843,VIP Loyalty Program,"Early access to new launches, zero discount needed."
16152.0,177,1,1829.04,3,1,4,314,8,Others / Need Attention,0,0.0,1,0.40076989229237103,276.74773738459487,Suppress / Low-Cost Ads,Exclude from paid campaigns to save marketing budget.
16153.0,24,10,4332.8,5,5,5,555,15,Champions,1,800.69,0,0.843190945642463,631.1338038989533,VIP Loyalty Program,"Early access to new launches, zero discount needed."
16155.0,290,5,796.9,2,4,3,243,9,At Risk,0,0.0,1,0.4531363313015011,121.59595767640455,Standard Retention Push,Automated email re-engagement.
16156.0,60,16,4541.31,4,5,5,455,14,Champions,4,1676.87,0,0.8490177561899533,637.3172532543484,VIP Loyalty Program,"Early access to new launches, zero discount needed."
16158.0,431,9,628.32,1,5,3,153,9,Can't Lose Them,0,0.0,1,0.22194286745415492,40.80137486473216,Executive Outreach,Feedback survey + customized high-value offer.
16159.0,190,4,1232.79,3,4,4,344,11,Loyal Customers,0,0.0,1,0.5485780779790732,168.11082807564958,Cross-Sell Drive,Recommend bundle products based on purchase history.
16161.0,49,36,10319.94,4,5,5,455,14,Champions,7,2511.86,0,0.918527178490813,1621.9421241414304,VIP Loyalty Program,"Early access to new launches, zero discount needed."
16162.0,161,1,37.4,3,1,1,311,5,Others / Need Attention,0,0.0,1,0.28124009834914154,152.7277645383472,Suppress / Low-Cost Ads,Exclude from paid campaigns to save marketing budget.
16163.0,141,6,2849.58,3,4,5,345,12,Loyal Customers,0,0.0,1,0.6686987783659377,455.6323151087572,Cross-Sell Drive,Recommend bundle products based on purchase history.
16165.0,414,1,79.9,1,1,1,111,3,Hibernating / Lost,0,0.0,1,0.14232778456637163,29.050027523138798,Suppress / Low-Cost Ads,Exclude from paid campaigns to save marketing budget.
16166.0,337,2,435.83,2,3,2,232,7,At Risk,0,0.0,1,0.2818415263596694,74.80769474587753,Standard Retention Push,Automated email re-engagement.
16167.0,323,5,1386.12,2,4,4,244,10,At Risk,0,0.0,1,0.46405571098001375,198.773482808358,Standard Retention Push,Automated email re-engagement.
16168.0,3,57,9480.99,5,5,5,555,15,Champions,9,1155.48,0,0.9642305837980714,1434.5606152780917,VIP Loyalty Program,"Early access to new launches, zero discount needed."
16170.0,21,19,6544.61,5,5,5,555,15,Champions,1,324.39,0,0.8792908816940409,694.4702846634653,VIP Loyalty Program,"Early access to new launches, zero discount needed."
16172.0,4,8,1884.55,5,5,4,554,14,Champions,0,0.0,1,0.8191866654077429,576.7645276620992,VIP Loyalty Program,"Early access to new launches, zero discount needed."
16173.0,0,2,635.05,5,3,3,533,11,Loyal Customers,4,783.27,0,0.6408884870517539,293.8345863744329,Cross-Sell Drive,Recommend bundle products based on purchase history.
16174.0,35,7,2246.75,5,4,4,544,13,Champions,0,0.0,1,0.7521896528661705,394.30291308307096,VIP Loyalty Program,"Early access to new launches, zero discount needed."
16175.0,3,7,1836.44,5,4,4,544,13,Champions,0,0.0,1,0.7800884900021444,422.98587105555015,VIP Loyalty Program,"Early access to new launches, zero discount needed."
16176.0,330,4,2052.69,2,4,4,244,10,At Risk,0,0.0,1,0.4476105021557757,281.53602257973955,Standard Retention Push,Automated email re-engagement.
16177.0,345,7,1915.36,2,4,4,244,10,At Risk,1,331.95,0,0.4534023133603281,219.1867179059575,Standard Retention Push,Automated email re-engagement.
16178.0,47,2,612.6,4,3,3,433,10,Loyal Customers,0,0.0,1,0.5932989900017109,200.20621305104473,Cross-Sell Drive,Recommend bundle products based on purchase history.
16180.0,9,13,16249.87,5,5,5,555,15,Champions,0,0.0,1,0.8641397429295279,1933.7022215672082,VIP Loyalty Program,"Early access to new launches, zero discount needed."
16182.0,39,8,8198.0,4,5,5,455,14,Champions,1,1773.65,0,0.8280118116694712,981.9822009926022,VIP Loyalty Program,"Early access to new launches, zero discount needed."
16183.0,303,3,739.1,2,3,3,233,8,At Risk,1,338.71,0,0.36982383438312916,121.83455186674979,Standard Retention Push,Automated email re-engagement.
16184.0,14,5,985.8,5,4,3,543,12,Champions,1,172.99,0,0.7198516826084358,286.13248029224303,VIP Loyalty Program,"Early access to new launches, zero discount needed."
16185.0,141,2,450.31,3,3,2,332,8,Loyal Customers,1,194.41,0,0.43597007335509674,113.80152813534542,Cross-Sell Drive,Recommend bundle products based on purchase history.
16186.0,12,23,7715.7,5,5,5,555,15,Champions,3,1310.41,0,0.8964098674534902,1265.4347177939726,VIP Loyalty Program,"Early access to new launches, zero discount needed."
16187.0,8,12,5395.7,5,5,5,555,15,Champions,3,1515.74,0,0.8610703782610529,837.4369699403151,VIP Loyalty Program,"Early access to new launches, zero discount needed."
16188.0,50,4,860.83,4,4,3,443,11,Champions,1,226.83,0,0.6821255040440861,217.18639843357965,VIP Loyalty Program,"Early access to new launches, zero discount needed."
16190.0,303,7,2508.47,2,4,4,244,10,At Risk,1,215.08,0,0.5043715769971153,243.82661338384494,Standard Retention Push,Automated email re-engagement.
16191.0,171,19,13123.18,3,5,5,355,13,Loyal Customers,5,2564.84,0,0.7667650582704129,1372.900647961855,Cross-Sell Drive,Recommend bundle products based on purchase history.
16192.0,644,1,351.3,1,1,2,112,4,Hibernating / Lost,0,0.0,1,0.06231299072557317,23.12974193038712,Suppress / Low-Cost Ads,Exclude from paid campaigns to save marketing budget.
16193.0,145,2,630.43,3,3,3,333,9,Loyal Customers,0,0.0,1,0.48193227585624854,152.23510675125632,Cross-Sell Drive,Recommend bundle products based on purchase history.
16194.0,284,1,308.6,2,1,2,212,5,About to Sleep,0,0.0,1,0.2769306317146544,85.57763843796043,Suppress / Low-Cost Ads,Exclude from paid campaigns to save marketing budget.
16195.0,632,1,323.25,1,1,2,112,4,Hibernating / Lost,0,0.0,1,0.06581567961392876,28.26550312418232,Suppress / Low-Cost Ads,Exclude from paid campaigns to save marketing budget.
16196.0,397,1,93.3,1,1,1,111,3,Hibernating / Lost,0,0.0,1,0.15273369118656765,31.17394081695487,Suppress / Low-Cost Ads,Exclude from paid campaigns to save marketing budget.
16197.0,378,9,2016.71,1,5,4,154,10,Can't Lose Them,0,0.0,1,0.3117882157706935,152.97421677068783,Executive Outreach,Feedback survey + customized high-value offer.
16198.0,346,1,629.36,2,1,3,213,6,About to Sleep,1,400.68,0,0.25789807851008606,133.9285087259961,Suppress / Low-Cost Ads,Exclude from paid campaigns to save marketing budget.
16199.0,301,7,942.75,2,4,3,243,9,At Risk,0,0.0,1,0.45578887852886363,138.79811361726263,Standard Retention Push,Automated email re-engagement.
16200.0,73,11,5113.4,4,5,5,455,14,Champions,1,530.05,0,0.8180007686355261,748.8286276801695,VIP Loyalty Program,"Early access to new launches, zero discount needed."
16201.0,18,2,552.45,5,3,2,532,10,Loyal Customers,3,1559.67,0,0.5712278585120344,240.46992243422173,Cross-Sell Drive,Recommend bundle products based on purchase history.
16202.0,269,9,2501.99,2,5,4,254,11,At Risk,0,0.0,1,0.6141305452144519,285.5786739133431,Standard Retention Push,Automated email re-engagement.
16203.0,56,5,899.94,4,4,3,443,11,Champions,1,214.6,0,0.6827581567037511,215.86484733959372,VIP Loyalty Program,"Early access to new launches, zero discount needed."
16204.0,289,2,538.53,2,3,2,232,7,At Risk,1,405.71,0,0.3314465219799372,102.798084451439,Standard Retention Push,Automated email re-engagement.
16205.0,88,4,1181.58,4,4,4,444,12,Champions,3,649.03,0,0.6863752299689281,245.41181951155448,VIP Loyalty Program,"Early access to new launches, zero discount needed."
16206.0,33,12,2475.12,5,5,4,554,14,Champions,1,127.2,0,0.8172945861787527,293.395698874737,VIP Loyalty Program,"Early access to new launches, zero discount needed."
16208.0,198,9,3273.78,3,5,5,355,13,Loyal Customers,1,166.67,0,0.6766762218736022,384.4057458634662,Cross-Sell Drive,Recommend bundle products based on purchase history.
16209.0,28,8,4001.06,5,5,5,555,15,Champions,1,145.72,0,0.8318023715031033,613.3953513921946,VIP Loyalty Program,"Early access to new launches, zero discount needed."
16210.0,7,28,28652.17,5,5,5,555,15,Champions,7,9837.34,0,0.9121638643515221,4283.753108778722,VIP Loyalty Program,"Early access to new launches, zero discount needed."
16211.0,330,2,543.57,2,3,2,232,7,At Risk,1,547.02,0,0.2887882592575549,89.5676312619119,Standard Retention Push,Automated email re-engagement.
16212.0,192,3,1101.52,3,3,3,333,9,Loyal Customers,1,192.19,0,0.43313701822201334,173.36515894391667,Cross-Sell Drive,Recommend bundle products based on purchase history.
16214.0,79,4,2038.25,4,4,4,444,12,Champions,0,0.0,1,0.6957073898790431,450.83447744463683,VIP Loyalty Program,"Early access to new launches, zero discount needed."
16216.0,176,1,914.93,3,1,3,313,7,Others / Need Attention,0,0.0,1,0.3538854093209526,196.87912816204923,Suppress / Low-Cost Ads,Exclude from paid campaigns to save marketing budget.
16217.0,144,2,304.25,3,3,2,332,8,Loyal Customers,0,0.0,1,0.4323862098769191,76.53673200666975,Cross-Sell Drive,Recommend bundle products based on purchase history.
16218.0,23,12,3990.77,5,5,5,555,15,Champions,1,449.2,0,0.8521232744534755,634.0930446759534,VIP Loyalty Program,"Early access to new launches, zero discount needed."
16219.0,409,1,40.8,1,1,1,111,3,Hibernating / Lost,0,0.0,1,0.14532611386739502,19.21308390041594,Suppress / Low-Cost Ads,Exclude from paid campaigns to save marketing budget.
16221.0,184,8,1686.02,3,5,4,354,12,Loyal Customers,1,549.49,0,0.6387715925982699,264.2144547652592,Cross-Sell Drive,Recommend bundle products based on purchase history.
16222.0,227,2,1345.22,3,3,4,334,10,Loyal Customers,0,0.0,1,0.4336647103438219,218.60421647504387,Cross-Sell Drive,Recommend bundle products based on purchase history.
16223.0,283,2,1102.35,2,3,3,233,8,At Risk,0,0.0,1,0.38514235034302113,166.8342445583282,Standard Retention Push,Automated email re-engagement.
16224.0,50,4,1187.12,4,4,4,444,12,Champions,1,429.42,0,0.7247696718235587,268.0926079231681,VIP Loyalty Program,"Early access to new launches, zero discount needed."
16225.0,58,14,2724.73,4,5,5,455,14,Champions,1,142.68,0,0.8419234190003798,364.6950943570445,VIP Loyalty Program,"Early access to new launches, zero discount needed."
16226.0,112,5,672.17,3,4,3,343,10,Loyal Customers,0,0.0,1,0.5992118037558541,161.8563425236222,Cross-Sell Drive,Recommend bundle products based on purchase history.
16227.0,134,3,1027.22,3,3,3,333,9,Loyal Customers,0,0.0,1,0.5033358188851592,204.24648815111863,Cross-Sell Drive,Recommend bundle products based on purchase history.
16228.0,294,3,890.81,2,3,3,233,8,At Risk,0,0.0,1,0.38008876754948473,131.5987188205238,Standard Retention Push,Automated email re-engagement.
16229.0,121,5,2215.46,3,4,4,344,11,Loyal Customers,1,652.4,0,0.6371225140949046,387.5203173311526,Cross-Sell Drive,Recommend bundle products based on purchase history.
16230.0,98,2,542.03,4,3,2,432,9,Loyal Customers,0,0.0,1,0.4811549784521958,150.21531840616868,Cross-Sell Drive,Recommend bundle products based on purchase history.
16231.0,288,4,1078.22,2,4,3,243,9,At Risk,0,0.0,1,0.44758281999315297,146.885706347093,Standard Retention Push,Automated email re-engagement.
16232.0,52,6,2447.13,4,4,4,444,12,Champions,1,265.84,0,0.7354834582688519,482.2814215609785,VIP Loyalty Program,"Early access to new launches, zero discount needed."
16233.0,238,8,1755.53,3,5,4,354,12,Loyal Customers,1,210.18,0,0.5761786641243705,237.7207043863161,Cross-Sell Drive,Recommend bundle products based on purchase history.
16234.0,385,3,333.18,1,3,2,132,6,Others / Need Attention,0,0.0,1,0.21913447515730644,45.36620034344194,Suppress / Low-Cost Ads,Exclude from paid campaigns to save marketing budget.
16235.0,95,7,1851.69,4,4,4,444,12,Champions,2,202.02,0,0.6996167323652607,321.1248706377697,VIP Loyalty Program,"Early access to new launches, zero discount needed."
16237.0,346,1,136.65,2,1,1,211,4,About to Sleep,0,0.0,1,0.1875026811889513,49.43865267731918,Suppress / Low-Cost Ads,Exclude from paid campaigns to save marketing budget.
16238.0,331,1,63.66,2,1,1,211,4,About to Sleep,0,0.0,1,0.19888521409599336,40.59376713434112,Suppress / Low-Cost Ads,Exclude from paid campaigns to save marketing budget.
16239.0,98,5,1425.9,4,4,4,444,12,Champions,1,66.3,0,0.6827946669355006,294.39715110653015,VIP Loyalty Program,"Early access to new launches, zero discount needed."
16241.0,5,13,3507.58,5,5,5,555,15,Champions,3,821.73,0,0.8665960951271755,510.5248853989524,VIP Loyalty Program,"Early access to new launches, zero discount needed."
16242.0,74,10,4717.78,4,5,5,455,14,Champions,4,2756.62,0,0.8124340240878679,727.441959714597,VIP Loyalty Program,"Early access to new launches, zero discount needed."
16244.0,120,2,2579.38,3,3,4,334,10,Loyal Customers,0,0.0,1,0.563137297976066,404.16302750559925,Cross-Sell Drive,Recommend bundle products based on purchase history.
16245.0,30,2,769.7,5,3,3,533,11,Loyal Customers,1,643.96,0,0.6066226955588503,204.70224064986863,Cross-Sell Drive,Recommend bundle products based on purchase history.
16246.0,368,2,827.25,1,3,3,133,7,Others / Need Attention,0,0.0,1,0.2659212653383144,88.74557669246393,Suppress / Low-Cost Ads,Exclude from paid campaigns to save marketing budget.
16247.0,79,1,114.56,4,1,1,411,6,New Customers,0,0.0,1,0.42408007641726764,72.83758217194155,Onboarding Sequence,10% discount on 2nd purchase within 30 days.
16249.0,21,4,1440.77,5,4,4,544,13,Champions,1,359.3,0,0.7469059529681399,381.5899408372747,VIP Loyalty Program,"Early access to new launches, zero discount needed."
16250.0,170,3,791.38,3,3,3,333,9,Loyal Customers,0,0.0,1,0.45961118444694204,160.53961858096537,Cross-Sell Drive,Recommend bundle products based on purchase history.
16251.0,421,1,128.31,1,1,1,111,3,Hibernating / Lost,0,0.0,1,0.13821708962944035,31.435555801383757,Suppress / Low-Cost Ads,Exclude from paid campaigns to save marketing budget.
16252.0,291,1,295.09,2,1,2,212,5,About to Sleep,0,0.0,1,0.27015843789436766,81.24277811765702,Suppress / Low-Cost Ads,Exclude from paid campaigns to save marketing budget.
16253.0,164,6,5326.69,3,4,5,345,12,Loyal Customers,1,1983.46,0,0.6433669370835584,652.7747515773616,Cross-Sell Drive,Recommend bundle products based on purchase history.
16254.0,287,3,985.14,2,3,3,233,8,At Risk,0,0.0,1,0.3881486664063706,155.3583563964004,Standard Retention Push,Automated email re-engagement.
16255.0,4,14,4469.68,5,5,5,555,15,Champions,1,437.12,0,0.870802938769108,683.8985078850859,VIP Loyalty Program,"Early access to new launches, zero discount needed."
16256.0,175,3,1629.37,3,3,4,334,10,Loyal Customers,0,0.0,1,0.5045927077546186,326.3245973472974,Cross-Sell Drive,Recommend bundle products based on purchase history.
16257.0,85,1,46.95,4,1,1,411,6,New Customers,0,0.0,1,0.41696344155710985,53.07669800520153,Onboarding Sequence,10% discount on 2nd purchase within 30 days.
16258.0,36,14,10480.07,5,5,5,555,15,Champions,1,1462.45,0,0.8521434958397006,1467.011659555628,VIP Loyalty Program,"Early access to new launches, zero discount needed."
16259.0,319,3,361.94,2,3,2,232,7,At Risk,0,0.0,1,0.3067074742493485,76.69293916310316,Standard Retention Push,Automated email re-engagement.
16261.0,22,4,731.0,5,4,3,543,12,Champions,2,328.45,0,0.7053007632795923,236.27163584050493,VIP Loyalty Program,"Early access to new launches, zero discount needed."
16262.0,287,1,755.15,2,1,3,213,6,About to Sleep,0,0.0,1,0.3165501747941576,161.8686951273359,Suppress / Low-Cost Ads,Exclude from paid campaigns to save marketing budget.
16263.0,332,1,351.01,2,1,2,212,5,About to Sleep,0,0.0,1,0.23264214815754058,100.557040129357,Suppress / Low-Cost Ads,Exclude from paid campaigns to save marketing budget.
16264.0,347,2,837.53,2,3,3,233,8,At Risk,0,0.0,1,0.3144588094881069,105.178581449276,Standard Retention Push,Automated email re-engagement.
16265.0,19,10,5550.19,5,5,5,555,15,Champions,2,1384.98,0,0.8463629857492367,787.598491086586,VIP Loyalty Program,"Early access to new launches, zero discount needed."
16266.0,24,13,1657.18,5,5,4,554,14,Champions,1,100.77,0,0.8283795119355766,222.86339209194009,VIP Loyalty Program,"Early access to new launches, zero discount needed."
16267.0,500,1,186.66,1,1,1,111,3,Hibernating / Lost,0,0.0,1,0.09842661461386137,23.928269704796897,Suppress / Low-Cost Ads,Exclude from paid campaigns to save marketing budget.
16269.0,346,1,717.57,2,1,3,213,6,About to Sleep,0,0.0,1,0.2578959477605751,133.92740221094905,Suppress / Low-Cost Ads,Exclude from paid campaigns to save marketing budget.
16270.0,262,1,1141.24,2,1,3,213,6,About to Sleep,0,0.0,1,0.34344102528478615,202.52392970442725,Suppress / Low-Cost Ads,Exclude from paid campaigns to save marketing budget.
16271.0,35,8,2926.81,5,5,5,555,15,Champions,2,536.21,0,0.826999319729131,503.88885349779457,VIP Loyalty Program,"Early access to new launches, zero discount needed."
16272.0,25,1,411.7,5,1,2,512,8,New Customers,0,0.0,1,0.5335329803639215,239.84409997545387,Onboarding Sequence,10% discount on 2nd purchase within 30 days.
16273.0,557,2,336.04,1,3,2,132,6,Others / Need Attention,0,0.0,1,0.10524015321518387,23.127796642281336,Suppress / Low-Cost Ads,Exclude from paid campaigns to save marketing budget.
16274.0,282,1,715.9,2,1,3,213,6,About to Sleep,0,0.0,1,0.32184148621552156,164.57441998073554,Suppress / Low-Cost Ads,Exclude from paid campaigns to save marketing budget.
16275.0,105,3,2151.11,4,3,4,434,11,Loyal Customers,0,0.0,1,0.5822206127482827,391.3877088744289,Cross-Sell Drive,Recommend bundle products based on purchase history.
16276.0,85,3,2629.39,4,3,4,434,11,Loyal Customers,0,0.0,1,0.6056859731132849,438.78270506960536,Cross-Sell Drive,Recommend bundle products based on purchase history.
16277.0,642,1,188.69,1,1,1,111,3,Hibernating / Lost,0,0.0,1,0.05184705535675371,14.296504587323241,Suppress / Low-Cost Ads,Exclude from paid campaigns to save marketing budget.
16278.0,9,3,1117.84,5,3,3,533,11,Loyal Customers,0,0.0,1,0.6381812707574569,317.2573919699995,Cross-Sell Drive,Recommend bundle products based on purchase history.
16279.0,85,7,4554.58,4,4,5,445,13,Champions,2,1150.5,0,0.7499885653899359,583.0326443686289,VIP Loyalty Program,"Early access to new launches, zero discount needed."
16280.0,634,1,238.05,1,1,1,111,3,Hibernating / Lost,0,0.0,1,0.05379531572410989,15.048583751307058,Suppress / Low-Cost Ads,Exclude from paid campaigns to save marketing budget.
16281.0,332,2,1361.96,2,3,4,234,9,At Risk,1,2062.06,0,0.37715109875602637,243.9541991823626,Standard Retention Push,Automated email re-engagement.
16282.0,248,3,1307.58,2,3,4,234,9,At Risk,0,0.0,1,0.4848736669846151,236.1679931621339,Standard Retention Push,Automated email re-engagement.
16283.0,29,6,3419.36,5,4,5,545,14,Champions,2,984.46,0,0.7878446786371824,576.9368778256617,VIP Loyalty Program,"Early access to new launches, zero discount needed."
16284.0,302,1,205.8,2,1,1,211,4,About to Sleep,2,823.97,0,0.22233760230710364,56.21208114641598,Suppress / Low-Cost Ads,Exclude from paid campaigns to save marketing budget.
16285.0,555,1,176.9,1,1,1,111,3,Hibernating / Lost,0,0.0,1,0.07708561425695248,18.070054975949905,Suppress / Low-Cost Ads,Exclude from paid campaigns to save marketing budget.
16286.0,386,2,328.95,1,3,2,132,6,Others / Need Attention,0,0.0,1,0.21286803013289068,50.80612203259635,Suppress / Low-Cost Ads,Exclude from paid campaigns to save marketing budget.
16287.0,78,5,1006.98,4,4,3,443,11,Champions,0,0.0,1,0.6591135670005661,233.19940381013504,VIP Loyalty Program,"Early access to new launches, zero discount needed."
16288.0,379,1,129.85,1,1,1,111,3,Hibernating / Lost,0,0.0,1,0.16442257608941313,37.39562943716529,Suppress / Low-Cost Ads,Exclude from paid campaigns to save marketing budget.
16289.0,371,1,136.31,1,1,1,111,3,Hibernating / Lost,0,0.0,1,0.16984408877668467,44.78262849940019,Suppress / Low-Cost Ads,Exclude from paid campaigns to save marketing budget.
16290.0,373,4,2069.3,1,4,4,144,9,Can't Lose Them,0,0.0,1,0.2413073749515009,149.5543502958018,Executive Outreach,Feedback survey + customized high-value offer.
16291.0,591,1,117.72,1,1,1,111,3,Hibernating / Lost,0,0.0,1,0.0655041556214353,18.840497343502545,Suppress / Low-Cost Ads,Exclude from paid campaigns to save marketing budget.
16292.0,30,5,1253.76,5,4,4,544,13,Champions,0,0.0,1,0.7446956374639224,239.06093003844146,VIP Loyalty Program,"Early access to new launches, zero discount needed."
16293.0,0,11,3863.29,5,5,5,555,15,Champions,4,794.66,0,0.861906498518981,562.8422819119825,VIP Loyalty Program,"Early access to new launches, zero discount needed."
16294.0,385,1,126.05,1,1,1,111,3,Hibernating / Lost,0,0.0,1,0.16044830099434193,36.491735809712225,Suppress / Low-Cost Ads,Exclude from paid campaigns to save marketing budget.
16296.0,535,4,1313.67,1,4,4,144,9,Can't Lose Them,0,0.0,1,0.12628692607614633,38.76314551818696,Executive Outreach,Feedback survey + customized high-value offer.
16297.0,177,1,301.9,3,1,2,312,6,Others / Need Attention,0,0.0,1,0.3075656166310474,92.49196635622647,Suppress / Low-Cost Ads,Exclude from paid campaigns to save marketing budget.
16298.0,95,5,601.8,4,4,3,443,11,Champions,2,483.9,0,0.6402906570648466,172.9523738600926,VIP Loyalty Program,"Early access to new launches, zero discount needed."
16299.0,386,1,193.65,1,1,1,111,3,Hibernating / Lost,0,0.0,1,0.15979237262204282,41.56240958652954,Suppress / Low-Cost Ads,Exclude from paid campaigns to save marketing budget.
16300.0,339,3,1392.43,2,3,4,234,9,At Risk,0,0.0,1,0.3766934785288183,225.15458432159392,Standard Retention Push,Automated email re-engagement.
16301.0,645,1,107.33,1,1,1,111,3,Hibernating / Lost,0,0.0,1,0.05113418262575675,10.317185847280502,Suppress / Low-Cost Ads,Exclude from paid campaigns to save marketing budget.
16302.0,35,1,233.22,5,1,1,511,7,New Customers,0,0.0,1,0.4702693861233421,135.2648091834131,Onboarding Sequence,10% discount on 2nd purchase within 30 days.
16303.0,24,6,6603.97,5,4,5,545,14,Champions,1,1324.3,0,0.7918190086368577,909.3329186000062,VIP Loyalty Program,"Early access to new launches, zero discount needed."
16304.0,603,1,381.66,1,1,2,112,4,Hibernating / Lost,0,0.0,1,0.07504728506179625,27.856540279058756,Suppress / Low-Cost Ads,Exclude from paid campaigns to save marketing budget.
16305.0,47,1,361.22,4,1,2,412,7,New Customers,0,0.0,1,0.5136111036314974,223.54888949364238,Onboarding Sequence,10% discount on 2nd purchase within 30 days.
16306.0,122,7,1192.82,3,4,4,344,11,Loyal Customers,0,0.0,1,0.6507715513551932,217.59391387126257,Cross-Sell Drive,Recommend bundle products based on purchase history.
16307.0,338,3,1194.92,2,3,4,234,9,At Risk,0,0.0,1,0.3778432245807063,172.93376553122965,Standard Retention Push,Automated email re-engagement.
16308.0,16,6,4160.0,5,4,5,545,14,Champions,1,960.0,0,0.7982165514348908,658.9610969395517,VIP Loyalty Program,"Early access to new launches, zero discount needed."
16309.0,15,2,706.57,5,3,3,533,11,Loyal Customers,0,0.0,1,0.623910463233468,257.4804363504494,Cross-Sell Drive,Recommend bundle products based on purchase history.
16310.0,323,2,460.08,2,3,2,232,7,At Risk,0,0.0,1,0.2958407086920086,78.52342312748257,Standard Retention Push,Automated email re-engagement.
16312.0,341,1,171.15,2,1,1,211,4,About to Sleep,0,0.0,1,0.19123904472385278,44.82937685609071,Suppress / Low-Cost Ads,Exclude from paid campaigns to save marketing budget.
16314.0,298,3,1491.4,2,3,4,234,9,At Risk,0,0.0,1,0.42458160196872763,249.93818297763434,Standard Retention Push,Automated email re-engagement.
16315.0,239,2,402.71,3,3,2,332,8,Loyal Customers,0,0.0,1,0.3241680788144782,86.04220605647835,Cross-Sell Drive,Recommend bundle products based on purchase history.
16316.0,66,12,5018.81,4,5,5,455,14,Champions,1,726.1,0,0.8276542677654007,757.6658033686396,VIP Loyalty Program,"Early access to new launches, zero discount needed."
16317.0,28,5,2192.51,5,4,4,544,13,Champions,0,0.0,1,0.7465202014359409,489.5185879774139,VIP Loyalty Program,"Early access to new launches, zero discount needed."
16319.0,126,1,404.4,3,1,2,312,6,Others / Need Attention,0,0.0,1,0.36280208618670196,177.88549608301972,Suppress / Low-Cost Ads,Exclude from paid campaigns to save marketing budget.
16320.0,81,6,5628.99,4,4,5,445,13,Champions,0,0.0,1,0.7475812595659501,791.2181642799569,VIP Loyalty Program,"Early access to new launches, zero discount needed."
16321.0,214,5,454.55,3,4,2,342,9,Loyal Customers,2,150.0,0,0.42576515816527605,92.6929548873063,Cross-Sell Drive,Recommend bundle products based on purchase history.
16323.0,105,2,353.66,4,3,2,432,9,Loyal Customers,0,0.0,1,0.4726586749021885,121.12715463159716,Cross-Sell Drive,Recommend bundle products based on purchase history.
16324.0,37,3,428.68,4,3,2,432,9,Loyal Customers,0,0.0,1,0.5630969829797197,149.80327800157866,Cross-Sell Drive,Recommend bundle products based on purchase history.
16325.0,64,11,3419.28,4,5,5,455,14,Champions,1,178.22,0,0.8244648135274186,469.2433595322887,VIP Loyalty Program,"Early access to new launches, zero discount needed."
16326.0,5,18,3254.0,5,5,5,555,15,Champions,6,1572.99,0,0.8841071730622541,520.840926639256,VIP Loyalty Program,"Early access to new launches, zero discount needed."
16327.0,108,14,9356.76,3,5,5,355,13,Loyal Customers,2,1374.58,0,0.7919406246773066,1115.2219776084119,Cross-Sell Drive,Recommend bundle products based on purchase history.
16328.0,472,1,310.83,1,2,2,122,5,Hibernating / Lost,0,0.0,1,0.1602479519275508,42.96991500520485,Suppress / Low-Cost Ads,Exclude from paid campaigns to save marketing budget.
16329.0,336,4,1703.07,2,4,4,244,10,At Risk,0,0.0,1,0.4404097223412279,250.2685006616417,Standard Retention Push,Automated email re-engagement.
16330.0,21,6,431.38,5,4,2,542,11,Champions,1,202.95,0,0.6763660951871242,160.33334558383962,VIP Loyalty Program,"Early access to new launches, zero discount needed."
16331.0,341,6,2037.7,2,4,4,244,10,At Risk,0,0.0,1,0.4502623599470268,286.57394538597316,Standard Retention Push,Automated email re-engagement.
16332.0,39,7,1076.48,4,4,3,443,11,Champions,4,933.93,0,0.7137160965950673,240.54742853999252,VIP Loyalty Program,"Early access to new launches, zero discount needed."
16333.0,7,18,15619.6,5,5,5,555,15,Champions,4,11007.2,0,0.8829444713046273,1949.2182251671877,VIP Loyalty Program,"Early access to new launches, zero discount needed."
16334.0,401,1,277.48,1,2,2,122,5,Hibernating / Lost,0,0.0,1,0.2123719853091992,57.73623240507139,Suppress / Low-Cost Ads,Exclude from paid campaigns to save marketing budget.
16335.0,460,7,2774.0,1,4,5,145,10,Can't Lose Them,0,0.0,1,0.21958824946985378,134.4045449894277,Executive Outreach,Feedback survey + customized high-value offer.
16336.0,329,4,3517.69,2,4,5,245,11,At Risk,0,0.0,1,0.49977095349265344,368.34142664944557,Standard Retention Push,Automated email re-engagement.
16338.0,66,1,214.8,4,2,1,421,7,Promising / Potential,0,0.0,1,0.44470813014847155,101.16716328261951,Cross-Sell Drive,Recommend bundle products based on purchase history.
16339.0,193,1,109.95,3,2,1,321,6,Promising / Potential,0,0.0,1,0.3072129402810745,50.85426378269779,Cross-Sell Drive,Recommend bundle products based on purchase history.
16340.0,16,3,1526.06,5,3,4,534,12,Loyal Customers,0,0.0,1,0.6765747242891089,448.8267703390214,Cross-Sell Drive,Recommend bundle products based on purchase history.
16341.0,110,4,2676.57,3,4,4,344,11,Loyal Customers,3,1174.22,0,0.642046788166796,424.21142776195364,Cross-Sell Drive,Recommend bundle products based on purchase history.
16342.0,16,3,283.71,5,3,2,532,10,Loyal Customers,1,38.7,0,0.581460573896738,112.31912089280392,Cross-Sell Drive,Recommend bundle products based on purchase history.
16343.0,316,1,316.59,2,2,2,222,6,About to Sleep,2,370.48,0,0.2894322998874955,114.26717447144952,Suppress / Low-Cost Ads,Exclude from paid campaigns to save marketing budget.
16344.0,67,4,842.42,4,4,3,443,11,Champions,0,0.0,1,0.6639144678264828,205.3070041149882,VIP Loyalty Program,"Early access to new launches, zero discount needed."
16345.0,392,1,623.33,1,2,3,123,6,Hibernating / Lost,1,575.41,0,0.25689305467318957,109.48233035217218,Suppress / Low-Cost Ads,Exclude from paid campaigns to save marketing budget.
16346.0,294,1,224.51,2,2,1,221,5,About to Sleep,0,0.0,1,0.2697789020172765,57.08934606167429,Suppress / Low-Cost Ads,Exclude from paid campaigns to save marketing budget.
16347.0,297,9,2621.76,2,5,4,254,11,At Risk,2,887.65,0,0.5813611175522359,289.8590746749835,Standard Retention Push,Automated email re-engagement.
16348.0,37,5,1103.91,4,4,3,443,11,Champions,3,694.31,0,0.7024433490788251,241.48254497569792,VIP Loyalty Program,"Early access to new launches, zero discount needed."
16349.0,199,1,53.5,3,2,1,321,6,Promising / Potential,0,0.0,1,0.30103208732615705,40.30037450454082,Cross-Sell Drive,Recommend bundle products based on purchase history.
16350.0,242,6,1514.12,3,4,4,344,11,Loyal Customers,3,739.77,0,0.5014957857297277,210.6812445791193,Cross-Sell Drive,Recommend bundle products based on purchase history.
16351.0,241,13,3330.03,3,5,5,355,13,Loyal Customers,0,0.0,1,0.658747785380521,335.62869373276516,Cross-Sell Drive,Recommend bundle products based on purchase history.
16353.0,0,29,6791.56,5,5,5,555,15,Champions,9,3207.9,0,0.9175356982677637,1301.3175885843095,VIP Loyalty Program,"Early access to new launches, zero discount needed."
16354.0,288,3,733.71,2,3,3,233,8,At Risk,2,395.8,0,0.38700050899545724,127.493225698426,Standard Retention Push,Automated email re-engagement.
16355.0,284,1,416.35,2,2,2,222,6,About to Sleep,0,0.0,1,0.32249051454024,130.31867981319658,Suppress / Low-Cost Ads,Exclude from paid campaigns to save marketing budget.
16356.0,106,6,415.87,4,4,2,442,10,Champions,0,0.0,1,0.5867386298287462,115.49602856994287,VIP Loyalty Program,"Early access to new launches, zero discount needed."
16357.0,71,3,467.44,4,3,2,432,9,Loyal Customers,1,400.93,0,0.5220338007670275,138.87905093844248,Cross-Sell Drive,Recommend bundle products based on purchase history.
16358.0,93,2,1354.3,4,3,4,434,11,Loyal Customers,3,1565.35,0,0.5886254150182428,360.96946289725696,Cross-Sell Drive,Recommend bundle products based on purchase history.
16359.0,3,14,2358.06,5,5,4,554,14,Champions,2,339.69,0,0.8466393584562008,348.4418486752163,VIP Loyalty Program,"Early access to new launches, zero discount needed."
16362.0,0,4,592.22,5,4,3,543,12,Champions,2,354.72,0,0.72706910028179,273.05144746561695,VIP Loyalty Program,"Early access to new launches, zero discount needed."
16364.0,46,1,347.55,4,2,2,422,8,Promising / Potential,1,359.49,0,0.519993284310599,230.26676375463873,Cross-Sell Drive,Recommend bundle products based on purchase history.
16365.0,32,13,2629.34,5,5,4,554,14,Champions,2,677.86,0,0.822752990763421,362.76709472860733,VIP Loyalty Program,"Early access to new launches, zero discount needed."
16366.0,491,3,1220.83,1,3,4,134,8,Others / Need Attention,1,327.3,0,0.20141469792017208,79.07879784904698,Suppress / Low-Cost Ads,Exclude from paid campaigns to save marketing budget.
16367.0,271,2,728.82,2,3,3,233,8,At Risk,1,633.58,0,0.39907913184138155,131.472400280441,Standard Retention Push,Automated email re-engagement.
16368.0,344,1,142.78,2,2,1,221,5,About to Sleep,2,497.43,0,0.22457866198777543,48.834056081543494,Suppress / Low-Cost Ads,Exclude from paid campaigns to save marketing budget.
16369.0,105,5,1465.6,4,4,4,444,12,Champions,2,1199.21,0,0.6753662249616699,291.19426704759167,VIP Loyalty Program,"Early access to new launches, zero discount needed."
16370.0,26,3,953.11,5,3,3,533,11,Loyal Customers,1,367.45,0,0.6188637255937259,253.7198224237424,Cross-Sell Drive,Recommend bundle products based on purchase history.
16371.0,357,1,157.2,1,2,1,121,4,Hibernating / Lost,0,0.0,1,0.21396843421595102,46.52688916968689,Suppress / Low-Cost Ads,Exclude from paid campaigns to save marketing budget.
16372.0,318,3,960.68,2,3,3,233,8,At Risk,2,367.93,0,0.35296431936907235,143.44777825799272,Standard Retention Push,Automated email re-engagement.
16373.0,291,2,309.49,2,3,2,232,7,At Risk,0,0.0,1,0.3292986523553232,60.79656484883104,Standard Retention Push,Automated email re-engagement.
16374.0,171,4,1454.72,3,4,4,344,11,Loyal Customers,1,316.73,0,0.5713616310025176,247.6158246574175,Cross-Sell Drive,Recommend bundle products based on purchase history.
16375.0,379,2,104.0,1,3,1,131,5,Others / Need Attention,0,0.0,1,0.1856779165701109,23.659050503832727,Suppress / Low-Cost Ads,Exclude from paid campaigns to save marketing budget.
16377.0,176,2,1308.48,3,3,4,334,10,Loyal Customers,0,0.0,1,0.4953514234642661,249.6996117584743,Cross-Sell Drive,Recommend bundle products based on purchase history.
16378.0,156,3,362.95,3,3,2,332,8,Loyal Customers,0,0.0,1,0.42594407115124866,110.62517071162917,Cross-Sell Drive,Recommend bundle products based on purchase history.
16381.0,304,2,258.7,2,3,1,231,6,At Risk,0,0.0,1,0.27301517572681844,51.5577793723965,Standard Retention Push,Automated email re-engagement.
16382.0,317,2,353.1,2,3,2,232,7,At Risk,0,0.0,1,0.301965367102658,76.87609898592177,Standard Retention Push,Automated email re-engagement.
16383.0,177,6,2615.94,3,4,4,344,11,Loyal Customers,1,358.9,0,0.5798905640609766,371.9430173174243,Cross-Sell Drive,Recommend bundle products based on purchase history.
16384.0,172,3,1183.55,3,3,4,334,10,Loyal Customers,1,175.4,0,0.5082578461307881,229.10131710705576,Cross-Sell Drive,Recommend bundle products based on purchase history.
16385.0,67,4,749.57,4,4,3,443,11,Champions,1,281.04,0,0.6639170826784493,202.21617492769153,VIP Loyalty Program,"Early access to new launches, zero discount needed."
16386.0,162,2,846.49,3,3,3,333,9,Loyal Customers,1,256.1,0,0.46130220719955184,154.29401342468634,Cross-Sell Drive,Recommend bundle products based on purchase history.
16387.0,231,5,918.55,3,4,3,343,10,Loyal Customers,0,0.0,1,0.45580289626612114,135.96729048143422,Cross-Sell Drive,Recommend bundle products based on purchase history.
16388.0,562,1,186.05,1,2,1,121,4,Hibernating / Lost,0,0.0,1,0.09118082408903883,19.81441692478888,Suppress / Low-Cost Ads,Exclude from paid campaigns to save marketing budget.
16389.0,114,2,670.17,3,3,3,333,9,Loyal Customers,2,711.9,0,0.5196471920717202,172.3222295552013,Cross-Sell Drive,Recommend bundle products based on purchase history.
16390.0,445,3,467.5,1,3,2,132,6,Others / Need Attention,0,0.0,1,0.17323523956691744,43.22115716833153,Suppress / Low-Cost Ads,Exclude from paid campaigns to save marketing budget.
16391.0,309,4,1103.61,2,4,3,243,9,At Risk,0,0.0,1,0.4224576569675903,138.64024393601989,Standard Retention Push,Automated email re-engagement.
16392.0,178,3,763.05,3,3,3,333,9,Loyal Customers,0,0.0,1,0.44995417574436036,148.23264556171,Cross-Sell Drive,Recommend bundle products based on purchase history.
16393.0,3,19,4280.72,5,5,5,555,15,Champions,4,1280.94,0,0.8883164347115917,697.6530018235727,VIP Loyalty Program,"Early access to new launches, zero discount needed."
16394.0,80,3,933.1,4,3,3,433,10,Loyal Customers,2,622.24,0,0.5619409350139251,199.28937812447708,Cross-Sell Drive,Recommend bundle products based on purchase history.
16395.0,77,12,3018.2,4,5,5,455,14,Champions,2,519.65,0,0.8199173046947473,405.6535500250056,VIP Loyalty Program,"Early access to new launches, zero discount needed."
16396.0,385,1,137.8,1,2,1,121,4,Hibernating / Lost,0,0.0,1,0.19193342578589323,45.23819480867664,Suppress / Low-Cost Ads,Exclude from paid campaigns to save marketing budget.
16397.0,537,1,127.88,1,2,1,121,4,Hibernating / Lost,0,0.0,1,0.10178277149088844,20.691794386021243,Suppress / Low-Cost Ads,Exclude from paid campaigns to save marketing budget.
16398.0,63,2,1705.8,4,3,4,434,11,Loyal Customers,0,0.0,1,0.6234714675805326,414.89563851926806,Cross-Sell Drive,Recommend bundle products based on purchase history.
16399.0,144,2,411.66,3,3,2,332,8,Loyal Customers,1,230.16,0,0.4323828827208389,110.03970332637483,Cross-Sell Drive,Recommend bundle products based on purchase history.
16400.0,3,9,3159.44,5,5,5,555,15,Champions,0,0.0,1,0.8522580672124127,527.7939147430264,VIP Loyalty Program,"Early access to new launches, zero discount needed."
16401.0,40,18,5206.25,4,5,5,455,14,Champions,5,1642.9,0,0.8685830315836446,777.2230329993573,VIP Loyalty Program,"Early access to new launches, zero discount needed."
16402.0,173,2,511.4,3,3,2,332,8,Loyal Customers,0,0.0,1,0.3981098475608661,117.99073674312295,Cross-Sell Drive,Recommend bundle products based on purchase history.
16403.0,221,1,177.5,3,2,1,321,6,Promising / Potential,0,0.0,1,0.27898137296150294,57.738196915858026,Cross-Sell Drive,Recommend bundle products based on purchase history.
16405.0,211,2,167.25,3,3,1,331,7,Loyal Customers,0,0.0,1,0.30937295267946385,47.004858509237934,Cross-Sell Drive,Recommend bundle products based on purchase history.
16406.0,359,2,389.61,1,3,2,132,6,Others / Need Attention,1,163.07,0,0.23572348141924548,60.52421809661873,Suppress / Low-Cost Ads,Exclude from paid campaigns to save marketing budget.
16407.0,19,12,2224.34,5,5,4,554,14,Champions,2,597.31,0,0.827258518592061,346.8542994985449,VIP Loyalty Program,"Early access to new launches, zero discount needed."
16408.0,500,1,231.93,1,2,1,121,4,Hibernating / Lost,0,0.0,1,0.1194725956645799,30.576202645111685,Suppress / Low-Cost Ads,Exclude from paid campaigns to save marketing budget.
16409.0,59,10,4719.43,4,5,5,455,14,Champions,2,989.61,0,0.8233102461809811,737.180375486374,VIP Loyalty Program,"Early access to new launches, zero discount needed."
16410.0,643,1,130.32,1,2,1,121,4,Hibernating / Lost,0,0.0,1,0.06334747341450653,12.878141119238988,Suppress / Low-Cost Ads,Exclude from paid campaigns to save marketing budget.
16411.0,278,3,827.04,2,3,3,233,8,At Risk,1,83.15,0,0.3986098829185648,133.32500401335483,Standard Retention Push,Automated email re-engagement.
16412.0,302,4,495.4,2,4,2,242,8,At Risk,1,151.83,0,0.3814818957391969,94.40622168248127,Standard Retention Push,Automated email re-engagement.
16413.0,284,1,266.78,2,2,1,221,5,About to Sleep,1,262.2,0,0.2794763201301016,74.81346878066665,Suppress / Low-Cost Ads,Exclude from paid campaigns to save marketing budget.
16414.0,189,4,484.26,3,4,2,342,9,Loyal Customers,1,75.45,0,0.4477986795286456,102.37828556873696,Cross-Sell Drive,Recommend bundle products based on purchase history.
16415.0,492,2,509.09,1,3,2,132,6,Others / Need Attention,1,210.35,0,0.13897227924575262,41.09631720509009,Suppress / Low-Cost Ads,Exclude from paid campaigns to save marketing budget.
16416.0,299,6,1921.48,2,4,4,244,10,At Risk,3,1051.4,0,0.5012246899981297,313.94911056650534,Standard Retention Push,Automated email re-engagement.
16417.0,401,1,35.7,1,2,1,121,4,Hibernating / Lost,0,0.0,1,0.1801419924048715,91.06247180687281,Suppress / Low-Cost Ads,Exclude from paid campaigns to save marketing budget.
16418.0,1,4,795.03,5,4,3,543,12,Champions,1,306.91,0,0.7260967545845152,302.9423141614848,VIP Loyalty Program,"Early access to new launches, zero discount needed."
16419.0,21,8,1487.42,5,5,4,554,14,Champions,0,0.0,1,0.8066090307416646,319.28259601641025,VIP Loyalty Program,"Early access to new launches, zero discount needed."
16420.0,305,1,75.0,2,2,1,221,5,About to Sleep,0,0.0,1,0.2593626324539813,47.315446175891644,Suppress / Low-Cost Ads,Exclude from paid campaigns to save marketing budget.
16421.0,285,3,526.27,2,3,2,232,7,At Risk,0,0.0,1,0.3429816715443863,107.93762896584006,Standard Retention Push,Automated email re-engagement.
16422.0,8,97,58084.77,5,5,5,555,15,Champions,12,5566.7,0,0.9895357252656168,8601.405762127293,VIP Loyalty Program,"Early access to new launches, zero discount needed."
16424.0,100,2,443.06,4,3,2,432,9,Loyal Customers,0,0.0,1,0.4787275570519758,127.90541841231176,Cross-Sell Drive,Recommend bundle products based on purchase history.
16425.0,211,1,302.7,3,2,2,322,7,Promising / Potential,0,0.0,1,0.33267375487640305,84.42664058303662,Cross-Sell Drive,Recommend bundle products based on purchase history.
16426.0,1,4,689.83,5,4,3,543,12,Champions,6,1218.42,0,0.726099395230569,285.7311688565107,VIP Loyalty Program,"Early access to new launches, zero discount needed."
16427.0,172,2,241.06,3,3,1,331,7,Loyal Customers,0,0.0,1,0.35133557237967905,66.34826023206584,Cross-Sell Drive,Recommend bundle products based on purchase history.
16428.0,322,3,660.28,2,3,3,233,8,At Risk,0,0.0,1,0.3485378991028659,114.82212555771734,Standard Retention Push,Automated email re-engagement.
16429.0,15,1,284.55,5,2,2,522,9,Promising / Potential,0,0.0,1,0.5507561063575753,209.50708283668956,Cross-Sell Drive,Recommend bundle products based on purchase history.
16430.0,290,6,817.09,2,4,3,243,9,At Risk,1,300.85,0,0.4611108834887335,118.73730339561034,Standard Retention Push,Automated email re-engagement.
16431.0,122,3,642.81,3,3,3,333,9,Loyal Customers,0,0.0,1,0.5179470565472784,172.9913367948414,Cross-Sell Drive,Recommend bundle products based on purchase history.
16433.0,317,1,200.26,2,2,1,221,5,About to Sleep,1,184.26,0,0.24829492354279314,56.11406616805433,Suppress / Low-Cost Ads,Exclude from paid campaigns to save marketing budget.
16434.0,5,9,2125.83,5,5,4,554,14,Champions,3,615.91,0,0.8231861924606485,417.58914094317856,VIP Loyalty Program,"Early access to new launches, zero discount needed."
16435.0,421,3,1011.57,1,3,3,133,7,Others / Need Attention,0,0.0,1,0.2242003040548649,90.91380494585833,Suppress / Low-Cost Ads,Exclude from paid campaigns to save marketing budget.
16436.0,577,3,329.34,1,3,2,132,6,Others / Need Attention,0,0.0,1,0.09925317523122779,22.316625009631746,Suppress / Low-Cost Ads,Exclude from paid campaigns to save marketing budget.
16437.0,290,2,301.25,2,3,2,232,7,At Risk,0,0.0,1,0.33037513049977896,60.995308976235286,Standard Retention Push,Automated email re-engagement.
16439.0,631,1,310.7,1,2,2,122,5,Hibernating / Lost,0,0.0,1,0.08087307537877864,20.471878124104084,Suppress / Low-Cost Ads,Exclude from paid campaigns to save marketing budget.
16440.0,123,2,488.76,3,3,2,332,8,Loyal Customers,4,3368.21,0,0.45762739372630845,172.0360644629263,Cross-Sell Drive,Recommend bundle products based on purchase history.
16441.0,200,4,864.23,3,4,3,343,10,Loyal Customers,1,170.2,0,0.4853928337829331,142.98333897331548,Cross-Sell Drive,Recommend bundle products based on purchase history.
16442.0,136,4,719.71,3,4,3,343,10,Loyal Customers,1,179.76,0,0.5629600575598395,160.82917110593763,Cross-Sell Drive,Recommend bundle products based on purchase history.
16443.0,429,1,162.24,1,2,1,121,4,Hibernating / Lost,0,0.0,1,0.16087505305955885,34.98186913082339,Suppress / Low-Cost Ads,Exclude from paid campaigns to save marketing budget.
16444.0,4,16,3543.31,5,5,5,555,15,Champions,1,113.27,0,0.8778760942680477,517.170103743548,VIP Loyalty Program,"Early access to new launches, zero discount needed."
16445.0,295,3,372.22,2,3,2,232,7,At Risk,1,230.51,0,0.3320994743267852,83.04226965116673,Standard Retention Push,Automated email re-engagement.
16446.0,114,1,2.9,3,2,1,321,6,Promising / Potential,1,168469.6,0,0.3944790712497156,30846.92056959705,Cross-Sell Drive,Recommend bundle products based on purchase history.
16447.0,44,3,775.14,4,3,3,433,10,Loyal Customers,0,0.0,1,0.6045223096143032,216.28707503341354,Cross-Sell Drive,Recommend bundle products based on purchase history.
16448.0,107,2,367.87,3,3,2,332,8,Loyal Customers,0,0.0,1,0.47702122711418926,127.4495247804807,Cross-Sell Drive,Recommend bundle products based on purchase history.
16449.0,106,2,707.69,4,3,3,433,10,Loyal Customers,0,0.0,1,0.5225700640243172,173.29149450892467,Cross-Sell Drive,Recommend bundle products based on purchase history.
16450.0,58,3,1505.73,4,3,4,434,11,Loyal Customers,0,0.0,1,0.6366415139010406,383.8672204310674,Cross-Sell Drive,Recommend bundle products based on purchase history.
16451.0,470,2,746.18,1,3,3,133,7,Others / Need Attention,1,266.97,0,0.1806372469369122,59.376273642684275,Suppress / Low-Cost Ads,Exclude from paid campaigns to save marketing budget.
16452.0,539,2,332.17,1,3,2,132,6,Others / Need Attention,0,0.0,1,0.1137829390735905,25.005177167258367,Suppress / Low-Cost Ads,Exclude from paid campaigns to save marketing budget.
16453.0,439,2,251.71,1,3,1,131,5,Others / Need Attention,0,0.0,1,0.14548059321048512,27.47340439132506,Suppress / Low-Cost Ads,Exclude from paid campaigns to save marketing budget.
16454.0,515,2,24.05,1,3,1,131,5,Others / Need Attention,2,6.9,0,0.1052217386617591,57.49975538704595,Suppress / Low-Cost Ads,Exclude from paid campaigns to save marketing budget.
16455.0,3,10,3866.57,5,5,5,555,15,Champions,1,517.8,0,0.8562480465516903,573.969473715593,VIP Loyalty Program,"Early access to new launches, zero discount needed."
16456.0,8,13,6862.91,5,5,5,555,15,Champions,0,0.0,1,0.8648488932174233,1066.7656073538112,VIP Loyalty Program,"Early access to new launches, zero discount needed."
16457.0,127,1,208.36,3,2,1,321,6,Promising / Potential,0,0.0,1,0.37945903288856675,90.0032075962019,Cross-Sell Drive,Recommend bundle products based on purchase history.
16458.0,15,23,4384.1,5,5,5,555,15,Champions,7,1331.24,0,0.8950851128491182,791.9811339618213,VIP Loyalty Program,"Early access to new launches, zero discount needed."
16459.0,638,1,71.79,1,2,1,121,4,Hibernating / Lost,0,0.0,1,0.06480784585690191,11.302607778078018,Suppress / Low-Cost Ads,Exclude from paid campaigns to save marketing budget.
16461.0,86,3,1615.22,4,3,4,434,11,Loyal Customers,0,0.0,1,0.6045531308108223,393.5466632483185,Cross-Sell Drive,Recommend bundle products based on purchase history.
16462.0,94,2,68.0,4,3,1,431,8,Loyal Customers,1,68.0,0,0.435213751095742,51.0112327811196,Cross-Sell Drive,Recommend bundle products based on purchase history.
16463.0,113,1,319.37,3,2,2,322,7,Promising / Potential,3,1103.03,0,0.4454765975116617,214.69348716556382,Cross-Sell Drive,Recommend bundle products based on purchase history.
16464.0,51,1,385.0,4,2,2,422,8,Promising / Potential,2,929.68,0,0.5139130210949897,227.57426257110723,Cross-Sell Drive,Recommend bundle products based on purchase history.
16465.0,329,2,746.24,2,3,3,233,8,At Risk,0,0.0,1,0.33365426544400634,109.91886982245435,Standard Retention Push,Automated email re-engagement.
16466.0,12,13,3237.31,5,5,5,555,15,Champions,2,601.28,0,0.8626104931481217,515.5506981018036,VIP Loyalty Program,"Early access to new launches, zero discount needed."
16467.0,417,7,2869.16,1,4,5,145,10,Can't Lose Them,0,0.0,1,0.25755495494828073,159.5326462799007,Executive Outreach,Feedback survey + customized high-value offer.
16468.0,379,2,712.62,1,3,3,133,7,Others / Need Attention,1,74.9,0,0.2556009673350652,84.01718492267598,Suppress / Low-Cost Ads,Exclude from paid campaigns to save marketing budget.
16469.0,155,3,455.36,3,3,2,332,8,Loyal Customers,2,373.55,0,0.42713217279716154,110.93374161636471,Cross-Sell Drive,Recommend bundle products based on purchase history.
16470.0,24,10,2235.34,5,5,4,554,14,Champions,1,223.26,0,0.8142248603901825,370.7163408970251,VIP Loyalty Program,"Early access to new launches, zero discount needed."
16471.0,183,4,1189.98,3,4,4,344,11,Loyal Customers,0,0.0,1,0.5570048343714704,192.18950742635388,Cross-Sell Drive,Recommend bundle products based on purchase history.
16472.0,343,2,789.6,2,3,3,233,8,At Risk,0,0.0,1,0.31867367849221606,111.3109352604092,Standard Retention Push,Automated email re-engagement.
16473.0,73,4,470.83,4,4,2,442,10,Champions,0,0.0,1,0.6098998430160132,156.55345372431577,VIP Loyalty Program,"Early access to new launches, zero discount needed."
16474.0,54,1,355.57,4,2,2,422,8,Promising / Potential,6,1515.93,0,0.5102644069090018,225.9585598185023,Cross-Sell Drive,Recommend bundle products based on purchase history.
16475.0,52,3,459.3,4,3,2,432,9,Loyal Customers,1,85.0,0,0.5450531977855757,145.0030069091362,Cross-Sell Drive,Recommend bundle products based on purchase history.
16476.0,340,1,350.35,2,2,2,222,6,About to Sleep,0,0.0,1,0.2660022394266176,109.16491587458295,Suppress / Low-Cost Ads,Exclude from paid campaigns to save marketing budget.
16477.0,40,10,3824.82,4,5,5,455,14,Champions,1,495.2,0,0.8363832553935391,534.3349742422596,VIP Loyalty Program,"Early access to new launches, zero discount needed."
16481.0,591,1,453.38,1,2,2,122,5,Hibernating / Lost,0,0.0,1,0.09658100934508951,32.95290198148091,Suppress / Low-Cost Ads,Exclude from paid campaigns to save marketing budget.
16483.0,101,1,139.35,4,2,1,421,7,Promising / Potential,0,0.0,1,0.40312079287334524,93.9873026988076,Cross-Sell Drive,Recommend bundle products based on purchase history.
16484.0,82,2,404.3,4,3,2,432,9,Loyal Customers,0,0.0,1,0.5006260894204718,136.11019545553515,Cross-Sell Drive,Recommend bundle products based on purchase history.
16485.0,341,4,1931.03,2,4,4,244,10,At Risk,1,363.65,0,0.43441193247972554,268.9001595794437,Standard Retention Push,Automated email re-engagement.
16486.0,446,1,134.36,1,2,1,121,4,Hibernating / Lost,0,0.0,1,0.15001290868804307,35.3576411157076,Suppress / Low-Cost Ads,Exclude from paid campaigns to save marketing budget.
16487.0,486,2,209.4,1,3,1,131,5,Others / Need Attention,0,0.0,1,0.11927322169887278,19.788180426779512,Suppress / Low-Cost Ads,Exclude from paid campaigns to save marketing budget.
16488.0,23,2,354.57,5,3,2,532,10,Loyal Customers,1,144.23,0,0.5652612891742648,157.4935019969216,Cross-Sell Drive,Recommend bundle products based on purchase history.
16489.0,289,2,303.7,2,3,2,232,7,At Risk,0,0.0,1,0.3314530896216079,61.194326528192796,Standard Retention Push,Automated email re-engagement.
16490.0,345,1,205.41,2,2,1,221,5,About to Sleep,0,0.0,1,0.22373053683044508,50.56257280006041,Suppress / Low-Cost Ads,Exclude from paid campaigns to save marketing budget.
16491.0,322,1,801.66,2,2,3,223,7,About to Sleep,1,731.5,0,0.32680138250737456,144.65834419252448,Suppress / Low-Cost Ads,Exclude from paid campaigns to save marketing budget.
16492.0,449,1,385.56,1,2,2,122,5,Hibernating / Lost,0,0.0,1,0.1758953179431617,69.42895986277333,Suppress / Low-Cost Ads,Exclude from paid campaigns to save marketing budget.
16493.0,82,6,1562.75,4,4,4,444,12,Champions,1,569.34,0,0.7061313059523374,398.4155634797128,VIP Loyalty Program,"Early access to new launches, zero discount needed."
16494.0,205,1,826.53,3,2,3,323,8,Promising / Potential,0,0.0,1,0.3864546720698028,169.91685473001434,Cross-Sell Drive,Recommend bundle products based on purchase history.
16495.0,185,2,246.51,3,3,1,331,7,Loyal Customers,1,437.9,0,0.33704952518823994,63.6503996928522,Cross-Sell Drive,Recommend bundle products based on purchase history.
16496.0,116,5,1916.29,3,4,4,344,11,Loyal Customers,1,414.48,0,0.6427405956104819,391.04216653643596,Cross-Sell Drive,Recommend bundle products based on purchase history.
16497.0,112,22,5280.29,3,5,5,355,13,Loyal Customers,1,1414.99,0,0.8284673582336441,787.4942686416825,Cross-Sell Drive,Recommend bundle products based on purchase history.
16498.0,70,2,100.97,4,3,1,431,8,Loyal Customers,0,0.0,1,0.4641217625130286,54.549087109572035,Cross-Sell Drive,Recommend bundle products based on purchase history.
16499.0,269,8,2578.34,2,5,4,254,11,At Risk,0,0.0,1,0.6064850467489085,310.1600238741605,Standard Retention Push,Automated email re-engagement.
16500.0,239,4,608.05,3,4,3,343,10,Loyal Customers,5,235.86,0,0.43824172426543406,123.490776544321,Cross-Sell Drive,Recommend bundle products based on purchase history.
16501.0,292,1,1237.23,2,2,4,224,8,About to Sleep,0,0.0,1,0.40807105115112985,190.37729991148987,Suppress / Low-Cost Ads,Exclude from paid campaigns to save marketing budget.
16502.0,529,2,266.5,1,3,1,131,5,Others / Need Attention,0,0.0,1,0.09897180374974979,18.690413118000446,Suppress / Low-Cost Ads,Exclude from paid campaigns to save marketing budget.
16503.0,15,11,3614.34,5,5,5,555,15,Champions,0,0.0,1,0.8529857537622474,506.1889058478387,VIP Loyalty Program,"Early access to new launches, zero discount needed."
16507.0,481,1,152.76,1,2,1,121,4,Hibernating / Lost,0,0.0,1,0.1295532625727588,28.171025840243946,Suppress / Low-Cost Ads,Exclude from paid campaigns to save marketing budget.
16508.0,539,1,248.8,1,2,1,121,4,Hibernating / Lost,0,0.0,1,0.10089456923581352,26.928605458887485,Suppress / Low-Cost Ads,Exclude from paid campaigns to save marketing budget.
16509.0,205,1,363.7,3,2,2,322,7,Promising / Potential,0,0.0,1,0.3391888846323492,137.6562678118721,Cross-Sell Drive,Recommend bundle products based on purchase history.
16510.0,281,6,2100.0,2,4,4,244,10,At Risk,0,0.0,1,0.5231127345390139,332.9402889376037,Standard Retention Push,Automated email re-engagement.
16511.0,53,5,1451.46,4,4,4,444,12,Champions,1,367.56,0,0.7282463124596444,330.59737132119983,VIP Loyalty Program,"Early access to new launches, zero discount needed."
16515.0,0,9,2839.52,5,5,5,555,15,Champions,1,376.78,0,0.8540928527094747,490.23158241297733,VIP Loyalty Program,"Early access to new launches, zero discount needed."
16517.0,186,1,162.7,3,2,1,321,6,Promising / Potential,0,0.0,1,0.3145126506774375,67.54979405202033,Cross-Sell Drive,Recommend bundle products based on purchase history.
16518.0,193,3,665.75,3,3,3,333,9,Loyal Customers,1,293.62,0,0.4319554411643892,142.30315276583033,Cross-Sell Drive,Recommend bundle products based on purchase history.
16519.0,274,3,444.88,2,3,2,232,7,At Risk,1,111.38,0,0.3551525257536905,88.80674042232953,Standard Retention Push,Automated email re-engagement.
16520.0,95,6,2482.62,4,4,4,444,12,Champions,0,0.0,1,0.6928029132498318,443.84747596327134,VIP Loyalty Program,"Early access to new launches, zero discount needed."
16521.0,324,3,1148.01,2,3,3,233,8,At Risk,0,0.0,1,0.3463161688395222,144.34723602332787,Standard Retention Push,Automated email re-engagement.
16522.0,344,2,433.36,2,3,2,232,7,At Risk,0,0.0,1,0.2749946348112422,72.99036080105907,Standard Retention Push,Automated email re-engagement.
16523.0,4,20,7743.81,5,5,5,555,15,Champions,8,4172.52,0,0.8909508161888882,1306.720583599554,VIP Loyalty Program,"Early access to new launches, zero discount needed."
16524.0,355,2,308.14,1,3,2,132,6,Others / Need Attention,0,0.0,1,0.23925209450223195,44.17177347852715,Suppress / Low-Cost Ads,Exclude from paid campaigns to save marketing budget.
16525.0,8,43,21927.54,5,5,5,555,15,Champions,5,2655.1,0,0.9436616905583615,2646.2766011489875,VIP Loyalty Program,"Early access to new launches, zero discount needed."
16526.0,80,2,717.21,4,3,3,433,10,Loyal Customers,0,0.0,1,0.5540214322318846,186.95216874706253,Cross-Sell Drive,Recommend bundle products based on purchase history.
16527.0,333,1,1044.38,2,2,3,223,7,About to Sleep,1,228.06,0,0.31512291505089074,147.54019044911124,Suppress / Low-Cost Ads,Exclude from paid campaigns to save marketing budget.
16529.0,99,4,2012.0,4,4,4,444,12,Champions,0,0.0,1,0.6747096351045208,427.17286544704666,VIP Loyalty Program,"Early access to new launches, zero discount needed."
16530.0,577,1,48.35,1,2,1,121,4,Hibernating / Lost,0,0.0,1,0.08530808915043187,10.650097644811822,Suppress / Low-Cost Ads,Exclude from paid campaigns to save marketing budget.
16531.0,36,8,1738.27,5,5,4,554,14,Champions,3,560.06,0,0.7949555911906491,340.2410896398105,VIP Loyalty Program,"Early access to new launches, zero discount needed."
16532.0,44,4,6524.64,4,4,5,445,13,Champions,1,2232.0,0,0.7687942280804307,767.9658728905949,VIP Loyalty Program,"Early access to new launches, zero discount needed."
16534.0,551,1,635.9,1,2,3,123,6,Hibernating / Lost,0,0.0,1,0.13748465571993973,53.59484699736755,Suppress / Low-Cost Ads,Exclude from paid campaigns to save marketing budget.
16535.0,294,2,407.84,2,3,2,232,7,At Risk,1,593.75,0,0.32607793842268207,86.5491299169306,Standard Retention Push,Automated email re-engagement.
16536.0,19,1,548.97,5,2,2,522,9,Promising / Potential,0,0.0,1,0.5459244667900442,329.9790341332384,Cross-Sell Drive,Recommend bundle products based on purchase history.
16537.0,550,1,23.35,1,2,1,121,4,Hibernating / Lost,0,0.0,1,0.09614131281962857,75.24664049270228,Suppress / Low-Cost Ads,Exclude from paid campaigns to save marketing budget.
16538.0,450,3,399.62,1,3,2,132,6,Others / Need Attention,0,0.0,1,0.16977738153519573,42.35844225057895,Suppress / Low-Cost Ads,Exclude from paid campaigns to save marketing budget.
16539.0,128,9,3396.81,3,5,5,355,13,Loyal Customers,1,335.2,0,0.7463705471103735,443.6606771944896,Cross-Sell Drive,Recommend bundle products based on purchase history.
16540.0,323,1,226.7,2,2,1,221,5,About to Sleep,0,0.0,1,0.2428819439713309,54.50862484282533,Suppress / Low-Cost Ads,Exclude from paid campaigns to save marketing budget.
16541.0,644,1,424.03,1,2,2,122,5,Hibernating / Lost,0,0.0,1,0.07629019131678105,26.02978798479632,Suppress / Low-Cost Ads,Exclude from paid campaigns to save marketing budget.
16542.0,310,1,137.7,2,2,1,221,5,About to Sleep,1,119.62,0,0.2547121473838104,60.03497148192971,Suppress / Low-Cost Ads,Exclude from paid campaigns to save marketing budget.
16543.0,500,1,292.21,1,2,2,122,5,Hibernating / Lost,0,0.0,1,0.14274056113794464,38.80597621900034,Suppress / Low-Cost Ads,Exclude from paid campaigns to save marketing budget.
16544.0,428,4,376.7,1,4,2,142,7,Can't Lose Them,0,0.0,1,0.13912674819279203,28.188677172109667,Executive Outreach,Feedback survey + customized high-value offer.
16545.0,73,2,689.82,4,3,3,433,10,Loyal Customers,0,0.0,1,0.5624271483259284,189.78864178263248,Cross-Sell Drive,Recommend bundle products based on purchase history.
16546.0,199,5,5606.47,3,4,5,345,12,Loyal Customers,0,0.0,1,0.5956620374341692,604.3722735780786,Cross-Sell Drive,Recommend bundle products based on purchase history.
16547.0,455,1,111.71,1,2,1,121,4,Hibernating / Lost,0,0.0,1,0.14451104121863256,26.36310530899421,Suppress / Low-Cost Ads,Exclude from paid campaigns to save marketing budget.
16548.0,508,1,30.15,1,2,1,121,4,Hibernating / Lost,0,0.0,1,0.11543790415209809,55.795360789185104,Suppress / Low-Cost Ads,Exclude from paid campaigns to save marketing budget.
16549.0,33,26,9809.07,5,5,5,555,15,Champions,8,3373.12,0,0.895842211830389,1126.428784602107,VIP Loyalty Program,"Early access to new launches, zero discount needed."
16550.0,17,18,9435.13,5,5,5,555,15,Champions,0,0.0,1,0.8779013821594362,1238.0791523143323,VIP Loyalty Program,"Early access to new launches, zero discount needed."
16551.0,4,7,2237.12,5,4,4,544,13,Champions,0,0.0,1,0.7792433856983652,428.3316624261996,VIP Loyalty Program,"Early access to new launches, zero discount needed."
16552.0,151,2,475.02,3,3,2,332,8,Loyal Customers,0,0.0,1,0.4240361787764242,107.91550076771463,Cross-Sell Drive,Recommend bundle products based on purchase history.
16553.0,72,33,16644.01,4,5,5,455,14,Champions,0,0.0,1,0.9014379823609622,1561.950561664752,VIP Loyalty Program,"Early access to new launches, zero discount needed."
16554.0,131,7,2318.73,3,4,4,344,11,Loyal Customers,1,522.99,0,0.6407152661117408,324.1074293977244,Cross-Sell Drive,Recommend bundle products based on purchase history.
16555.0,18,5,1781.77,5,4,4,544,13,Champions,1,133.91,0,0.7556320795594487,507.2166413558827,VIP Loyalty Program,"Early access to new launches, zero discount needed."
16556.0,14,16,7255.16,5,5,5,555,15,Champions,1,757.42,0,0.8725072636591596,1080.0316500596475,VIP Loyalty Program,"Early access to new launches, zero discount needed."
16557.0,46,1,101.15,4,2,1,421,7,Promising / Potential,1,180.7,0,0.4688696032219498,79.09395222005647,Cross-Sell Drive,Recommend bundle products based on purchase history.
16558.0,1,32,10220.19,5,5,5,555,15,Champions,6,3653.32,0,0.9241724937853606,1924.6297696956105,VIP Loyalty Program,"Early access to new launches, zero discount needed."
16559.0,306,1,185.2,2,2,1,221,5,About to Sleep,0,0.0,1,0.2584257739091116,56.158255636580996,Suppress / Low-Cost Ads,Exclude from paid campaigns to save marketing budget.
16560.0,267,7,2539.15,2,4,4,244,10,At Risk,1,509.23,0,0.5480423661325338,281.21795057898754,Standard Retention Push,Automated email re-engagement.
16562.0,385,1,223.86,1,2,1,121,4,Hibernating / Lost,0,0.0,1,0.19193174116675804,40.61569496263667,Suppress / Low-Cost Ads,Exclude from paid campaigns to save marketing budget.
16563.0,309,5,3345.02,2,4,5,245,11,At Risk,1,1077.74,0,0.5321112065027107,387.78188256183336,Standard Retention Push,Automated email re-engagement.
16564.0,478,1,87.8,1,2,1,121,4,Hibernating / Lost,0,0.0,1,0.13121032333541716,22.88332225035804,Suppress / Low-Cost Ads,Exclude from paid campaigns to save marketing budget.
16565.0,273,4,773.05,2,4,3,243,9,At Risk,0,0.0,1,0.46571151520935494,131.231403753793,Standard Retention Push,Automated email re-engagement.
16566.0,79,3,463.88,4,3,2,432,9,Loyal Customers,2,150.78,0,0.5123078575699763,136.29161357576012,Cross-Sell Drive,Recommend bundle products based on purchase history.
16567.0,103,2,865.6,4,3,3,433,10,Loyal Customers,0,0.0,1,0.5262080816465831,181.05587790862432,Cross-Sell Drive,Recommend bundle products based on purchase history.
16568.0,336,2,1020.9,2,3,3,233,8,At Risk,0,0.0,1,0.3261125662342885,143.4355200498684,Standard Retention Push,Automated email re-engagement.
16569.0,540,4,1331.03,1,4,4,144,9,Can't Lose Them,1,124.2,0,0.1236248871166371,37.94604586449581,Executive Outreach,Feedback survey + customized high-value offer.
16570.0,36,16,5829.98,5,5,5,555,15,Champions,4,1604.33,0,0.8601306028571992,792.6155015316359,VIP Loyalty Program,"Early access to new launches, zero discount needed."
16571.0,85,9,3723.84,4,5,5,455,14,Champions,1,524.9,0,0.7990445679766471,470.22009111198065,VIP Loyalty Program,"Early access to new launches, zero discount needed."
16572.0,36,3,1009.6,5,3,3,533,11,Loyal Customers,0,0.0,1,0.6073130682667234,248.9843199137625,Cross-Sell Drive,Recommend bundle products based on purchase history.
16573.0,199,1,292.63,3,2,2,322,7,Promising / Potential,1,370.98,0,0.3457692677381551,91.42340866178404,Cross-Sell Drive,Recommend bundle products based on purchase history.
16574.0,332,2,850.34,2,3,3,233,8,At Risk,1,451.44,0,0.3304117771710806,112.94156433969349,Standard Retention Push,Automated email re-engagement.
16576.0,329,2,540.87,2,3,2,232,7,At Risk,0,0.0,1,0.28978938325147263,89.87812970449126,Standard Retention Push,Automated email re-engagement.
16577.0,575,1,380.0,1,2,2,122,5,Hibernating / Lost,0,0.0,1,0.1035960203748445,37.40236205602907,Suppress / Low-Cost Ads,Exclude from paid campaigns to save marketing budget.
16578.0,535,1,156.6,1,2,1,121,4,Hibernating / Lost,0,0.0,1,0.10267615979259559,22.326668531946584,Suppress / Low-Cost Ads,Exclude from paid campaigns to save marketing budget.
16579.0,334,1,295.05,2,2,2,222,6,About to Sleep,0,0.0,1,0.27174626839837845,73.87794432781087,Suppress / Low-Cost Ads,Exclude from paid campaigns to save marketing budget.
16581.0,91,1,105.84,4,2,1,421,7,Promising / Potential,0,0.0,1,0.4148903400556898,68.78094351527764,Cross-Sell Drive,Recommend bundle products based on purchase history.
16582.0,22,1,313.62,5,2,2,522,9,Promising / Potential,0,0.0,1,0.542308587025313,262.56558652832007,Cross-Sell Drive,Recommend bundle products based on purchase history.
16583.0,282,2,531.4,2,3,2,232,7,At Risk,0,0.0,1,0.3390419457273698,106.6977823537763,Standard Retention Push,Automated email re-engagement.
16584.0,163,4,2839.53,3,4,5,345,12,Loyal Customers,1,324.14,0,0.6296965218897137,423.21495789683473,Cross-Sell Drive,Recommend bundle products based on purchase history.
16585.0,502,2,341.59,1,3,2,132,6,Others / Need Attention,0,0.0,1,0.13325037010612395,32.815976689271245,Suppress / Low-Cost Ads,Exclude from paid campaigns to save marketing budget.
16586.0,157,3,1462.78,3,3,4,334,10,Loyal Customers,0,0.0,1,0.5264834437536285,309.92467570293246,Cross-Sell Drive,Recommend bundle products based on purchase history.
16587.0,141,1,225.15,3,2,1,321,6,Promising / Potential,0,0.0,1,0.3635446736450699,83.5061531317523,Cross-Sell Drive,Recommend bundle products based on purchase history.
16588.0,295,4,1361.28,2,4,4,244,10,At Risk,0,0.0,1,0.4900437259217145,212.37439605349377,Standard Retention Push,Automated email re-engagement.
16589.0,15,3,367.8,5,3,2,532,10,Loyal Customers,1,244.56,0,0.5826424426486603,195.3081462833124,Cross-Sell Drive,Recommend bundle products based on purchase history.
16590.0,309,2,605.9,2,3,3,233,8,At Risk,0,0.0,1,0.3556472081492964,117.16421225204535,Standard Retention Push,Automated email re-engagement.
16592.0,45,22,5908.56,4,5,5,455,14,Champions,6,1899.35,0,0.8800185409976712,812.1651831591347,VIP Loyalty Program,"Early access to new launches, zero discount needed."
16593.0,98,7,996.61,4,4,3,443,11,Champions,1,74.53,0,0.6516375019051234,205.7552288605964,VIP Loyalty Program,"Early access to new launches, zero discount needed."
16595.0,285,4,1450.02,2,4,4,244,10,At Risk,1,360.16,0,0.5022119055025229,217.64782300061782,Standard Retention Push,Automated email re-engagement.
16596.0,275,3,450.13,2,3,2,232,7,At Risk,1,129.5,0,0.3540380851217192,88.528071870812,Standard Retention Push,Automated email re-engagement.
16598.0,194,1,145.05,3,2,1,321,6,Promising / Potential,0,0.0,1,0.3061767045748587,65.75943222954648,Cross-Sell Drive,Recommend bundle products based on purchase history.
16599.0,294,1,172.8,2,2,1,221,5,About to Sleep,0,0.0,1,0.2697801877231658,56.52849114631798,Suppress / Low-Cost Ads,Exclude from paid campaigns to save marketing budget.
16600.0,162,9,1577.35,3,5,4,354,12,Loyal Customers,4,576.06,0,0.6702474154807463,273.2605717683691,Cross-Sell Drive,Recommend bundle products based on purchase history.
16601.0,299,2,439.45,2,3,2,232,7,At Risk,1,244.8,0,0.3207501293680677,85.13499794507456,Standard Retention Push,Automated email re-engagement.
16602.0,297,1,235.25,2,2,1,221,5,About to Sleep,1,528.08,0,0.26691082308791825,68.77690829776448,Suppress / Low-Cost Ads,Exclude from paid campaigns to save marketing budget.
16603.0,0,1,296.62,5,2,2,522,9,Promising / Potential,1,185.85,0,0.5687513431397035,180.3607763600472,Cross-Sell Drive,Recommend bundle products based on purchase history.
16604.0,471,2,432.45,1,3,2,132,6,Others / Need Attention,0,0.0,1,0.15166581398474233,40.16597753549586,Suppress / Low-Cost Ads,Exclude from paid campaigns to save marketing budget.
16605.0,633,1,60.48,1,2,1,121,4,Hibernating / Lost,0,0.0,1,0.06629913283508149,12.874603324221477,Suppress / Low-Cost Ads,Exclude from paid campaigns to save marketing budget.
16606.0,313,2,357.66,2,3,2,232,7,At Risk,0,0.0,1,0.30608614011494406,81.24281340444516,Standard Retention Push,Automated email re-engagement.
16607.0,37,21,4626.74,4,5,5,455,14,Champions,4,1080.13,0,0.8807530957938197,656.3859746469146,VIP Loyalty Program,"Early access to new launches, zero discount needed."
16608.0,362,2,1288.72,1,3,4,134,8,Others / Need Attention,0,0.0,1,0.31399002345095317,155.21243356798536,Suppress / Low-Cost Ads,Exclude from paid campaigns to save marketing budget.
16609.0,44,5,2710.04,4,4,5,445,13,Champions,2,2783.42,0,0.7745413832871418,631.5716506592713,VIP Loyalty Program,"Early access to new launches, zero discount needed."
16610.0,128,1,75.66,3,2,1,321,6,Promising / Potential,0,0.0,1,0.37831716179911523,64.89711054403215,Cross-Sell Drive,Recommend bundle products based on purchase history.
16611.0,95,6,1785.13,4,4,4,444,12,Champions,0,0.0,1,0.6928216485862357,369.38239169972104,VIP Loyalty Program,"Early access to new launches, zero discount needed."
16612.0,28,8,2928.07,5,5,5,555,15,Champions,1,317.36,0,0.8318213176223014,506.82688613215544,VIP Loyalty Program,"Early access to new launches, zero discount needed."
16614.0,91,3,1179.79,4,3,4,434,11,Loyal Customers,0,0.0,1,0.5987317363188214,271.66306777385444,Cross-Sell Drive,Recommend bundle products based on purchase history.
16615.0,535,1,291.5,1,2,2,122,5,Hibernating / Lost,0,0.0,1,0.12312934241649853,33.47439785568853,Suppress / Low-Cost Ads,Exclude from paid campaigns to save marketing budget.
16616.0,66,1,210.1,4,2,1,421,7,Promising / Potential,1,290.32,0,0.4447082766352203,101.16719660705822,Cross-Sell Drive,Recommend bundle products based on purchase history.
16617.0,144,1,151.85,3,2,1,321,6,Promising / Potential,0,0.0,1,0.36017387425656844,76.65622417692026,Cross-Sell Drive,Recommend bundle products based on purchase history.
16618.0,119,4,1441.29,3,4,4,344,11,Loyal Customers,1,1206.3,0,0.6319506996155079,275.68021744006944,Cross-Sell Drive,Recommend bundle products based on purchase history.
16619.0,172,4,1938.33,3,4,4,344,11,Loyal Customers,0,0.0,1,0.5701538237796773,344.6090468540288,Cross-Sell Drive,Recommend bundle products based on purchase history.
16620.0,169,5,1675.73,3,4,4,344,11,Loyal Customers,1,83.2,0,0.5815784505318395,322.7018167556011,Cross-Sell Drive,Recommend bundle products based on purchase history.
16621.0,56,3,609.41,4,3,3,433,10,Loyal Customers,1,204.07,0,0.5904770989425387,199.25397795184486,Cross-Sell Drive,Recommend bundle products based on purchase history.
16622.0,452,1,225.4,1,2,1,121,4,Hibernating / Lost,0,0.0,1,0.14632444221698881,32.83876930383501,Suppress / Low-Cost Ads,Exclude from paid campaigns to save marketing budget.
16623.0,154,4,1015.24,3,4,3,343,10,Loyal Customers,0,0.0,1,0.5412823466179176,170.32680662129187,Cross-Sell Drive,Recommend bundle products based on purchase history.
16624.0,106,1,426.43,4,2,2,422,8,Promising / Potential,1,384.14,0,0.4471655759951716,201.6362527587567,Cross-Sell Drive,Recommend bundle products based on purchase history.
16625.0,183,5,1654.03,3,4,4,344,11,Loyal Customers,0,0.0,1,0.5649052658189156,313.4503271362007,Cross-Sell Drive,Recommend bundle products based on purchase history.
16626.0,22,7,2165.34,5,4,4,544,13,Champions,10,2247.76,0,0.7638007186101088,440.2910159949708,VIP Loyalty Program,"Early access to new launches, zero discount needed."
16628.0,15,6,1749.89,5,4,4,544,13,Champions,1,568.21,0,0.7641608307916439,452.4525959723178,VIP Loyalty Program,"Early access to new launches, zero discount needed."
16629.0,5,1,236.78,5,2,1,521,8,Promising / Potential,1,180.95,0,0.5119206526675235,171.58459969351628,Cross-Sell Drive,Recommend bundle products based on purchase history.
16630.0,316,1,106.8,2,2,1,221,5,About to Sleep,0,0.0,1,0.24920700202830615,45.462757605291415,Suppress / Low-Cost Ads,Exclude from paid campaigns to save marketing budget.
16631.0,390,7,1892.52,1,4,4,144,9,Can't Lose Them,0,0.0,1,0.24381777072551758,130.30288032867338,Executive Outreach,Feedback survey + customized high-value offer.
16632.0,394,2,406.4,1,3,2,132,6,Others / Need Attention,0,0.0,1,0.20641291249814453,54.66476715227865,Suppress / Low-Cost Ads,Exclude from paid campaigns to save marketing budget.
16633.0,23,3,1168.26,5,3,4,534,12,Loyal Customers,3,1714.84,0,0.6690823267113035,337.3339225896806,Cross-Sell Drive,Recommend bundle products based on purchase history.
16634.0,131,6,1814.61,3,4,4,344,11,Loyal Customers,0,0.0,1,0.6332989881493252,328.1481260259099,Cross-Sell Drive,Recommend bundle products based on purchase history.
16635.0,315,1,473.0,2,2,2,222,6,About to Sleep,0,0.0,1,0.2904306063178891,117.36324476598159,Suppress / Low-Cost Ads,Exclude from paid campaigns to save marketing budget.
16636.0,347,4,3802.04,2,4,5,245,11,At Risk,0,0.0,1,0.4778662975901167,425.2208989055464,Standard Retention Push,Automated email re-engagement.
16637.0,32,2,530.55,5,3,2,532,10,Loyal Customers,2,623.92,0,0.5544582044706168,178.73129595632014,Cross-Sell Drive,Recommend bundle products based on purchase history.
16638.0,8,14,2300.75,5,5,4,554,14,Champions,1,129.78,0,0.8434526371434804,347.13032558769805,VIP Loyalty Program,"Early access to new launches, zero discount needed."
16639.0,115,3,961.62,3,3,3,333,9,Loyal Customers,1,786.36,0,0.5264406399008452,212.1004306073762,Cross-Sell Drive,Recommend bundle products based on purchase history.
16640.0,306,1,179.4,2,2,1,221,5,About to Sleep,0,0.0,1,0.2584259141977844,56.15828612257715,Suppress / Low-Cost Ads,Exclude from paid campaigns to save marketing budget.
16641.0,14,2,554.5,5,3,2,532,10,Loyal Customers,0,0.0,1,0.5759911529328552,237.70470625310466,Cross-Sell Drive,Recommend bundle products based on purchase history.
16642.0,116,2,696.85,3,3,3,333,9,Loyal Customers,1,380.6,0,0.5172152021817178,171.51574791439782,Cross-Sell Drive,Recommend bundle products based on purchase history.
16643.0,154,2,923.11,3,3,3,333,9,Loyal Customers,0,0.0,1,0.47099270043824926,157.7839582838188,Cross-Sell Drive,Recommend bundle products based on purchase history.
16644.0,86,2,833.78,4,3,3,433,10,Loyal Customers,0,0.0,1,0.5467887600173609,184.09421398942195,Cross-Sell Drive,Recommend bundle products based on purchase history.
16645.0,644,1,160.39,1,2,1,121,4,Hibernating / Lost,0,0.0,1,0.06305896712438075,13.712011238021537,Suppress / Low-Cost Ads,Exclude from paid campaigns to save marketing budget.
16646.0,358,1,678.8,1,2,3,123,6,Hibernating / Lost,0,0.0,1,0.289740709337692,125.91077428879548,Suppress / Low-Cost Ads,Exclude from paid campaigns to save marketing budget.
16647.0,78,4,541.9,4,4,2,442,10,Champions,0,0.0,1,0.6040903256720975,180.75988791702298,VIP Loyalty Program,"Early access to new launches, zero discount needed."
16648.0,364,2,382.14,1,3,2,132,6,Others / Need Attention,1,290.66,0,0.23136602375858473,59.40539991095162,Suppress / Low-Cost Ads,Exclude from paid campaigns to save marketing budget.
16649.0,429,1,306.58,1,2,2,122,5,Hibernating / Lost,0,0.0,1,0.19046060245901875,49.69906238027476,Suppress / Low-Cost Ads,Exclude from paid campaigns to save marketing budget.
16650.0,329,6,1397.69,2,4,4,244,10,At Risk,1,518.42,0,0.4647827009158896,195.25786791073247,Standard Retention Push,Automated email re-engagement.
16651.0,495,1,136.2,1,2,1,121,4,Hibernating / Lost,0,0.0,1,0.12205873539571821,28.768917281202675,Suppress / Low-Cost Ads,Exclude from paid campaigns to save marketing budget.
16652.0,18,14,15302.29,5,5,5,555,15,Champions,2,2248.1,0,0.8627765013482844,1680.1193621240313,VIP Loyalty Program,"Early access to new launches, zero discount needed."
16654.0,50,8,1711.47,4,5,4,454,13,Champions,0,0.0,1,0.7882038301480407,337.3513350930389,VIP Loyalty Program,"Early access to new launches, zero discount needed."
16655.0,40,10,4622.74,4,5,5,455,14,Champions,3,1925.63,0,0.836369473425971,626.02788841156,VIP Loyalty Program,"Early access to new launches, zero discount needed."
16656.0,4,26,15324.05,5,5,5,555,15,Champions,4,1509.12,0,0.9082423251892878,1965.213690530456,VIP Loyalty Program,"Early access to new launches, zero discount needed."
16657.0,57,2,446.11,4,3,2,432,9,Loyal Customers,2,487.51,0,0.5310156724939303,144.37251373928441,Cross-Sell Drive,Recommend bundle products based on purchase history.
16658.0,277,6,814.07,2,4,3,243,9,At Risk,0,0.0,1,0.4768727915035933,122.79603746819234,Standard Retention Push,Automated email re-engagement.
16659.0,98,1,39.12,4,2,1,421,7,Promising / Potential,0,0.0,1,0.4066433631075961,51.4128060683259,Cross-Sell Drive,Recommend bundle products based on purchase history.
16660.0,119,5,996.26,3,4,3,343,10,Loyal Customers,2,883.29,0,0.5909897988970764,192.95703898529356,Cross-Sell Drive,Recommend bundle products based on purchase history.
16661.0,449,4,986.63,1,4,3,143,8,Can't Lose Them,0,0.0,1,0.15185100224830728,49.72260104356997,Executive Outreach,Feedback survey + customized high-value offer.
16662.0,303,1,163.8,2,2,1,221,5,About to Sleep,0,0.0,1,0.2612354270881221,56.80497596695868,Suppress / Low-Cost Ads,Exclude from paid campaigns to save marketing budget.
16663.0,638,1,165.0,1,2,1,121,4,Hibernating / Lost,0,0.0,1,0.06480713285151873,14.09214540750704,Suppress / Low-Cost Ads,Exclude from paid campaigns to save marketing budget.
16664.0,478,1,109.2,1,2,1,121,4,Hibernating / Lost,0,0.0,1,0.13121001544222832,22.883268553218368,Suppress / Low-Cost Ads,Exclude from paid campaigns to save marketing budget.
16665.0,271,1,135.4,2,2,1,221,5,About to Sleep,0,0.0,1,0.29240167915664483,68.91829325668544,Suppress / Low-Cost Ads,Exclude from paid campaigns to save marketing budget.
16666.0,530,1,106.96,1,2,1,121,4,Hibernating / Lost,1,118.98,0,0.10494150429854543,18.301991788878887,Suppress / Low-Cost Ads,Exclude from paid campaigns to save marketing budget.
16667.0,193,1,203.35,3,2,1,321,6,Promising / Potential,1,366.78,0,0.30721043134702974,68.57603895418151,Cross-Sell Drive,Recommend bundle products based on purchase history.
16668.0,25,12,822.22,5,5,3,553,13,Champions,1,40.2,0,0.7912629070109525,98.30215667282914,VIP Loyalty Program,"Early access to new launches, zero discount needed."
16670.0,15,17,7174.22,5,5,5,555,15,Champions,3,855.93,0,0.8755110312056479,1076.0833985307388,VIP Loyalty Program,"Early access to new launches, zero discount needed."
16671.0,73,1,1382.88,4,2,4,424,10,Promising / Potential,2,309.39,0,0.5885280417679392,405.99828812201235,Cross-Sell Drive,Recommend bundle products based on purchase history.
16672.0,8,17,6911.84,5,5,5,555,15,Champions,3,1223.1,0,0.8791819553304471,1084.4450168207732,VIP Loyalty Program,"Early access to new launches, zero discount needed."
16673.0,588,1,188.83,1,2,1,121,4,Hibernating / Lost,0,0.0,1,0.08121934837870148,19.362282881376288,Suppress / Low-Cost Ads,Exclude from paid campaigns to save marketing budget.
16674.0,7,1,122.2,5,2,1,521,8,Promising / Potential,1,197.41,0,0.5094909252110607,134.8765553573236,Cross-Sell Drive,Recommend bundle products based on purchase history.
16675.0,350,2,608.86,1,3,3,133,7,Others / Need Attention,0,0.0,1,0.2833818556655294,93.35715598148792,Suppress / Low-Cost Ads,Exclude from paid campaigns to save marketing budget.
16676.0,122,5,1868.28,3,4,4,344,11,Loyal Customers,1,493.62,0,0.6360062257700576,312.3530972587159,Cross-Sell Drive,Recommend bundle products based on purchase history.
16677.0,320,2,880.62,2,3,3,233,8,At Risk,0,0.0,1,0.34346292866016026,125.48431826508306,Standard Retention Push,Automated email re-engagement.
16678.0,7,8,2137.3,5,5,4,554,14,Champions,4,972.69,0,0.817008247386805,449.09011387434117,VIP Loyalty Program,"Early access to new launches, zero discount needed."
16679.0,275,3,793.06,2,3,3,233,8,At Risk,0,0.0,1,0.40211758108066786,140.45742417924825,Standard Retention Push,Automated email re-engagement.
16680.0,437,2,637.75,1,3,3,133,7,Others / Need Attention,1,183.7,0,0.20565009938500134,67.59811048268287,Suppress / Low-Cost Ads,Exclude from paid campaigns to save marketing budget.
16681.0,53,5,1484.18,4,4,4,444,12,Champions,2,437.66,0,0.7282454951784086,330.5970003052076,VIP Loyalty Program,"Early access to new launches, zero discount needed."
16682.0,1,3,810.22,5,3,3,533,11,Loyal Customers,2,217.78,0,0.6471349693922795,252.59544210186738,Cross-Sell Drive,Recommend bundle products based on purchase history.
16683.0,442,1,320.25,1,2,2,122,5,Hibernating / Lost,0,0.0,1,0.1808916973543434,75.50492792687211,Suppress / Low-Cost Ads,Exclude from paid campaigns to save marketing budget.
16684.0,42,45,114372.71,4,5,5,455,14,Champions,10,32770.06,0,0.9389283587225407,20000.860855651827,VIP Loyalty Program,"Early access to new launches, zero discount needed."
16686.0,7,15,4487.8,5,5,5,555,15,Champions,1,583.12,0,0.872762224154721,685.4372628571763,VIP Loyalty Program,"Early access to new launches, zero discount needed."
16687.0,299,1,157.63,2,2,1,221,5,About to Sleep,0,0.0,1,0.26501166205935844,57.62610861032834,Suppress / Low-Cost Ads,Exclude from paid campaigns to save marketing budget.
16690.0,110,3,213.95,3,3,1,331,7,Loyal Customers,1,139.08,0,0.43065991495915346,52.017478384809664,Cross-Sell Drive,Recommend bundle products based on purchase history.
16691.0,327,2,178.83,2,3,1,231,6,At Risk,0,0.0,1,0.2513635110829101,38.191141696472386,Standard Retention Push,Automated email re-engagement.
16692.0,165,4,1914.7,3,4,4,344,11,Loyal Customers,0,0.0,1,0.5784867004796235,349.64555555984475,Cross-Sell Drive,Recommend bundle products based on purchase history.
16693.0,180,4,875.01,3,4,3,343,10,Loyal Customers,1,324.45,0,0.5097317272807897,156.8370585982942,Cross-Sell Drive,Recommend bundle products based on purchase history.
16694.0,632,1,98.3,1,2,1,121,4,Hibernating / Lost,0,0.0,1,0.06660087703190176,11.615315720101544,Suppress / Low-Cost Ads,Exclude from paid campaigns to save marketing budget.
16695.0,470,2,193.15,1,3,1,131,5,Others / Need Attention,0,0.0,1,0.1277026585363229,21.797960554084003,Suppress / Low-Cost Ads,Exclude from paid campaigns to save marketing budget.
16696.0,44,4,657.9,4,4,3,443,11,Champions,0,0.0,1,0.6884314098288228,209.68276013329537,VIP Loyalty Program,"Early access to new launches, zero discount needed."
16697.0,150,1,112.75,3,2,1,321,6,Promising / Potential,0,0.0,1,0.35347064284841856,54.34413021450865,Cross-Sell Drive,Recommend bundle products based on purchase history.
16698.0,135,2,1998.0,3,3,4,334,10,Loyal Customers,0,0.0,1,0.5451129861367705,372.1548825275483,Cross-Sell Drive,Recommend bundle products based on purchase history.
16699.0,289,7,994.6,2,4,3,243,9,At Risk,0,0.0,1,0.4703132079790586,151.85421880973772,Standard Retention Push,Automated email re-engagement.
16700.0,30,22,8187.11,5,5,5,555,15,Champions,3,980.6,0,0.884741468590892,1050.2922558558982,VIP Loyalty Program,"Early access to new launches, zero discount needed."
16701.0,38,23,8568.85,4,5,5,455,14,Champions,3,1347.88,0,0.8868027017203639,1052.7391821843837,VIP Loyalty Program,"Early access to new launches, zero discount needed."
16702.0,324,4,1110.83,2,4,3,243,9,At Risk,0,0.0,1,0.40474628502181165,132.82780596382162,Standard Retention Push,Automated email re-engagement.
16704.0,527,2,695.66,1,3,3,133,7,Others / Need Attention,0,0.0,1,0.1431268800736306,47.04644773424611,Suppress / Low-Cost Ads,Exclude from paid campaigns to save marketing budget.
16705.0,7,32,39260.41,5,5,5,555,15,Champions,10,4254.64,0,0.9218360491560976,6805.0723731798835,VIP Loyalty Program,"Early access to new launches, zero discount needed."
16706.0,7,2,411.55,5,3,2,532,10,Loyal Customers,1,119.8,0,0.584297033774626,197.28065435178692,Cross-Sell Drive,Recommend bundle products based on purchase history.
16707.0,309,4,551.11,2,4,2,242,8,At Risk,0,0.0,1,0.3734714997817825,105.23937583197902,Standard Retention Push,Automated email re-engagement.
16709.0,108,13,8042.18,3,5,5,355,13,Loyal Customers,1,1045.28,0,0.7866234244689283,928.4662971850178,Cross-Sell Drive,Recommend bundle products based on purchase history.
16710.0,47,19,5709.94,4,5,5,455,14,Champions,3,639.15,0,0.8683536241889067,789.0198148383749,VIP Loyalty Program,"Early access to new launches, zero discount needed."
16711.0,49,7,2127.32,4,4,4,444,12,Champions,2,741.16,0,0.7444845387063785,390.2638400284671,VIP Loyalty Program,"Early access to new launches, zero discount needed."
16712.0,4,10,3121.42,5,5,5,555,15,Champions,3,1145.57,0,0.8556593194258926,589.5632445429445,VIP Loyalty Program,"Early access to new launches, zero discount needed."
16713.0,24,28,11608.33,5,5,5,555,15,Champions,4,2952.36,0,0.9054861939126735,1775.9327914006833,VIP Loyalty Program,"Early access to new launches, zero discount needed."
16714.0,127,4,1529.8,3,4,4,344,11,Loyal Customers,0,0.0,1,0.6228427623435346,273.65592731993706,Cross-Sell Drive,Recommend bundle products based on purchase history.
16715.0,471,1,323.8,1,2,2,122,5,Hibernating / Lost,1,301.72,0,0.16090401930281273,65.79792563987327,Suppress / Low-Cost Ads,Exclude from paid campaigns to save marketing budget.
16716.0,175,3,2149.68,3,3,4,334,10,Loyal Customers,0,0.0,1,0.5045762916635766,336.97188430045173,Cross-Sell Drive,Recommend bundle products based on purchase history.
16717.0,4,12,4687.51,5,5,5,555,15,Champions,2,2298.72,0,0.8633944210839366,804.0887045875644,VIP Loyalty Program,"Early access to new launches, zero discount needed."
16718.0,278,5,3647.53,2,4,5,245,11,At Risk,0,0.0,1,0.5694286205853698,405.7806293383293,Standard Retention Push,Automated email re-engagement.
16719.0,57,12,3469.31,4,5,5,455,14,Champions,2,503.99,0,0.833842564823924,474.5806977073449,VIP Loyalty Program,"Early access to new launches, zero discount needed."
16720.0,285,2,640.24,2,3,3,233,8,At Risk,1,155.24,0,0.3828527277510282,126.12678302444517,Standard Retention Push,Automated email re-engagement.
16721.0,171,1,292.47,3,2,2,322,7,Promising / Potential,0,0.0,1,0.3772214695962903,99.73955405723532,Cross-Sell Drive,Recommend bundle products based on purchase history.
16722.0,8,19,7914.85,5,5,5,555,15,Champions,3,1074.23,0,0.8858318886204374,1103.1770592826365,VIP Loyalty Program,"Early access to new launches, zero discount needed."
16723.0,0,4,1301.63,5,4,4,544,13,Champions,0,0.0,1,0.7657457439915775,323.7753613965768,VIP Loyalty Program,"Early access to new launches, zero discount needed."
16724.0,313,1,147.35,2,2,1,221,5,About to Sleep,0,0.0,1,0.25194900598470804,54.78566743182441,Suppress / Low-Cost Ads,Exclude from paid campaigns to save marketing budget.
16725.0,211,14,1882.11,3,5,4,354,12,Loyal Customers,0,0.0,1,0.6528017122842453,172.13604444685058,Cross-Sell Drive,Recommend bundle products based on purchase history.
16726.0,105,6,1501.58,4,4,4,444,12,Champions,1,586.83,0,0.6823712514180529,280.34411158769973,VIP Loyalty Program,"Early access to new launches, zero discount needed."
16727.0,273,4,1437.42,2,4,4,244,10,At Risk,0,0.0,1,0.5168127489539674,223.9755140735722,Standard Retention Push,Automated email re-engagement.
16728.0,75,3,550.0,4,3,2,432,9,Loyal Customers,1,504.67,0,0.5171697974349808,174.51674180084956,Cross-Sell Drive,Recommend bundle products based on purchase history.
16729.0,8,17,5363.43,5,5,5,555,15,Champions,4,1876.49,0,0.8792027125145232,855.071634235511,VIP Loyalty Program,"Early access to new launches, zero discount needed."
16730.0,143,2,480.94,3,3,2,332,8,Loyal Customers,1,262.17,0,0.43357609641254713,110.34337140827093,Cross-Sell Drive,Recommend bundle products based on purchase history.
16731.0,557,1,174.05,1,2,1,121,4,Hibernating / Lost,0,0.0,1,0.09321849299002916,19.53257131345483,Suppress / Low-Cost Ads,Exclude from paid campaigns to save marketing budget.
16732.0,312,3,3783.89,2,3,5,235,10,At Risk,1,603.75,0,0.4581685800715426,458.79324549122066,Standard Retention Push,Automated email re-engagement.
16733.0,438,1,259.68,1,2,1,121,4,Hibernating / Lost,0,0.0,1,0.15504548939333251,41.381402821542174,Suppress / Low-Cost Ads,Exclude from paid campaigns to save marketing budget.
16734.0,23,2,306.16,5,3,2,532,10,Loyal Customers,1,344.35,0,0.5652627906438898,114.22843366029734,Cross-Sell Drive,Recommend bundle products based on purchase history.
16735.0,7,13,5964.3,5,5,5,555,15,Champions,1,306.26,0,0.8654301975941248,841.6771272886009,VIP Loyalty Program,"Early access to new launches, zero discount needed."
16736.0,414,5,2956.56,1,4,5,145,10,Can't Lose Them,0,0.0,1,0.24817013224025386,165.39091301909485,Executive Outreach,Feedback survey + customized high-value offer.
16737.0,486,1,417.6,1,2,2,122,5,Hibernating / Lost,1,417.6,0,0.1512843837338017,61.58952134085583,Suppress / Low-Cost Ads,Exclude from paid campaigns to save marketing budget.
16738.0,206,1,3.75,3,2,1,321,6,Promising / Potential,0,0.0,1,0.2939110262902932,21554.516151049163,Cross-Sell Drive,Recommend bundle products based on purchase history.
16739.0,85,2,786.43,4,3,3,433,10,Loyal Customers,0,0.0,1,0.5479965351440315,196.06318216836152,Cross-Sell Drive,Recommend bundle products based on purchase history.
16740.0,304,1,236.81,2,2,1,221,5,About to Sleep,0,0.0,1,0.26029508495048703,64.63843396348258,Suppress / Low-Cost Ads,Exclude from paid campaigns to save marketing budget.
16741.0,534,1,173.06,1,2,1,121,4,Hibernating / Lost,0,0.0,1,0.10312542857320872,21.60842471517155,Suppress / Low-Cost Ads,Exclude from paid campaigns to save marketing budget.
16742.0,401,13,2387.71,1,5,4,154,10,Can't Lose Them,1,464.9,0,0.31534377234133015,105.7461765755745,Executive Outreach,Feedback survey + customized high-value offer.
16743.0,22,13,3901.03,5,5,5,555,15,Champions,1,352.23,0,0.8567273456990349,534.9529909257456,VIP Loyalty Program,"Early access to new launches, zero discount needed."
16744.0,5,3,403.51,5,3,2,532,10,Loyal Customers,4,901.25,0,0.5944313602133392,200.70238411537684,Cross-Sell Drive,Recommend bundle products based on purchase history.
16745.0,7,16,6372.7,5,5,5,555,15,Champions,1,821.6,0,0.8762627293671406,852.212343472784,VIP Loyalty Program,"Early access to new launches, zero discount needed."
16746.0,9,36,15789.82,5,5,5,555,15,Champions,6,2276.58,0,0.930171993618184,2131.99883923773,VIP Loyalty Program,"Early access to new launches, zero discount needed."
16748.0,126,12,3031.63,3,5,5,355,13,Loyal Customers,2,605.7,0,0.7659433570308865,374.29176735323585,Cross-Sell Drive,Recommend bundle products based on purchase history.
16749.0,500,2,4387.08,1,3,5,135,9,Others / Need Attention,0,0.0,1,0.22285531796112834,227.1482723281469,Suppress / Low-Cost Ads,Exclude from paid campaigns to save marketing budget.
16750.0,30,3,416.12,5,3,2,532,10,Loyal Customers,2,207.81,0,0.5647814260297579,150.25139812676107,Cross-Sell Drive,Recommend bundle products based on purchase history.
16752.0,281,1,415.0,2,2,2,222,6,About to Sleep,0,0.0,1,0.3256902306026962,131.61168768237636,Suppress / Low-Cost Ads,Exclude from paid campaigns to save marketing budget.
16754.0,281,29,67502.47,2,5,5,255,12,At Risk,0,0.0,1,0.776530762647831,3972.2141391868945,High-Value Win-Back,20% off limited promo code + direct outreach.
16755.0,23,7,2900.58,5,4,5,545,14,Champions,0,0.0,1,0.797928773447972,514.5840538230137,VIP Loyalty Program,"Early access to new launches, zero discount needed."
16756.0,123,7,1312.37,3,4,4,344,11,Loyal Customers,0,0.0,1,0.6496607560650356,225.7194025846912,Cross-Sell Drive,Recommend bundle products based on purchase history.
16757.0,227,2,270.48,3,3,1,331,7,Loyal Customers,0,0.0,1,0.29297717427951664,56.35839013754481,Cross-Sell Drive,Recommend bundle products based on purchase history.
16760.0,339,1,228.0,2,2,1,221,5,About to Sleep,0,0.0,1,0.22884461649846088,51.358306607951214,Suppress / Low-Cost Ads,Exclude from paid campaigns to save marketing budget.
16761.0,5,1,316.62,5,2,2,522,9,Promising / Potential,0,0.0,1,0.5627699229121574,345.4859721018077,Cross-Sell Drive,Recommend bundle products based on purchase history.
16762.0,53,1,314.15,4,2,2,422,8,Promising / Potential,2,1187.23,0,0.5114823679950318,250.02656498378096,Cross-Sell Drive,Recommend bundle products based on purchase history.
16763.0,107,2,964.7,3,3,3,333,9,Loyal Customers,0,0.0,1,0.5281388737538376,220.2209151382217,Cross-Sell Drive,Recommend bundle products based on purchase history.
16764.0,8,4,782.55,5,4,3,543,12,Champions,9,2016.7,0,0.7192667697656656,286.93563955173596,VIP Loyalty Program,"Early access to new launches, zero discount needed."
16765.0,203,2,454.75,3,3,2,332,8,Loyal Customers,0,0.0,1,0.3636845488482702,96.53085216163066,Cross-Sell Drive,Recommend bundle products based on purchase history.
16766.0,182,2,1145.6,3,3,3,333,9,Loyal Customers,0,0.0,1,0.43720393149595826,191.8951088696003,Cross-Sell Drive,Recommend bundle products based on purchase history.
16767.0,2,11,7318.7,5,5,5,555,15,Champions,4,755.1,0,0.8606910909189944,1053.045301114502,VIP Loyalty Program,"Early access to new launches, zero discount needed."
16768.0,12,8,1516.52,5,5,4,554,14,Champions,1,191.6,0,0.8133523560297067,317.17904652296164,VIP Loyalty Program,"Early access to new launches, zero discount needed."
16769.0,169,4,1141.75,3,4,3,343,10,Loyal Customers,0,0.0,1,0.5230976300301646,171.66781530320236,Cross-Sell Drive,Recommend bundle products based on purchase history.
16770.0,145,8,1818.51,3,5,4,354,12,Loyal Customers,1,113.62,0,0.6813337154106307,262.53694284153,Cross-Sell Drive,Recommend bundle products based on purchase history.
16771.0,184,8,3376.74,3,5,5,355,13,Loyal Customers,2,590.86,0,0.684504942860857,411.6603296627081,Cross-Sell Drive,Recommend bundle products based on purchase history.
16772.0,332,3,3723.55,2,3,5,235,10,At Risk,0,0.0,1,0.434113233782637,342.2877869918326,Standard Retention Push,Automated email re-engagement.
16773.0,345,2,249.65,2,3,1,231,6,At Risk,1,171.59,0,0.23523151281083732,44.422491924301006,Standard Retention Push,Automated email re-engagement.
16774.0,25,7,1475.13,5,4,4,544,13,Champions,1,119.32,0,0.7611712132597821,285.8425431409406,VIP Loyalty Program,"Early access to new launches, zero discount needed."
16775.0,31,13,2535.78,5,5,4,554,14,Champions,3,521.11,0,0.8234636296131639,363.0804286135238,VIP Loyalty Program,"Early access to new launches, zero discount needed."
16776.0,324,1,231.57,2,2,1,221,5,About to Sleep,1,388.28,0,0.24198760452238344,60.98041649616642,Suppress / Low-Cost Ads,Exclude from paid campaigns to save marketing budget.
16777.0,166,4,1258.66,3,4,4,344,11,Loyal Customers,1,49.1,0,0.577319216608271,176.91850160243567,Cross-Sell Drive,Recommend bundle products based on purchase history.
16778.0,183,1,93.18,3,2,1,321,6,Promising / Potential,1,152.76,0,0.31767219058872587,52.5856279421239,Cross-Sell Drive,Recommend bundle products based on purchase history.
16779.0,15,46,29033.25,5,5,5,555,15,Champions,7,4234.99,0,0.9468401546969841,4371.3154593266845,VIP Loyalty Program,"Early access to new launches, zero discount needed."
16780.0,9,3,605.55,5,3,3,533,11,Loyal Customers,0,0.0,1,0.6381962004608595,252.8532757431463,Cross-Sell Drive,Recommend bundle products based on purchase history.
16781.0,281,2,934.25,2,3,3,233,8,At Risk,0,0.0,1,0.3874559471458535,141.55718515245132,Standard Retention Push,Automated email re-engagement.
16782.0,47,34,9800.86,4,5,5,455,14,Champions,4,637.55,0,0.9143567060628294,1123.463807273871,VIP Loyalty Program,"Early access to new launches, zero discount needed."
16783.0,345,1,391.95,2,2,2,222,6,About to Sleep,0,0.0,1,0.2612752149608164,107.22498773992287,Suppress / Low-Cost Ads,Exclude from paid campaigns to save marketing budget.
16784.0,285,4,788.93,2,4,3,243,9,At Risk,1,107.6,0,0.45120612416048134,134.81073684173953,Standard Retention Push,Automated email re-engagement.
16785.0,318,1,533.78,2,2,2,222,6,About to Sleep,0,0.0,1,0.2874281013409017,125.29721040152535,Suppress / Low-Cost Ads,Exclude from paid campaigns to save marketing budget.
16786.0,302,1,51.84,2,2,1,221,5,About to Sleep,0,0.0,1,0.2621789132137552,38.686445872121915,Suppress / Low-Cost Ads,Exclude from paid campaigns to save marketing budget.
16787.0,306,4,1035.43,2,4,3,243,9,At Risk,0,0.0,1,0.42602760410218554,139.81181304694962,Standard Retention Push,Automated email re-engagement.
16788.0,32,5,1950.3,5,4,4,544,13,Champions,0,0.0,1,0.7428230368421815,479.36801272012275,VIP Loyalty Program,"Early access to new launches, zero discount needed."
16791.0,31,13,3117.18,5,5,5,555,15,Champions,2,921.51,0,0.8512765930105386,550.2795353943172,VIP Loyalty Program,"Early access to new launches, zero discount needed."
16792.0,191,5,623.46,3,4,3,343,10,Loyal Customers,0,0.0,1,0.5043856813729104,135.34836147136744,Cross-Sell Drive,Recommend bundle products based on purchase history.
16794.0,17,9,1496.7,5,5,4,554,14,Champions,6,594.21,0,0.8145329256888807,306.7008164614441,VIP Loyalty Program,"Early access to new launches, zero discount needed."
16795.0,274,3,2492.39,2,3,4,234,9,At Risk,0,0.0,1,0.4533199945664924,319.79038110290855,Standard Retention Push,Automated email re-engagement.
16797.0,302,5,1827.77,2,4,4,244,10,At Risk,0,0.0,1,0.48954303971654534,244.13258022534896,Standard Retention Push,Automated email re-engagement.
16798.0,463,3,848.71,1,3,3,133,7,Others / Need Attention,0,0.0,1,0.19064435508756972,64.22134879507222,Suppress / Low-Cost Ads,Exclude from paid campaigns to save marketing budget.
16799.0,341,2,495.98,2,3,2,232,7,At Risk,0,0.0,1,0.2779147893761458,82.36764539035394,Standard Retention Push,Automated email re-engagement.
16801.0,72,4,1619.73,4,4,4,444,12,Champions,0,0.0,1,0.7028851357922341,419.71424705861375,VIP Loyalty Program,"Early access to new launches, zero discount needed."
16802.0,588,2,582.61,1,3,3,133,7,Others / Need Attention,0,0.0,1,0.11041113193449437,35.22280145443102,Suppress / Low-Cost Ads,Exclude from paid campaigns to save marketing budget.
16804.0,179,1,118.05,3,2,1,321,6,Promising / Potential,2,418.94,0,0.3219078999400138,82.52898576973965,Cross-Sell Drive,Recommend bundle products based on purchase history.
16805.0,82,5,1097.24,4,4,3,443,11,Champions,0,0.0,1,0.6547216732026457,231.64551830913825,VIP Loyalty Program,"Early access to new launches, zero discount needed."
16806.0,12,4,801.49,5,4,3,543,12,Champions,0,0.0,1,0.7153169695556943,291.7602822137664,VIP Loyalty Program,"Early access to new launches, zero discount needed."
16807.0,51,6,2123.88,4,4,4,444,12,Champions,0,0.0,1,0.7364375277284455,482.9070372292408,VIP Loyalty Program,"Early access to new launches, zero discount needed."
16808.0,8,2,288.42,5,3,2,532,10,Loyal Customers,0,0.0,1,0.5831176958099793,128.62909276658618,Cross-Sell Drive,Recommend bundle products based on purchase history.
16809.0,45,7,1283.43,4,4,4,444,12,Champions,2,444.0,0,0.7481917422733122,275.4941288643539,VIP Loyalty Program,"Early access to new launches, zero discount needed."
16810.0,101,2,842.04,4,3,3,433,10,Loyal Customers,0,0.0,1,0.5286359574760591,177.982482805628,Cross-Sell Drive,Recommend bundle products based on purchase history.
16812.0,269,4,2392.0,2,4,4,244,10,At Risk,0,0.0,1,0.5216443587427908,328.1015017616675,Standard Retention Push,Automated email re-engagement.
16813.0,5,7,1187.64,5,4,4,544,13,Champions,3,505.34,0,0.778427526416333,283.57330156499984,VIP Loyalty Program,"Early access to new launches, zero discount needed."
16814.0,17,31,11197.3,5,5,5,555,15,Champions,5,1302.41,0,0.916082615439544,1622.6800625817718,VIP Loyalty Program,"Early access to new launches, zero discount needed."
16815.0,362,2,410.97,1,3,2,132,6,Others / Need Attention,0,0.0,1,0.23310163938915296,61.732799008574695,Suppress / Low-Cost Ads,Exclude from paid campaigns to save marketing budget.
16816.0,12,4,417.06,5,4,2,542,11,Champions,0,0.0,1,0.67187289488901,202.3247007300747,VIP Loyalty Program,"Early access to new launches, zero discount needed."
16817.0,94,11,2379.58,4,5,4,454,13,Champions,2,425.32,0,0.7678532087306744,275.64703427446034,VIP Loyalty Program,"Early access to new launches, zero discount needed."
16818.0,2,9,2528.47,5,5,4,554,14,Champions,2,821.1,0,0.8252948645043152,462.7942977050915,VIP Loyalty Program,"Early access to new launches, zero discount needed."
16819.0,374,2,182.59,1,3,1,131,5,Others / Need Attention,0,0.0,1,0.1893855394474574,28.77446269405034,Suppress / Low-Cost Ads,Exclude from paid campaigns to save marketing budget.
16820.0,4,1,497.61,5,2,2,522,9,Promising / Potential,0,0.0,1,0.5639619843086715,310.36897831516876,Cross-Sell Drive,Recommend bundle products based on purchase history.
16821.0,290,1,113.35,2,2,1,221,5,About to Sleep,0,0.0,1,0.27363552629893717,46.790034562199985,Suppress / Low-Cost Ads,Exclude from paid campaigns to save marketing budget.
16822.0,595,1,181.39,1,2,1,121,4,Hibernating / Lost,0,0.0,1,0.0787121179603456,17.104854423957107,Suppress / Low-Cost Ads,Exclude from paid campaigns to save marketing budget.
16823.0,136,7,2260.09,3,4,4,344,11,Loyal Customers,0,0.0,1,0.635093883702199,321.2638389624991,Cross-Sell Drive,Recommend bundle products based on purchase history.
16824.0,73,2,448.5,4,3,2,432,9,Loyal Customers,1,237.74,0,0.5115777044608829,139.0877199897233,Cross-Sell Drive,Recommend bundle products based on purchase history.
16825.0,94,4,1370.41,4,4,4,444,12,Champions,1,456.48,0,0.6800474369790076,300.07304953306607,VIP Loyalty Program,"Early access to new launches, zero discount needed."
16827.0,302,5,392.13,2,4,2,242,8,At Risk,0,0.0,1,0.3890963468169425,77.6057228363856,Standard Retention Push,Automated email re-engagement.
16828.0,2,2,128.5,5,3,1,531,9,Loyal Customers,0,0.0,1,0.5399370111931365,109.93025162735265,Cross-Sell Drive,Recommend bundle products based on purchase history.
16829.0,65,2,513.32,4,3,2,432,9,Loyal Customers,0,0.0,1,0.5213026735796271,158.2584078623828,Cross-Sell Drive,Recommend bundle products based on purchase history.
16830.0,351,3,881.59,1,3,3,133,7,Others / Need Attention,1,325.91,0,0.2889450042622471,101.78371716990416,Suppress / Low-Cost Ads,Exclude from paid campaigns to save marketing budget.
16831.0,473,1,91.8,1,2,1,121,4,Hibernating / Lost,0,0.0,1,0.13401041121445179,23.371662737878015,Suppress / Low-Cost Ads,Exclude from paid campaigns to save marketing budget.
16832.0,93,5,417.61,4,4,2,442,10,Champions,0,0.0,1,0.5942727453140635,129.74048228341476,VIP Loyalty Program,"Early access to new launches, zero discount needed."
16833.0,168,5,1973.8,3,4,4,344,11,Loyal Customers,1,435.24,0,0.5827536584741704,352.22456540971154,Cross-Sell Drive,Recommend bundle products based on purchase history.
16834.0,136,2,898.96,3,3,3,333,9,Loyal Customers,0,0.0,1,0.4928714948885996,174.5775174080768,Cross-Sell Drive,Recommend bundle products based on purchase history.
16835.0,37,6,1538.41,4,4,4,444,12,Champions,0,0.0,1,0.749467220711702,328.6500751113835,VIP Loyalty Program,"Early access to new launches, zero discount needed."
16836.0,25,3,621.82,5,3,3,533,11,Loyal Customers,1,160.55,0,0.6200213500864555,209.22355945902981,Cross-Sell Drive,Recommend bundle products based on purchase history.
16837.0,66,9,1911.74,4,5,4,454,13,Champions,2,1259.24,0,0.7804588069868854,384.0968017671432,VIP Loyalty Program,"Early access to new launches, zero discount needed."
16838.0,106,4,1159.61,4,4,4,444,12,Champions,0,0.0,1,0.667209145052952,238.55903175527783,VIP Loyalty Program,"Early access to new launches, zero discount needed."
16839.0,18,32,16585.42,5,5,5,555,15,Champions,12,5725.07,0,0.9181041519690586,2036.6293995732472,VIP Loyalty Program,"Early access to new launches, zero discount needed."
16840.0,512,2,139.85,1,3,1,131,5,Others / Need Attention,0,0.0,1,0.10660352755179636,18.22340180987832,Suppress / Low-Cost Ads,Exclude from paid campaigns to save marketing budget.
16841.0,46,11,3697.3,4,5,5,455,14,Champions,1,308.76,0,0.8367852289062238,461.6502090239616,VIP Loyalty Program,"Early access to new launches, zero discount needed."
16842.0,9,3,1264.19,5,3,4,534,12,Loyal Customers,0,0.0,1,0.6839945130649736,371.2457603992412,Cross-Sell Drive,Recommend bundle products based on purchase history.
16843.0,2,32,18184.1,5,5,5,555,15,Champions,3,1387.33,0,0.923759825254693,2153.127696917882,VIP Loyalty Program,"Early access to new launches, zero discount needed."
16844.0,471,2,614.34,1,3,3,133,7,Others / Need Attention,0,0.0,1,0.17992018540821386,59.140572300526955,Suppress / Low-Cost Ads,Exclude from paid campaigns to save marketing budget.
16845.0,527,1,253.88,1,2,1,121,4,Hibernating / Lost,0,0.0,1,0.10631967718457602,28.37655843227947,Suppress / Low-Cost Ads,Exclude from paid campaigns to save marketing budget.
16846.0,486,2,628.09,1,3,3,133,7,Others / Need Attention,1,214.32,0,0.1693945998131685,55.68076508391686,Suppress / Low-Cost Ads,Exclude from paid campaigns to save marketing budget.
16847.0,527,1,421.45,1,2,2,122,5,Hibernating / Lost,1,193.44,0,0.1273951506091886,47.43930515182948,Suppress / Low-Cost Ads,Exclude from paid campaigns to save marketing budget.
16848.0,285,3,1130.2,2,3,3,233,8,At Risk,1,281.42,0,0.3904594468574374,160.28229285906184,Standard Retention Push,Automated email re-engagement.
16849.0,95,1,124.57,4,2,1,421,7,Promising / Potential,0,0.0,1,0.41016989195089903,82.4828766928911,Cross-Sell Drive,Recommend bundle products based on purchase history.
16850.0,242,1,332.41,3,2,2,322,7,Promising / Potential,0,0.0,1,0.30005055118800494,107.79278524547598,Cross-Sell Drive,Recommend bundle products based on purchase history.
16852.0,85,1,113.06,4,2,1,421,7,Promising / Potential,1,31.85,0,0.42199906091581363,65.75149137805914,Cross-Sell Drive,Recommend bundle products based on purchase history.
16854.0,326,2,1408.96,2,3,4,234,9,At Risk,0,0.0,1,0.38403642084703327,248.4078604400507,Standard Retention Push,Automated email re-engagement.
16856.0,326,2,323.09,2,3,2,232,7,At Risk,1,35.4,0,0.2928105219388616,62.361127009517446,Standard Retention Push,Automated email re-engagement.
16857.0,351,1,352.8,1,2,2,122,5,Hibernating / Lost,0,0.0,1,0.2559264418290359,110.67801026527762,Suppress / Low-Cost Ads,Exclude from paid campaigns to save marketing budget.
16858.0,277,10,4668.28,2,5,5,255,12,At Risk,0,0.0,1,0.6597883389781896,516.5546376642379,High-Value Win-Back,20% off limited promo code + direct outreach.
16859.0,53,7,1932.41,4,4,4,444,12,Champions,0,0.0,1,0.7407668467380185,388.31500070651657,VIP Loyalty Program,"Early access to new launches, zero discount needed."
16860.0,361,3,1610.62,1,3,4,134,8,Others / Need Attention,0,0.0,1,0.32200673438741034,237.82723538333587,Suppress / Low-Cost Ads,Exclude from paid campaigns to save marketing budget.
16861.0,67,4,843.63,4,4,3,443,11,Champions,1,102.96,0,0.6639144337502626,205.30699357735568,VIP Loyalty Program,"Early access to new launches, zero discount needed."
16862.0,456,4,662.33,1,4,3,143,8,Can't Lose Them,0,0.0,1,0.14751848050324778,41.475992868498594,Executive Outreach,Feedback survey + customized high-value offer.
16863.0,275,2,659.97,2,3,3,233,8,At Risk,1,338.55,0,0.3944199527432434,129.9374829908741,Standard Retention Push,Automated email re-engagement.
16864.0,343,2,409.25,2,3,2,232,7,At Risk,0,0.0,1,0.27596703553088586,73.24845994331586,Standard Retention Push,Automated email re-engagement.
16865.0,310,1,130.95,2,2,1,221,5,About to Sleep,0,0.0,1,0.25471230911048137,51.7814031834904,Suppress / Low-Cost Ads,Exclude from paid campaigns to save marketing budget.
16866.0,49,3,207.74,4,3,1,431,8,Loyal Customers,0,0.0,1,0.4976529340355321,48.45845095528796,Cross-Sell Drive,Recommend bundle products based on purchase history.
16867.0,598,1,76.74,1,2,1,121,4,Hibernating / Lost,0,0.0,1,0.07766032863178773,13.544104465065457,Suppress / Low-Cost Ads,Exclude from paid campaigns to save marketing budget.
16868.0,303,3,393.39,2,3,2,232,7,At Risk,0,0.0,1,0.3235163187223199,80.89603101706828,Standard Retention Push,Automated email re-engagement.
16869.0,74,2,387.68,4,3,2,432,9,Loyal Customers,2,437.74,0,0.5103629781439791,138.75746026112995,Cross-Sell Drive,Recommend bundle products based on purchase history.
16870.0,378,1,450.16,1,2,2,122,5,Hibernating / Lost,0,0.0,1,0.23170245296227965,94.32859373350179,Suppress / Low-Cost Ads,Exclude from paid campaigns to save marketing budget.
16871.0,119,4,2037.82,3,4,4,344,11,Loyal Customers,2,774.52,0,0.6319331878520271,390.6641924864699,Cross-Sell Drive,Recommend bundle products based on purchase history.
16872.0,14,5,997.79,5,4,3,543,12,Champions,1,215.34,0,0.7198513774295707,286.13235898727464,VIP Loyalty Program,"Early access to new launches, zero discount needed."
16873.0,36,10,11365.24,5,5,5,555,15,Champions,2,3252.15,0,0.8351877928714124,1703.5357194158555,VIP Loyalty Program,"Early access to new launches, zero discount needed."
16874.0,288,1,217.74,2,2,1,221,5,About to Sleep,0,0.0,1,0.2755726427134847,54.757263953776466,Suppress / Low-Cost Ads,Exclude from paid campaigns to save marketing budget.
16875.0,53,10,3277.2,4,5,5,455,14,Champions,1,957.33,0,0.8275458744694622,498.03308044611634,VIP Loyalty Program,"Early access to new launches, zero discount needed."
16876.0,312,1,136.01,2,2,1,221,5,About to Sleep,0,0.0,1,0.25286803374874334,59.60031883333079,Suppress / Low-Cost Ads,Exclude from paid campaigns to save marketing budget.
16877.0,61,2,188.98,4,3,1,431,8,Loyal Customers,4,664.74,0,0.4750330767518973,82.90070844611961,Cross-Sell Drive,Recommend bundle products based on purchase history.
16880.0,8,7,1430.8,5,4,4,544,13,Champions,1,410.06,0,0.7758925987812632,302.5710479120755,VIP Loyalty Program,"Early access to new launches, zero discount needed."
16882.0,148,2,215.7,3,3,1,331,7,Loyal Customers,1,489.42,0,0.3784067347512461,59.859349611822566,Cross-Sell Drive,Recommend bundle products based on purchase history.
16883.0,96,19,2396.59,4,5,4,454,13,Champions,0,0.0,1,0.8090100947881458,296.71823401091234,VIP Loyalty Program,"Early access to new launches, zero discount needed."
16884.0,465,2,644.08,1,3,3,133,7,Others / Need Attention,2,429.84,0,0.18427042138737704,60.57051438771596,Suppress / Low-Cost Ads,Exclude from paid campaigns to save marketing budget.
16885.0,266,2,429.88,2,3,2,232,7,At Risk,2,280.86,0,0.3567149471652379,94.68094791955924,Standard Retention Push,Automated email re-engagement.
16886.0,365,1,134.0,1,2,1,121,4,Hibernating / Lost,0,0.0,1,0.20749083243639677,37.85246745368194,Suppress / Low-Cost Ads,Exclude from paid campaigns to save marketing budget.
16887.0,309,2,465.84,2,3,2,232,7,At Risk,1,194.88,0,0.31023535568552507,82.34411758714661,Standard Retention Push,Automated email re-engagement.
16888.0,309,3,437.15,2,3,2,232,7,At Risk,0,0.0,1,0.31715487972542744,79.3053379465048,Standard Retention Push,Automated email re-engagement.
16889.0,103,6,2530.9,4,4,4,444,12,Champions,0,0.0,1,0.68445002371854,483.8016544032871,VIP Loyalty Program,"Early access to new launches, zero discount needed."
16890.0,385,3,285.41,1,3,2,132,6,Others / Need Attention,0,0.0,1,0.2191355068420714,33.373490559319066,Suppress / Low-Cost Ads,Exclude from paid campaigns to save marketing budget.
16891.0,4,9,1807.26,5,5,4,554,14,Champions,2,249.56,0,0.8238995866768571,351.7601984740745,VIP Loyalty Program,"Early access to new launches, zero discount needed."
16892.0,92,3,339.54,4,3,2,432,9,Loyal Customers,4,422.56,0,0.49649032200195475,124.49831580405832,Cross-Sell Drive,Recommend bundle products based on purchase history.
16893.0,275,2,401.77,2,3,2,232,7,At Risk,0,0.0,1,0.3467246599371978,92.02927920689007,Standard Retention Push,Automated email re-engagement.
16894.0,411,3,1324.06,1,3,4,134,8,Others / Need Attention,0,0.0,1,0.2713122517018437,129.58879761051367,Suppress / Low-Cost Ads,Exclude from paid campaigns to save marketing budget.
16895.0,347,4,902.28,2,4,3,243,9,At Risk,1,219.14,0,0.3780845636402079,116.33113594690015,Standard Retention Push,Automated email re-engagement.
16896.0,464,1,103.95,1,2,1,121,4,Hibernating / Lost,0,0.0,1,0.13917769413680092,25.3901444225314,Suppress / Low-Cost Ads,Exclude from paid campaigns to save marketing budget.
16897.0,208,2,289.78,3,3,2,332,8,Loyal Customers,0,0.0,1,0.35807445953136396,68.88079297708627,Cross-Sell Drive,Recommend bundle products based on purchase history.
16898.0,86,4,827.03,4,4,3,443,11,Champions,1,189.34,0,0.6429704061767119,185.16613051353272,VIP Loyalty Program,"Early access to new launches, zero discount needed."
16899.0,58,5,949.64,4,4,3,443,11,Champions,3,771.38,0,0.6806438369038654,233.98841511292483,VIP Loyalty Program,"Early access to new launches, zero discount needed."
16901.0,638,1,204.26,1,2,1,121,4,Hibernating / Lost,0,0.0,1,0.06480683253623443,14.64619105856797,Suppress / Low-Cost Ads,Exclude from paid campaigns to save marketing budget.
16902.0,25,1,1706.88,5,2,4,524,11,Promising / Potential,0,0.0,1,0.6374507994294238,469.0635452121077,Cross-Sell Drive,Recommend bundle products based on purchase history.
16903.0,289,2,689.04,2,3,3,233,8,At Risk,1,373.24,0,0.3782602491831931,124.61383951932164,Standard Retention Push,Automated email re-engagement.
16904.0,3,19,4427.17,5,5,5,555,15,Champions,2,705.2,0,0.888314600904942,697.6515616152595,VIP Loyalty Program,"Early access to new launches, zero discount needed."
16905.0,145,13,2785.65,3,5,5,355,13,Loyal Customers,4,2248.5,0,0.7549527886426778,339.00150655453047,Cross-Sell Drive,Recommend bundle products based on purchase history.
16906.0,95,6,1263.97,4,4,4,444,12,Champions,1,184.83,0,0.6928356470928018,204.2784083719269,VIP Loyalty Program,"Early access to new launches, zero discount needed."
16907.0,57,8,1438.13,4,5,4,454,13,Champions,1,269.77,0,0.782464143710426,289.9121523453689,VIP Loyalty Program,"Early access to new launches, zero discount needed."
16908.0,631,1,252.59,1,2,1,121,4,Hibernating / Lost,0,0.0,1,0.06690297845497384,16.85670940460991,Suppress / Low-Cost Ads,Exclude from paid campaigns to save marketing budget.
16910.0,0,1,111.78,5,2,1,521,8,Promising / Potential,7,1398.28,0,0.5180052224994083,435.31644088066605,Cross-Sell Drive,Recommend bundle products based on purchase history.
16911.0,544,2,255.25,1,3,1,131,5,Others / Need Attention,0,0.0,1,0.0926470843106324,17.496016181763434,Suppress / Low-Cost Ads,Exclude from paid campaigns to save marketing budget.
16912.0,43,11,3463.31,4,5,5,455,14,Champions,4,1017.0,0,0.8387743521582742,473.23972908843746,VIP Loyalty Program,"Early access to new launches, zero discount needed."
16913.0,199,3,423.91,3,3,2,332,8,Loyal Customers,0,0.0,1,0.3757116945808324,93.94760987118454,Cross-Sell Drive,Recommend bundle products based on purchase history.
16915.0,36,9,1303.89,5,5,4,554,14,Champions,2,239.29,0,0.800153219673128,284.0706860246233,VIP Loyalty Program,"Early access to new launches, zero discount needed."
16916.0,281,3,745.22,2,3,3,233,8,At Risk,1,378.18,0,0.3951160550090873,130.16680652204667,Standard Retention Push,Automated email re-engagement.
16917.0,185,2,1857.83,3,3,4,334,10,Loyal Customers,0,0.0,1,0.4843839569878985,274.75733114334474,Cross-Sell Drive,Recommend bundle products based on purchase history.
16918.0,4,13,2967.17,5,5,5,555,15,Champions,3,246.12,0,0.867165831171367,414.72399341120456,VIP Loyalty Program,"Early access to new launches, zero discount needed."
16919.0,65,24,5125.91,4,5,5,455,14,Champions,0,0.0,1,0.8764898282616098,678.2304079499332,VIP Loyalty Program,"Early access to new launches, zero discount needed."
16920.0,320,1,355.45,2,2,2,222,6,About to Sleep,0,0.0,1,0.28544238797996613,115.34750166933622,Suppress / Low-Cost Ads,Exclude from paid campaigns to save marketing budget.
16921.0,351,2,276.88,1,3,2,132,6,Others / Need Attention,1,169.79,0,0.24281558169026307,46.70908345685238,Suppress / Low-Cost Ads,Exclude from paid campaigns to save marketing budget.
16922.0,481,1,611.08,1,2,3,123,6,Hibernating / Lost,0,0.0,1,0.183095727289726,78.03148639696201,Suppress / Low-Cost Ads,Exclude from paid campaigns to save marketing budget.
16923.0,8,27,11052.26,5,5,5,555,15,Champions,5,2326.1,0,0.9093365784194968,1754.181686592349,VIP Loyalty Program,"Early access to new launches, zero discount needed."
16925.0,449,1,125.65,1,2,1,121,4,Hibernating / Lost,0,0.0,1,0.14816005773882235,30.120003671025877,Suppress / Low-Cost Ads,Exclude from paid campaigns to save marketing budget.
16926.0,280,5,1421.35,2,4,4,244,10,At Risk,0,0.0,1,0.5163276137601536,221.16361382664815,Standard Retention Push,Automated email re-engagement.
16927.0,24,3,543.05,5,3,2,532,10,Loyal Customers,0,0.0,1,0.5719442188798776,181.7002558023028,Cross-Sell Drive,Recommend bundle products based on purchase history.
16928.0,3,27,3669.18,5,5,5,555,15,Champions,2,444.05,0,0.9113990110763881,398.8588657549143,VIP Loyalty Program,"Early access to new launches, zero discount needed."
16929.0,36,2,428.88,5,3,2,532,10,Loyal Customers,5,866.51,0,0.5496452599461332,149.4375250180826,Cross-Sell Drive,Recommend bundle products based on purchase history.
16931.0,12,16,3548.2,5,5,5,555,15,Champions,7,1685.42,0,0.8736382210319883,522.1415671605085,VIP Loyalty Program,"Early access to new launches, zero discount needed."
16932.0,332,2,278.77,2,3,2,232,7,At Risk,1,161.94,0,0.2867991635059619,55.16996055320536,Standard Retention Push,Automated email re-engagement.
16933.0,148,8,2842.75,3,5,5,355,13,Loyal Customers,1,338.5,0,0.7210953715036456,410.42100433526906,Cross-Sell Drive,Recommend bundle products based on purchase history.
16934.0,292,4,1160.06,2,4,4,244,10,At Risk,2,950.93,0,0.49370078522056837,170.3470147339265,Standard Retention Push,Automated email re-engagement.
16935.0,290,3,535.1,2,3,2,232,7,At Risk,0,0.0,1,0.3375166371973356,106.21776199166213,Standard Retention Push,Automated email re-engagement.
16936.0,294,1,288.49,2,2,2,222,6,About to Sleep,1,262.68,0,0.31194906800898825,83.50615125383152,Suppress / Low-Cost Ads,Exclude from paid campaigns to save marketing budget.
16937.0,408,1,202.1,1,2,1,121,4,Hibernating / Lost,0,0.0,1,0.1751600488903906,39.58575726475137,Suppress / Low-Cost Ads,Exclude from paid campaigns to save marketing budget.
16938.0,88,8,6717.55,4,5,5,455,14,Champions,1,325.63,0,0.7913713068949375,778.441225719829,VIP Loyalty Program,"Early access to new launches, zero discount needed."
16939.0,397,3,449.0,1,3,2,132,6,Others / Need Attention,0,0.0,1,0.20929849794701383,52.21872465139667,Suppress / Low-Cost Ads,Exclude from paid campaigns to save marketing budget.
16940.0,78,7,5246.14,4,4,5,445,13,Champions,1,1181.52,0,0.7563085385708335,728.0815638285733,VIP Loyalty Program,"Early access to new launches, zero discount needed."
16941.0,520,1,33.0,1,2,1,121,4,Hibernating / Lost,0,0.0,1,0.10960449105430725,52.9758589036107,Suppress / Low-Cost Ads,Exclude from paid campaigns to save marketing budget.
16942.0,45,7,1449.14,4,4,4,444,12,Champions,2,471.45,0,0.7481878018948747,280.96688407956265,VIP Loyalty Program,"Early access to new launches, zero discount needed."
16943.0,120,5,1299.49,3,4,4,344,11,Loyal Customers,0,0.0,1,0.6382741353746608,223.99909475329034,Cross-Sell Drive,Recommend bundle products based on purchase history.
16944.0,518,1,101.36,1,2,1,121,4,Hibernating / Lost,0,0.0,1,0.11055759135410648,19.28144772353078,Suppress / Low-Cost Ads,Exclude from paid campaigns to save marketing budget.
16945.0,7,27,7209.72,5,5,5,555,15,Champions,6,1338.44,0,0.9097770069675408,993.9213505517146,VIP Loyalty Program,"Early access to new launches, zero discount needed."
16946.0,292,5,1222.04,2,4,4,244,10,At Risk,0,0.0,1,0.501732930808059,151.96584027735156,Standard Retention Push,Automated email re-engagement.
16947.0,144,5,955.21,3,4,3,343,10,Loyal Customers,0,0.0,1,0.5612756276975677,174.5628767104664,Cross-Sell Drive,Recommend bundle products based on purchase history.
16948.0,47,7,868.77,4,4,3,443,11,Champions,0,0.0,1,0.705696995126103,175.85277260459887,VIP Loyalty Program,"Early access to new launches, zero discount needed."
16949.0,94,4,893.75,4,4,3,443,11,Champions,2,392.52,0,0.6339778602842956,196.3536010821521,VIP Loyalty Program,"Early access to new launches, zero discount needed."
16950.0,33,9,3384.22,5,5,5,555,15,Champions,1,400.15,0,0.8329007066798737,496.90086242809247,VIP Loyalty Program,"Early access to new launches, zero discount needed."
16951.0,43,3,1277.75,4,3,4,434,11,Loyal Customers,0,0.0,1,0.6533685941601757,325.963500122266,Cross-Sell Drive,Recommend bundle products based on purchase history.
16952.0,18,5,798.78,5,4,3,543,12,Champions,0,0.0,1,0.7159121483404072,263.4611013457172,VIP Loyalty Program,"Early access to new launches, zero discount needed."
16954.0,33,15,5242.18,5,5,5,555,15,Champions,5,839.7,0,0.8580172126428349,778.6410537672303,VIP Loyalty Program,"Early access to new launches, zero discount needed."
16955.0,93,6,1309.41,4,4,4,444,12,Champions,0,0.0,1,0.6949028851337398,239.7179023091469,VIP Loyalty Program,"Early access to new launches, zero discount needed."
16957.0,148,2,416.64,3,3,2,332,8,Loyal Customers,0,0.0,1,0.4276092860862877,108.82484219644212,Cross-Sell Drive,Recommend bundle products based on purchase history.
16958.0,344,1,809.44,2,2,3,223,7,About to Sleep,0,0.0,1,0.30368627648725477,130.73008977047496,Suppress / Low-Cost Ads,Exclude from paid campaigns to save marketing budget.
16960.0,161,6,1737.91,3,4,4,344,11,Loyal Customers,2,305.52,0,0.5987688099339412,311.0831605688698,Cross-Sell Drive,Recommend bundle products based on purchase history.
16961.0,25,3,794.56,5,3,3,533,11,Loyal Customers,0,0.0,1,0.6200162136256928,221.8305117704465,Cross-Sell Drive,Recommend bundle products based on purchase history.
16962.0,318,1,251.04,2,2,1,221,5,About to Sleep,0,0.0,1,0.24738608622472058,65.01363416565223,Suppress / Low-Cost Ads,Exclude from paid campaigns to save marketing budget.
16963.0,96,1,110.55,4,2,1,421,7,Promising / Potential,0,0.0,1,0.4089928954785813,67.80325914140639,Cross-Sell Drive,Recommend bundle products based on purchase history.
16964.0,642,2,207.85,1,3,1,131,5,Others / Need Attention,0,0.0,1,0.05958695160014926,9.885851430444552,Suppress / Low-Cost Ads,Exclude from paid campaigns to save marketing budget.
16965.0,135,1,201.19,3,2,1,321,6,Promising / Potential,0,0.0,1,0.37033137584938114,85.66132666412763,Cross-Sell Drive,Recommend bundle products based on purchase history.
16966.0,79,4,1486.56,4,4,4,444,12,Champions,3,668.41,0,0.6957221303479498,332.6469335271729,VIP Loyalty Program,"Early access to new launches, zero discount needed."
16967.0,98,1,319.02,4,2,2,422,8,Promising / Potential,0,0.0,1,0.4568166912274696,227.38537610507012,Cross-Sell Drive,Recommend bundle products based on purchase history.
16968.0,16,1,253.31,5,2,1,521,8,Promising / Potential,1,186.12,0,0.49853285336546216,189.64140860389844,Cross-Sell Drive,Recommend bundle products based on purchase history.
16969.0,43,2,478.96,4,3,2,432,9,Loyal Customers,1,171.45,0,0.5479479509036465,148.97606072286626,Cross-Sell Drive,Recommend bundle products based on purchase history.
16970.0,535,1,71.4,1,2,1,121,4,Hibernating / Lost,0,0.0,1,0.1026771505432259,17.90708432005628,Suppress / Low-Cost Ads,Exclude from paid campaigns to save marketing budget.
16972.0,291,2,786.25,2,3,3,233,8,At Risk,0,0.0,1,0.3759699587690666,131.32420580956298,Standard Retention Push,Automated email re-engagement.
16973.0,295,1,127.0,2,2,1,221,5,About to Sleep,0,0.0,1,0.26882322738462383,54.65006371660079,Suppress / Low-Cost Ads,Exclude from paid campaigns to save marketing budget.
16974.0,431,2,365.5,1,3,2,132,6,Others / Need Attention,0,0.0,1,0.17845800878146123,45.820770080038436,Suppress / Low-Cost Ads,Exclude from paid campaigns to save marketing budget.
16975.0,332,3,926.12,2,3,3,233,8,At Risk,0,0.0,1,0.33755813787650424,116.87327346816754,Standard Retention Push,Automated email re-engagement.
16976.0,176,1,251.52,3,2,1,321,6,Promising / Potential,0,0.0,1,0.32510087571266866,84.38848360171242,Cross-Sell Drive,Recommend bundle products based on purchase history.
16977.0,304,4,496.0,2,4,2,242,8,At Risk,0,0.0,1,0.379186865776593,93.83826522153916,Standard Retention Push,Automated email re-engagement.
16978.0,575,2,424.55,1,3,2,132,6,Others / Need Attention,1,344.33,0,0.09726742203927075,25.75953661487601,Suppress / Low-Cost Ads,Exclude from paid campaigns to save marketing budget.
16979.0,56,5,1563.39,4,4,4,444,12,Champions,4,1296.35,0,0.7253431469083902,438.27899105999717,VIP Loyalty Program,"Early access to new launches, zero discount needed."
16980.0,164,3,1473.33,3,3,4,334,10,Loyal Customers,0,0.0,1,0.517979546261038,304.91869174679607,Cross-Sell Drive,Recommend bundle products based on purchase history.
16983.0,5,9,2969.27,5,5,5,555,15,Champions,2,740.95,0,0.8510307655952413,492.9646734523092,VIP Loyalty Program,"Early access to new launches, zero discount needed."
16984.0,39,8,9499.58,4,5,5,455,14,Champions,1,1255.22,0,0.8279884161062179,1217.903855443265,VIP Loyalty Program,"Early access to new launches, zero discount needed."
16985.0,66,20,9037.58,4,5,5,455,14,Champions,3,1885.58,0,0.8612472303621993,1267.9137580063962,VIP Loyalty Program,"Early access to new launches, zero discount needed."
16986.0,354,9,3015.55,1,5,5,155,11,Can't Lose Them,2,1873.2,0,0.3845417892589339,235.99099064779477,Executive Outreach,Feedback survey + customized high-value offer.
16987.0,79,7,1540.3,4,4,4,444,12,Champions,4,995.6,0,0.715737531841826,276.6228350944299,VIP Loyalty Program,"Early access to new launches, zero discount needed."
16988.0,288,1,256.55,2,2,1,221,5,About to Sleep,1,126.12,0,0.2755716648500822,72.42086925094289,Suppress / Low-Cost Ads,Exclude from paid campaigns to save marketing budget.
16989.0,7,2,890.7,5,3,3,533,11,Loyal Customers,4,242.55,0,0.6329998151098486,265.96345453205566,Cross-Sell Drive,Recommend bundle products based on purchase history.
16990.0,127,2,344.0,3,3,2,332,8,Loyal Customers,0,0.0,1,0.45280210236283525,113.36828930190164,Cross-Sell Drive,Recommend bundle products based on purchase history.
16991.0,330,1,1041.21,2,2,3,223,7,About to Sleep,0,0.0,1,0.31828392196791644,146.73679168056665,Suppress / Low-Cost Ads,Exclude from paid campaigns to save marketing budget.
16992.0,7,11,4834.54,5,5,5,555,15,Champions,2,641.96,0,0.8577846645572411,798.8642767380779,VIP Loyalty Program,"Early access to new launches, zero discount needed."
16993.0,372,2,1950.95,1,3,4,134,8,Others / Need Attention,0,0.0,1,0.30358084113700634,209.47184753408638,Suppress / Low-Cost Ads,Exclude from paid campaigns to save marketing budget.
16996.0,30,8,1708.43,5,5,4,554,14,Champions,1,415.18,0,0.7996770236289186,342.26186329718115,VIP Loyalty Program,"Early access to new launches, zero discount needed."
16997.0,197,3,702.0,3,3,3,333,9,Loyal Customers,0,0.0,1,0.4271820463246795,140.7306083078747,Cross-Sell Drive,Recommend bundle products based on purchase history.
16998.0,58,5,402.0,4,4,2,442,10,Champions,0,0.0,1,0.63461607227093,147.12959683405222,VIP Loyalty Program,"Early access to new launches, zero discount needed."
17000.0,305,2,406.3,2,3,2,232,7,At Risk,0,0.0,1,0.3144198947714326,83.4547975023245,Standard Retention Push,Automated email re-engagement.
17001.0,0,16,5444.72,5,5,5,555,15,Champions,3,1196.08,0,0.8799234041109253,847.982311691278,VIP Loyalty Program,"Early access to new launches, zero discount needed."
17002.0,124,6,2071.34,3,4,4,344,11,Loyal Customers,1,500.21,0,0.6411699962821189,399.21567448237596,Cross-Sell Drive,Recommend bundle products based on purchase history.
17003.0,311,4,830.16,2,4,3,243,9,At Risk,0,0.0,1,0.4200919660609851,120.18672198610915,Standard Retention Push,Automated email re-engagement.
17004.0,1,3,2018.62,5,3,4,534,12,Loyal Customers,1,406.54,0,0.6923324606914594,424.23904792540475,Cross-Sell Drive,Recommend bundle products based on purchase history.
17005.0,379,2,742.36,1,3,3,133,7,Others / Need Attention,0,0.0,1,0.255600253146418,84.01695016566286,Suppress / Low-Cost Ads,Exclude from paid campaigns to save marketing budget.
17006.0,301,4,854.54,2,4,3,243,9,At Risk,4,781.78,0,0.4319965941453825,127.25427974412517,Standard Retention Push,Automated email re-engagement.
17007.0,64,6,805.61,4,4,3,443,11,Champions,1,314.49,0,0.681283079649766,189.1099834317168,VIP Loyalty Program,"Early access to new launches, zero discount needed."
17008.0,338,1,81.36,2,2,1,221,5,About to Sleep,0,0.0,1,0.22970826771290487,41.905609432984534,Suppress / Low-Cost Ads,Exclude from paid campaigns to save marketing budget.
17009.0,460,1,242.06,1,2,1,121,4,Hibernating / Lost,0,0.0,1,0.14152534436429698,37.77289689311205,Suppress / Low-Cost Ads,Exclude from paid campaigns to save marketing budget.
17011.0,556,2,400.8,1,3,2,132,6,Others / Need Attention,1,270.9,0,0.1056987432080525,27.99242119026165,Suppress / Low-Cost Ads,Exclude from paid campaigns to save marketing budget.
17012.0,634,1,384.16,1,2,2,122,5,Hibernating / Lost,0,0.0,1,0.0797932606670998,27.19747023827822,Suppress / Low-Cost Ads,Exclude from paid campaigns to save marketing budget.
17015.0,94,1,524.5,4,2,2,422,8,Promising / Potential,2,1318.06,0,0.4616467664365148,224.55585107731739,Cross-Sell Drive,Recommend bundle products based on purchase history.
17016.0,485,1,552.4,1,2,2,122,5,Hibernating / Lost,0,0.0,1,0.1519084111226352,64.74011868853239,Suppress / Low-Cost Ads,Exclude from paid campaigns to save marketing budget.
17017.0,71,23,10847.63,4,5,5,455,14,Champions,6,3262.98,0,0.869611501535323,1559.2363751001817,VIP Loyalty Program,"Early access to new launches, zero discount needed."
17018.0,234,5,1772.6,3,4,4,344,11,Loyal Customers,1,515.1,0,0.5031909977064692,279.2067845472058,Cross-Sell Drive,Recommend bundle products based on purchase history.
17019.0,170,10,3735.52,3,5,5,355,13,Loyal Customers,1,276.68,0,0.7123752310784373,408.4259519057186,Cross-Sell Drive,Recommend bundle products based on purchase history.
17020.0,451,2,935.62,1,3,3,133,7,Others / Need Attention,0,0.0,1,0.19473207640666323,67.88283075945401,Suppress / Low-Cost Ads,Exclude from paid campaigns to save marketing budget.
17021.0,351,6,1182.22,1,4,4,144,9,Can't Lose Them,0,0.0,1,0.27407968536471206,94.66274428144388,Executive Outreach,Feedback survey + customized high-value offer.
17022.0,341,1,189.0,2,2,1,221,5,About to Sleep,1,71.0,0,0.22713153532914931,47.6748926287463,Suppress / Low-Cost Ads,Exclude from paid campaigns to save marketing budget.
17023.0,326,3,800.18,2,3,3,233,8,At Risk,0,0.0,1,0.34412492226879576,120.2009124989308,Standard Retention Push,Automated email re-engagement.
17024.0,8,2,56.25,5,3,1,531,9,Loyal Customers,1,39.6,0,0.5326745304507194,35.46018169582542,Cross-Sell Drive,Recommend bundle products based on purchase history.
17025.0,282,4,1313.84,2,4,4,244,10,At Risk,1,196.8,0,0.5058676405567945,181.37197167595644,Standard Retention Push,Automated email re-engagement.
17026.0,94,3,208.98,4,3,1,431,8,Loyal Customers,0,0.0,1,0.4431247104499292,42.39767723599715,Cross-Sell Drive,Recommend bundle products based on purchase history.
17027.0,88,7,1092.7,4,4,3,443,11,Champions,2,234.41,0,0.6626043870124227,212.0969401510398,VIP Loyalty Program,"Early access to new launches, zero discount needed."
17028.0,490,3,1593.83,1,3,4,134,8,Others / Need Attention,0,0.0,1,0.20219139333860325,135.97093779856138,Suppress / Low-Cost Ads,Exclude from paid campaigns to save marketing budget.
17029.0,19,7,2137.3,5,4,4,544,13,Champions,0,0.0,1,0.766426386329364,429.1870498762677,VIP Loyalty Program,"Early access to new launches, zero discount needed."
17031.0,63,5,2619.45,4,4,4,444,12,Champions,1,154.4,0,0.7184743777194293,491.24700505941064,VIP Loyalty Program,"Early access to new launches, zero discount needed."
17032.0,456,8,3004.6,1,5,5,155,11,Can't Lose Them,0,0.0,1,0.26912210202190656,166.1369880789747,Executive Outreach,Feedback survey + customized high-value offer.
17033.0,123,3,910.75,3,3,3,333,9,Loyal Customers,1,422.04,0,0.5167228450334642,181.37892829731723,Cross-Sell Drive,Recommend bundle products based on purchase history.
17034.0,196,3,680.2,3,3,3,333,9,Loyal Customers,2,603.72,0,0.4283745540541216,141.12346737023492,Cross-Sell Drive,Recommend bundle products based on purchase history.
17035.0,154,4,613.59,3,4,3,343,10,Loyal Customers,0,0.0,1,0.5412949335608441,146.25086830880824,Cross-Sell Drive,Recommend bundle products based on purchase history.
17036.0,292,1,176.9,2,2,1,221,5,About to Sleep,0,0.0,1,0.2717027251788453,56.931330741245404,Suppress / Low-Cost Ads,Exclude from paid campaigns to save marketing budget.
17038.0,324,1,630.77,2,2,3,223,7,About to Sleep,1,112.4,0,0.32466738719773713,137.3433666040511,Suppress / Low-Cost Ads,Exclude from paid campaigns to save marketing budget.
17039.0,513,1,1954.99,1,2,4,124,7,Hibernating / Lost,0,0.0,1,0.19050097881287265,118.27858770054293,Suppress / Low-Cost Ads,Exclude from paid campaigns to save marketing budget.
17040.0,46,2,463.25,4,3,2,432,9,Loyal Customers,0,0.0,1,0.5443278593268246,147.99183041106102,Cross-Sell Drive,Recommend bundle products based on purchase history.
17041.0,17,5,1355.6,5,4,4,544,13,Champions,1,330.68,0,0.7565399251437764,381.49634697853065,VIP Loyalty Program,"Early access to new launches, zero discount needed."
17042.0,30,4,922.82,5,4,3,543,12,Champions,1,121.56,0,0.6971353179878811,234.0388738546272,VIP Loyalty Program,"Early access to new launches, zero discount needed."
17043.0,87,6,1206.34,4,4,4,444,12,Champions,2,1410.21,0,0.7010637575114778,209.5493713827504,VIP Loyalty Program,"Early access to new launches, zero discount needed."
17044.0,283,11,11013.82,2,5,5,255,12,At Risk,1,948.48,0,0.6602647965006592,808.1040297350004,High-Value Win-Back,20% off limited promo code + direct outreach.
17045.0,22,5,827.68,5,4,3,543,12,Champions,0,0.0,1,0.7119337950163779,207.33379264013266,VIP Loyalty Program,"Early access to new launches, zero discount needed."
17046.0,66,5,1906.07,4,4,4,444,12,Champions,0,0.0,1,0.7155288028632539,461.7541503972498,VIP Loyalty Program,"Early access to new launches, zero discount needed."
17047.0,114,5,1937.76,3,4,4,344,11,Loyal Customers,1,351.47,0,0.6449729083128108,392.40030137569624,Cross-Sell Drive,Recommend bundle products based on purchase history.
17048.0,26,7,2071.68,5,4,4,544,13,Champions,0,0.0,1,0.7602712458545737,398.5393388907603,VIP Loyalty Program,"Early access to new launches, zero discount needed."
17049.0,26,15,6894.15,5,5,5,555,15,Champions,4,3053.33,0,0.8620940327030199,1009.2076373915199,VIP Loyalty Program,"Early access to new launches, zero discount needed."
17050.0,5,11,4691.79,5,5,5,555,15,Champions,0,0.0,1,0.8589706348152729,799.968783861558,VIP Loyalty Program,"Early access to new launches, zero discount needed."
17051.0,103,4,714.39,4,4,3,443,11,Champions,0,0.0,1,0.6237562661177993,176.92708564355667,VIP Loyalty Program,"Early access to new launches, zero discount needed."
17053.0,39,1,498.48,4,2,2,422,8,Promising / Potential,0,0.0,1,0.528488915640039,239.24770099675987,Cross-Sell Drive,Recommend bundle products based on purchase history.
17054.0,46,4,1207.32,4,4,4,444,12,Champions,1,149.01,0,0.7286370979782797,239.38297413023452,VIP Loyalty Program,"Early access to new launches, zero discount needed."
17055.0,354,1,239.55,1,2,1,121,4,Hibernating / Lost,0,0.0,1,0.21643358824867442,54.58431825162822,Suppress / Low-Cost Ads,Exclude from paid campaigns to save marketing budget.
17056.0,647,1,128.6,1,2,1,121,4,Hibernating / Lost,0,0.0,1,0.06220168422798822,12.645209416654275,Suppress / Low-Cost Ads,Exclude from paid campaigns to save marketing budget.
17057.0,505,1,294.74,1,2,2,122,5,Hibernating / Lost,0,0.0,1,0.13978740648780874,38.003120687183745,Suppress / Low-Cost Ads,Exclude from paid campaigns to save marketing budget.
17058.0,108,2,819.66,3,3,3,333,9,Loyal Customers,1,360.23,0,0.5269298972666012,177.40808216639613,Cross-Sell Drive,Recommend bundle products based on purchase history.
17059.0,19,8,4757.59,5,5,5,555,15,Champions,1,844.94,0,0.8378313607548153,735.5486267878928,VIP Loyalty Program,"Early access to new launches, zero discount needed."
17060.0,175,1,234.24,3,2,1,321,6,Promising / Potential,0,0.0,1,0.32617055552066954,81.18522756370442,Cross-Sell Drive,Recommend bundle products based on purchase history.
17061.0,19,10,4658.83,5,5,5,555,15,Champions,1,573.4,0,0.8463776140143351,636.0128267382674,VIP Loyalty Program,"Early access to new launches, zero discount needed."
17062.0,222,6,1208.22,3,4,4,344,11,Loyal Customers,0,0.0,1,0.5258270559143584,158.53756799334167,Cross-Sell Drive,Recommend bundle products based on purchase history.
17063.0,72,10,2849.26,4,5,5,455,14,Champions,3,789.27,0,0.813949129276161,490.6101453708461,VIP Loyalty Program,"Early access to new launches, zero discount needed."
17064.0,91,2,461.3,4,3,2,432,9,Loyal Customers,1,398.05,0,0.4896706817850144,130.82917938470436,Cross-Sell Drive,Recommend bundle products based on purchase history.
17065.0,546,2,194.7,1,3,1,131,5,Others / Need Attention,0,0.0,1,0.09183236381987958,15.675149343618868,Suppress / Low-Cost Ads,Exclude from paid campaigns to save marketing budget.
17066.0,635,1,228.34,1,2,1,121,4,Hibernating / Lost,0,0.0,1,0.06569756480085465,14.744133937101942,Suppress / Low-Cost Ads,Exclude from paid campaigns to save marketing budget.
17067.0,633,3,454.54,1,3,2,132,6,Others / Need Attention,0,0.0,1,0.07739879499341873,18.740753387933335,Suppress / Low-Cost Ads,Exclude from paid campaigns to save marketing budget.
17068.0,3,42,8148.23,5,5,5,555,15,Champions,5,1012.85,0,0.9433389671053197,1112.9366440628821,VIP Loyalty Program,"Early access to new launches, zero discount needed."
17069.0,64,10,4580.37,4,5,5,455,14,Champions,4,1213.91,0,0.8197434983552407,618.9588821407884,VIP Loyalty Program,"Early access to new launches, zero discount needed."
17070.0,23,2,445.32,5,3,2,532,10,Loyal Customers,0,0.0,1,0.5652584744970359,164.19562453277663,Cross-Sell Drive,Recommend bundle products based on purchase history.
17071.0,43,10,2774.59,4,5,5,455,14,Champions,3,1026.61,0,0.8343928556303359,492.6575548135047,VIP Loyalty Program,"Early access to new launches, zero discount needed."
17072.0,534,1,282.05,1,2,2,122,5,Hibernating / Lost,0,0.0,1,0.12365612748340027,33.617611589862925,Suppress / Low-Cost Ads,Exclude from paid campaigns to save marketing budget.
17073.0,18,1,453.79,5,2,2,522,9,Promising / Potential,3,992.3,0,0.5471341333296913,322.2013579189628,Cross-Sell Drive,Recommend bundle products based on purchase history.
17074.0,471,1,203.05,1,2,1,121,4,Hibernating / Lost,0,0.0,1,0.1351428961590868,30.5419752808861,Suppress / Low-Cost Ads,Exclude from paid campaigns to save marketing budget.
17075.0,162,9,2103.68,3,5,4,354,12,Loyal Customers,1,138.05,0,0.6702327333030518,316.6701368645328,Cross-Sell Drive,Recommend bundle products based on purchase history.
17076.0,182,5,735.87,3,4,3,343,10,Loyal Customers,1,506.88,0,0.5153325175386174,138.2858682108352,Cross-Sell Drive,Recommend bundle products based on purchase history.
17077.0,487,1,306.0,1,2,2,122,5,Hibernating / Lost,0,0.0,1,0.1506620897099461,39.31398146474046,Suppress / Low-Cost Ads,Exclude from paid campaigns to save marketing budget.
17080.0,178,6,746.23,3,4,3,343,10,Loyal Customers,1,211.3,0,0.5282103735823427,136.0156041215794,Cross-Sell Drive,Recommend bundle products based on purchase history.
17081.0,304,4,674.23,2,4,3,243,9,At Risk,2,290.16,0,0.4284216425360652,120.72360616472939,Standard Retention Push,Automated email re-engagement.
17082.0,227,5,3365.12,3,4,5,345,12,Loyal Customers,1,1366.91,0,0.5625150042285042,394.95029547517083,Cross-Sell Drive,Recommend bundle products based on purchase history.
17083.0,18,9,4049.79,5,5,5,555,15,Champions,0,0.0,1,0.8428086493007875,633.330918216105,VIP Loyalty Program,"Early access to new launches, zero discount needed."
17084.0,305,1,2253.22,2,2,4,224,8,About to Sleep,2,2949.75,0,0.39284486438200505,314.6604223248663,Suppress / Low-Cost Ads,Exclude from paid campaigns to save marketing budget.
17085.0,32,28,7891.41,5,5,5,555,15,Champions,0,0.0,1,0.9021410601217996,1002.2277482912593,VIP Loyalty Program,"Early access to new launches, zero discount needed."
17087.0,646,1,221.53,1,2,1,121,4,Hibernating / Lost,0,0.0,1,0.06248562044176964,13.222913958817173,Suppress / Low-Cost Ads,Exclude from paid campaigns to save marketing budget.
17088.0,91,2,1399.11,4,3,4,434,11,Loyal Customers,2,591.9,0,0.5909799725778541,362.4133750287561,Cross-Sell Drive,Recommend bundle products based on purchase history.
17089.0,295,1,128.45,2,2,1,221,5,About to Sleep,0,0.0,1,0.26882319141290034,54.650056403776674,Suppress / Low-Cost Ads,Exclude from paid campaigns to save marketing budget.
17090.0,7,10,1917.3,5,5,4,554,14,Champions,3,1232.18,0,0.8264267239139398,419.23301052963785,VIP Loyalty Program,"Early access to new launches, zero discount needed."
17091.0,7,17,6675.34,5,5,5,555,15,Champions,2,1135.76,0,0.879701342354199,1049.5190628431073,VIP Loyalty Program,"Early access to new launches, zero discount needed."
17092.0,35,9,4450.25,5,5,5,555,15,Champions,2,1144.71,0,0.8315221757893072,622.3996551959779,VIP Loyalty Program,"Early access to new launches, zero discount needed."
17093.0,501,1,235.88,1,2,1,121,4,Hibernating / Lost,0,0.0,1,0.11896128622495084,31.131462105087767,Suppress / Low-Cost Ads,Exclude from paid campaigns to save marketing budget.
17094.0,231,2,402.2,3,3,2,332,8,Loyal Customers,0,0.0,1,0.33275944144961955,88.32256566764728,Cross-Sell Drive,Recommend bundle products based on purchase history.
17095.0,208,6,1792.05,3,4,4,344,11,Loyal Customers,1,780.2,0,0.5427681117370184,293.5339937832231,Cross-Sell Drive,Recommend bundle products based on purchase history.
17096.0,52,9,3180.99,4,5,5,455,14,Champions,2,578.19,0,0.8236211740731619,495.67111999353045,VIP Loyalty Program,"Early access to new launches, zero discount needed."
17097.0,9,7,1025.56,5,4,3,543,12,Champions,2,314.89,0,0.7373695268781442,268.61628618516175,VIP Loyalty Program,"Early access to new launches, zero discount needed."
17098.0,290,3,591.07,2,3,3,233,8,At Risk,0,0.0,1,0.38469720721725875,126.73442728179938,Standard Retention Push,Automated email re-engagement.
17099.0,442,1,582.17,1,2,3,123,6,Hibernating / Lost,0,0.0,1,0.2132205127820339,90.87002623702482,Suppress / Low-Cost Ads,Exclude from paid campaigns to save marketing budget.
17101.0,87,4,1115.9,4,4,3,443,11,Champions,3,1391.15,0,0.6418435409912664,212.02764184399558,VIP Loyalty Program,"Early access to new launches, zero discount needed."
17102.0,170,1,25.5,3,2,1,321,6,Promising / Potential,0,0.0,1,0.33154940819982726,250.7624390582636,Cross-Sell Drive,Recommend bundle products based on purchase history.
17103.0,631,1,424.3,1,2,2,122,5,Hibernating / Lost,0,0.0,1,0.08087200961918228,27.593078847459683,Suppress / Low-Cost Ads,Exclude from paid campaigns to save marketing budget.
17104.0,332,1,474.03,2,2,2,222,6,About to Sleep,0,0.0,1,0.2736731782039423,112.31299984602163,Suppress / Low-Cost Ads,Exclude from paid campaigns to save marketing budget.
17105.0,68,2,665.78,4,3,3,433,10,Loyal Customers,0,0.0,1,0.5684097866879061,191.80745757482183,Cross-Sell Drive,Recommend bundle products based on purchase history.
17106.0,298,1,491.23,2,2,2,222,6,About to Sleep,0,0.0,1,0.307778799229677,127.14779725230989,Suppress / Low-Cost Ads,Exclude from paid campaigns to save marketing budget.
17107.0,64,7,11594.05,4,4,5,445,13,Champions,3,4481.37,0,0.7685088150833991,2294.4302866573203,VIP Loyalty Program,"Early access to new launches, zero discount needed."
17108.0,572,1,174.95,1,2,1,121,4,Hibernating / Lost,0,0.0,1,0.08722572033479148,18.276873484631615,Suppress / Low-Cost Ads,Exclude from paid campaigns to save marketing budget.
17109.0,141,4,875.01,3,4,3,343,10,Loyal Customers,4,420.45,0,0.5569566691539021,173.73731705664989,Cross-Sell Drive,Recommend bundle products based on purchase history.
17110.0,74,3,510.7,4,3,2,432,9,Loyal Customers,0,0.0,1,0.5183867274288392,153.9909869259699,Cross-Sell Drive,Recommend bundle products based on purchase history.
17111.0,334,1,227.97,2,2,1,221,5,About to Sleep,1,248.61,0,0.23316916169129043,52.32883989534788,Suppress / Low-Cost Ads,Exclude from paid campaigns to save marketing budget.
17112.0,411,1,205.17,1,2,1,121,4,Hibernating / Lost,0,0.0,1,0.17305962479494885,39.11106638106006,Suppress / Low-Cost Ads,Exclude from paid campaigns to save marketing budget.
17113.0,483,6,2322.59,1,4,4,144,9,Can't Lose Them,0,0.0,1,0.16563791732586453,103.87850563657453,Executive Outreach,Feedback survey + customized high-value offer.
17114.0,47,6,603.59,4,4,3,443,11,Champions,2,205.03,0,0.6989855496504246,194.0238201444178,VIP Loyalty Program,"Early access to new launches, zero discount needed."
17115.0,91,6,2536.81,4,4,4,444,12,Champions,1,224.68,0,0.6969307873957593,465.5596626464154,VIP Loyalty Program,"Early access to new launches, zero discount needed."
17116.0,557,1,389.78,1,2,2,122,5,Hibernating / Lost,0,0.0,1,0.112021882741967,40.44443986702103,Suppress / Low-Cost Ads,Exclude from paid campaigns to save marketing budget.
17117.0,197,1,116.2,3,2,1,321,6,Promising / Potential,0,0.0,1,0.3030833350182288,49.92480697361761,Cross-Sell Drive,Recommend bundle products based on purchase history.
17118.0,226,1,157.02,3,2,1,321,6,Promising / Potential,0,0.0,1,0.2741113949788435,58.8725707479505,Cross-Sell Drive,Recommend bundle products based on purchase history.
17120.0,142,1,307.46,3,2,2,322,7,Promising / Potential,0,0.0,1,0.4109204496615947,116.08610581852425,Cross-Sell Drive,Recommend bundle products based on purchase history.
17121.0,311,1,314.74,2,2,2,222,6,About to Sleep,0,0.0,1,0.2944646412962927,116.25393073183388,Suppress / Low-Cost Ads,Exclude from paid campaigns to save marketing budget.
17122.0,28,4,570.5,5,4,3,543,12,Champions,0,0.0,1,0.6991967415025931,219.23649765617114,VIP Loyalty Program,"Early access to new launches, zero discount needed."
17123.0,70,3,977.17,4,3,3,433,10,Loyal Customers,0,0.0,1,0.573886689205097,235.2802771511202,Cross-Sell Drive,Recommend bundle products based on purchase history.
17124.0,94,1,298.89,4,2,2,422,8,Promising / Potential,0,0.0,1,0.46165384328711223,130.19288169267256,Cross-Sell Drive,Recommend bundle products based on purchase history.
17126.0,61,9,2070.44,4,5,4,454,13,Champions,0,0.0,1,0.7845982085552841,386.1339764257136,VIP Loyalty Program,"Early access to new launches, zero discount needed."
17127.0,337,5,1155.03,2,4,4,244,10,At Risk,0,0.0,1,0.4471577207073707,145.03876503539743,Standard Retention Push,Automated email re-engagement.
17128.0,243,1,157.09,3,2,1,321,6,Promising / Potential,0,0.0,1,0.2579532823949222,55.40219467575665,Cross-Sell Drive,Recommend bundle products based on purchase history.
17129.0,429,1,31.85,1,2,1,121,4,Hibernating / Lost,0,0.0,1,0.16087727466089752,81.32408270054385,Suppress / Low-Cost Ads,Exclude from paid campaigns to save marketing budget.
17132.0,361,2,1272.8,1,3,4,134,8,Others / Need Attention,0,0.0,1,0.3150401733197308,155.7315466116185,Suppress / Low-Cost Ads,Exclude from paid campaigns to save marketing budget.
17133.0,99,8,12208.88,4,5,5,455,14,Champions,4,2413.45,0,0.7822726841754424,1815.4475509407512,VIP Loyalty Program,"Early access to new launches, zero discount needed."
17134.0,15,3,637.1,5,3,3,533,11,Loyal Customers,0,0.0,1,0.6314229538080632,260.58075196496986,Cross-Sell Drive,Recommend bundle products based on purchase history.
17135.0,198,5,1314.98,3,4,4,344,11,Loyal Customers,5,639.18,0,0.5468876275543639,193.79828079583714,Cross-Sell Drive,Recommend bundle products based on purchase history.
17136.0,571,1,231.68,1,2,1,121,4,Hibernating / Lost,0,0.0,1,0.08761357891369193,22.422636157077655,Suppress / Low-Cost Ads,Exclude from paid campaigns to save marketing budget.
17137.0,325,6,1133.63,2,4,3,243,9,At Risk,0,0.0,1,0.4191354202198342,135.32999017073757,Standard Retention Push,Automated email re-engagement.
17138.0,184,7,4417.27,3,4,5,345,12,Loyal Customers,0,0.0,1,0.6282886008247235,475.8570211750269,Cross-Sell Drive,Recommend bundle products based on purchase history.
17139.0,31,20,15767.81,5,5,5,555,15,Champions,5,3816.65,0,0.8773979096831971,1731.7690361916004,VIP Loyalty Program,"Early access to new launches, zero discount needed."
17140.0,156,1,465.32,3,2,2,322,7,Promising / Potential,0,0.0,1,0.3945212522656941,160.11233156483587,Cross-Sell Drive,Recommend bundle products based on purchase history.
17141.0,327,4,754.33,2,4,3,243,9,At Risk,0,0.0,1,0.40124288495750127,113.06498834482083,Standard Retention Push,Automated email re-engagement.
17142.0,148,4,1283.75,3,4,4,344,11,Loyal Customers,0,0.0,1,0.5985472366475981,205.77353200449903,Cross-Sell Drive,Recommend bundle products based on purchase history.
17143.0,326,2,924.11,2,3,3,233,8,At Risk,0,0.0,1,0.33690461262174654,123.08823487914772,Standard Retention Push,Automated email re-engagement.
17145.0,421,4,3120.91,1,4,5,145,10,Can't Lose Them,0,0.0,1,0.2360179363277739,190.3872879536846,Executive Outreach,Feedback survey + customized high-value offer.
17146.0,14,13,5860.24,5,5,5,555,15,Champions,0,0.0,1,0.8614128290630872,849.9181808343158,VIP Loyalty Program,"Early access to new launches, zero discount needed."
17147.0,115,7,2458.47,3,4,4,344,11,Loyal Customers,2,741.48,0,0.6584411374864545,363.535042516918,Cross-Sell Drive,Recommend bundle products based on purchase history.
17149.0,360,1,143.1,1,2,1,121,4,Hibernating / Lost,0,0.0,1,0.21152234174021922,45.994992612448385,Suppress / Low-Cost Ads,Exclude from paid campaigns to save marketing budget.
17150.0,285,6,1375.65,2,4,4,244,10,At Risk,0,0.0,1,0.5182750051378819,217.73029051044682,Standard Retention Push,Automated email re-engagement.
17151.0,644,1,231.9,1,2,1,121,4,Hibernating / Lost,0,0.0,1,0.06305843387757737,15.234758786231206,Suppress / Low-Cost Ads,Exclude from paid campaigns to save marketing budget.
17152.0,103,4,2016.5,4,4,4,444,12,Champions,0,0.0,1,0.6704205932079825,424.4573827836298,VIP Loyalty Program,"Early access to new launches, zero discount needed."
17155.0,86,6,784.06,4,4,3,443,11,Champions,1,108.4,0,0.6575873413250379,169.98376723457702,VIP Loyalty Program,"Early access to new launches, zero discount needed."
17156.0,400,1,591.87,1,2,3,123,6,Hibernating / Lost,0,0.0,1,0.2495286897707909,106.34379539993667,Suppress / Low-Cost Ads,Exclude from paid campaigns to save marketing budget.
17157.0,85,18,4994.36,4,5,5,455,14,Champions,1,157.54,0,0.8414975577316047,687.0979431086059,VIP Loyalty Program,"Early access to new launches, zero discount needed."
17158.0,141,4,1411.58,3,4,4,344,11,Loyal Customers,1,568.42,0,0.6067048081716411,266.565459097525,Cross-Sell Drive,Recommend bundle products based on purchase history.
17159.0,80,3,1089.16,4,3,3,433,10,Loyal Customers,2,1010.43,0,0.5619360863781954,230.38080623094436,Cross-Sell Drive,Recommend bundle products based on purchase history.
17160.0,18,16,9692.31,5,5,5,555,15,Champions,1,516.85,0,0.8702903374718074,1106.565673958172,VIP Loyalty Program,"Early access to new launches, zero discount needed."
17161.0,353,1,856.01,1,2,3,123,6,Hibernating / Lost,0,0.0,1,0.2947714904394928,131.17200472171484,Suppress / Low-Cost Ads,Exclude from paid campaigns to save marketing budget.
17162.0,40,9,1463.66,4,5,4,454,13,Champions,1,251.8,0,0.8013877783317676,290.16291397197494,VIP Loyalty Program,"Early access to new launches, zero discount needed."
17163.0,354,2,406.68,1,3,2,132,6,Others / Need Attention,2,293.1,0,0.24013714530592267,67.56113711157586,Suppress / Low-Cost Ads,Exclude from paid campaigns to save marketing budget.
17164.0,60,3,1270.42,4,3,4,434,11,Loyal Customers,4,1196.93,0,0.6343927711758333,316.4965227790599,Cross-Sell Drive,Recommend bundle products based on purchase history.
17165.0,193,6,1794.32,3,4,4,344,11,Loyal Customers,0,0.0,1,0.5608284803024313,303.30120744144034,Cross-Sell Drive,Recommend bundle products based on purchase history.
17166.0,112,1,127.59,3,2,1,321,6,Promising / Potential,1,78.75,0,0.3968037129784274,79.79501267928019,Cross-Sell Drive,Recommend bundle products based on purchase history.
17167.0,288,3,867.11,2,3,3,233,8,At Risk,0,0.0,1,0.3869965147869082,132.28339542936936,Standard Retention Push,Automated email re-engagement.
17168.0,407,1,400.2,1,2,2,122,5,Hibernating / Lost,0,0.0,1,0.20752394427464205,84.48525934528361,Suppress / Low-Cost Ads,Exclude from paid campaigns to save marketing budget.
17169.0,92,2,629.63,4,3,3,433,10,Loyal Customers,1,527.1,0,0.5395463364548734,178.92106233764142,Cross-Sell Drive,Recommend bundle products based on purchase history.
17170.0,283,2,178.68,2,3,1,231,6,At Risk,0,0.0,1,0.2937747926951937,44.63493800805979,Standard Retention Push,Automated email re-engagement.
17171.0,198,2,384.59,3,3,2,332,8,Loyal Customers,0,0.0,1,0.3693388753801625,98.03164992786022,Cross-Sell Drive,Recommend bundle products based on purchase history.
17172.0,339,2,638.81,2,3,3,233,8,At Risk,1,317.76,0,0.32292126909109,106.38299766043916,Standard Retention Push,Automated email re-engagement.
17173.0,25,2,961.26,5,3,3,533,11,Loyal Customers,6,2805.34,0,0.6124110267577062,259.8483910542916,Cross-Sell Drive,Recommend bundle products based on purchase history.
17174.0,126,1,59.9,3,2,1,321,6,Promising / Potential,0,0.0,1,0.3806106061500195,74.54833181518102,Cross-Sell Drive,Recommend bundle products based on purchase history.
17175.0,50,3,1132.63,4,3,3,433,10,Loyal Customers,1,311.06,0,0.5975063362214728,259.5537449758599,Cross-Sell Drive,Recommend bundle products based on purchase history.
17176.0,110,3,902.32,3,3,3,333,9,Loyal Customers,0,0.0,1,0.5325074352792769,185.58763220830497,Cross-Sell Drive,Recommend bundle products based on purchase history.
17177.0,414,1,119.5,1,2,1,121,4,Hibernating / Lost,0,0.0,1,0.1709807544318398,34.75930712878192,Suppress / Low-Cost Ads,Exclude from paid campaigns to save marketing budget.
17178.0,640,1,436.71,1,2,2,122,5,Hibernating / Lost,0,0.0,1,0.0776739046224818,26.501903250959113,Suppress / Low-Cost Ads,Exclude from paid campaigns to save marketing budget.
17179.0,87,6,1507.26,4,4,4,444,12,Champions,0,0.0,1,0.7010557978510479,291.9807908114737,VIP Loyalty Program,"Early access to new launches, zero discount needed."
17180.0,150,10,2025.81,3,5,4,354,12,Loyal Customers,1,231.17,0,0.6899343813702996,289.1745606336868,Cross-Sell Drive,Recommend bundle products based on purchase history.
17181.0,282,2,380.97,2,3,2,232,7,At Risk,1,84.4,0,0.33904620041026223,89.99122660396544,Standard Retention Push,Automated email re-engagement.
17182.0,331,2,321.3,2,3,2,232,7,At Risk,0,0.0,1,0.2877950122320029,66.95625352049241,Standard Retention Push,Automated email re-engagement.
17183.0,14,1,329.67,5,2,2,522,9,Promising / Potential,5,3017.64,0,0.5519590858244123,390.60719135423574,Cross-Sell Drive,Recommend bundle products based on purchase history.
17184.0,478,2,198.41,1,3,1,131,5,Others / Need Attention,0,0.0,1,0.12342616361392866,20.477179707142184,Suppress / Low-Cost Ads,Exclude from paid campaigns to save marketing budget.
17185.0,500,3,229.46,1,3,1,131,5,Others / Need Attention,0,0.0,1,0.11554001906181688,14.330259852941772,Suppress / Low-Cost Ads,Exclude from paid campaigns to save marketing budget.
17187.0,135,2,467.71,3,3,2,332,8,Loyal Customers,0,0.0,1,0.44316609664204676,115.67991038358161,Cross-Sell Drive,Recommend bundle products based on purchase history.
17188.0,73,11,3933.79,4,5,5,455,14,Champions,2,659.14,0,0.8180229324870827,614.0509131061021,VIP Loyalty Program,"Early access to new launches, zero discount needed."
17189.0,15,5,957.63,5,4,3,543,12,Champions,0,0.0,1,0.7188694581669763,285.74205776156276,VIP Loyalty Program,"Early access to new launches, zero discount needed."
17190.0,116,6,1493.3,3,4,4,344,11,Loyal Customers,1,249.74,0,0.650098050282089,267.0850508026053,Cross-Sell Drive,Recommend bundle products based on purchase history.
17191.0,3,14,4303.88,5,5,5,555,15,Champions,1,532.17,0,0.8713520754790709,684.3297808629877,VIP Loyalty Program,"Early access to new launches, zero discount needed."
17192.0,445,1,77.83,1,2,1,121,4,Hibernating / Lost,0,0.0,1,0.15063571187710956,27.480427114931885,Suppress / Low-Cost Ads,Exclude from paid campaigns to save marketing budget.
17193.0,85,4,1059.3,4,4,3,443,11,Champions,5,1250.74,0,0.6440806137893302,247.37071461812457,VIP Loyalty Program,"Early access to new launches, zero discount needed."
17194.0,182,3,812.5,3,3,3,333,9,Loyal Customers,0,0.0,1,0.4451373342052609,148.88726901318486,Cross-Sell Drive,Recommend bundle products based on purchase history.
17195.0,564,1,562.98,1,2,2,122,5,Hibernating / Lost,0,0.0,1,0.10867404567193062,42.36377375986208,Suppress / Low-Cost Ads,Exclude from paid campaigns to save marketing budget.
17196.0,336,1,352.9,2,2,2,222,6,About to Sleep,0,0.0,1,0.26982199651839966,110.7325096756147,Suppress / Low-Cost Ads,Exclude from paid campaigns to save marketing budget.
17198.0,274,2,1043.32,2,3,3,233,8,At Risk,1,170.56,0,0.39557193663856416,171.35208620602833,Standard Retention Push,Automated email re-engagement.
17199.0,491,1,145.12,1,2,1,121,4,Hibernating / Lost,0,0.0,1,0.1241610452539208,26.998501965440834,Suppress / Low-Cost Ads,Exclude from paid campaigns to save marketing budget.
17200.0,296,4,356.71,2,4,2,242,8,At Risk,0,0.0,1,0.3884025460802054,74.7262991960269,Standard Retention Push,Automated email re-engagement.
17201.0,432,3,899.41,1,3,3,133,7,Others / Need Attention,1,342.63,0,0.21502484205780537,74.28232105552067,Suppress / Low-Cost Ads,Exclude from paid campaigns to save marketing budget.
17202.0,329,1,160.65,2,2,1,221,5,About to Sleep,0,0.0,1,0.23755179325194276,51.65503031881123,Suppress / Low-Cost Ads,Exclude from paid campaigns to save marketing budget.
17203.0,297,4,2012.03,2,4,4,244,10,At Risk,6,3563.85,0,0.48758996364193996,306.68212285550436,Standard Retention Push,Automated email re-engagement.
17204.0,84,9,5504.69,4,5,5,455,14,Champions,0,0.0,1,0.7997892557060279,747.8342648825417,VIP Loyalty Program,"Early access to new launches, zero discount needed."
17205.0,325,2,615.27,2,3,3,233,8,At Risk,1,384.08,0,0.338001913937922,111.35115664846138,Standard Retention Push,Automated email re-engagement.
17207.0,561,1,303.22,1,2,2,122,5,Hibernating / Lost,0,0.0,1,0.11010023667202118,28.729713440989325,Suppress / Low-Cost Ads,Exclude from paid campaigns to save marketing budget.
17208.0,304,1,115.35,2,2,1,221,5,About to Sleep,0,0.0,1,0.2602980365907651,47.25351140595948,Suppress / Low-Cost Ads,Exclude from paid campaigns to save marketing budget.
17209.0,558,3,611.6,1,3,3,133,7,Others / Need Attention,0,0.0,1,0.1291667149662865,42.457678819935694,Suppress / Low-Cost Ads,Exclude from paid campaigns to save marketing budget.
17210.0,301,1,253.37,2,2,1,221,5,About to Sleep,0,0.0,1,0.26311692173031775,69.14773402667647,Suppress / Low-Cost Ads,Exclude from paid campaigns to save marketing budget.
17211.0,89,11,3194.32,4,5,5,455,14,Champions,2,852.33,0,0.8061523556715516,458.82084167028813,VIP Loyalty Program,"Early access to new launches, zero discount needed."
17212.0,162,3,794.41,3,3,3,333,9,Loyal Customers,0,0.0,1,0.46929941448777535,163.9236631997916,Cross-Sell Drive,Recommend bundle products based on purchase history.
17213.0,50,11,4181.08,4,5,5,455,14,Champions,2,1001.22,0,0.8340993961026237,620.6808820898643,VIP Loyalty Program,"Early access to new launches, zero discount needed."
17214.0,158,4,613.67,3,4,3,343,10,Loyal Customers,2,455.45,0,0.536455479139281,151.1661259808319,Cross-Sell Drive,Recommend bundle products based on purchase history.
17215.0,373,1,186.15,1,2,1,121,4,Hibernating / Lost,0,0.0,1,0.20115761743541438,43.71336779727165,Suppress / Low-Cost Ads,Exclude from paid campaigns to save marketing budget.
17216.0,463,1,65.05,1,2,1,121,4,Hibernating / Lost,0,0.0,1,0.13976264235215952,25.496856347597916,Suppress / Low-Cost Ads,Exclude from paid campaigns to save marketing budget.
17217.0,143,2,218.0,3,3,1,331,7,Loyal Customers,0,0.0,1,0.3841496041741299,55.27856894794,Cross-Sell Drive,Recommend bundle products based on purchase history.
17218.0,123,13,3180.54,3,5,5,355,13,Loyal Customers,5,1012.14,0,0.7742157727708869,435.22901684153163,Cross-Sell Drive,Recommend bundle products based on purchase history.
17219.0,325,1,144.9,2,2,1,221,5,About to Sleep,1,114.23,0,0.24109762348705222,52.426062041167796,Suppress / Low-Cost Ads,Exclude from paid campaigns to save marketing budget.
17220.0,8,17,3578.48,5,5,5,555,15,Champions,4,903.27,0,0.8792266368144835,517.9657288134306,VIP Loyalty Program,"Early access to new launches, zero discount needed."
17221.0,500,3,643.39,1,3,3,133,7,Others / Need Attention,2,335.13,0,0.16438550977555677,54.03425471123634,Suppress / Low-Cost Ads,Exclude from paid campaigns to save marketing budget.
17222.0,386,5,1250.86,1,4,4,144,9,Can't Lose Them,1,354.15,0,0.23566765396209322,71.22019360220158,Executive Outreach,Feedback survey + customized high-value offer.
17223.0,219,3,873.53,3,3,3,333,9,Loyal Customers,0,0.0,1,0.4011932536884264,138.90575752928711,Cross-Sell Drive,Recommend bundle products based on purchase history.
17224.0,410,1,100.86,1,2,1,121,4,Hibernating / Lost,0,0.0,1,0.17375941614728052,31.698877453866647,Suppress / Low-Cost Ads,Exclude from paid campaigns to save marketing budget.
17225.0,490,1,131.15,1,2,1,121,4,Hibernating / Lost,0,0.0,1,0.12469167886087895,25.3490305170956,Suppress / Low-Cost Ads,Exclude from paid campaigns to save marketing budget.
17226.0,217,3,900.12,3,3,3,333,9,Loyal Customers,0,0.0,1,0.40353407409894415,139.71622338177502,Cross-Sell Drive,Recommend bundle products based on purchase history.
17227.0,81,9,1556.46,4,5,4,454,13,Champions,3,465.57,0,0.7676970869774438,286.07507586264376,VIP Loyalty Program,"Early access to new launches, zero discount needed."
17228.0,116,9,1958.73,3,5,4,354,12,Loyal Customers,4,1218.51,0,0.7177294472440736,375.2404603421859,Cross-Sell Drive,Recommend bundle products based on purchase history.
17229.0,5,2,318.76,5,3,2,532,10,Loyal Customers,0,0.0,1,0.5866631800036322,179.39854560308868,Cross-Sell Drive,Recommend bundle products based on purchase history.
17230.0,173,18,9924.95,3,5,5,355,13,Loyal Customers,0,0.0,1,0.7592664787177948,1300.6371145240155,Cross-Sell Drive,Recommend bundle products based on purchase history.
17231.0,35,22,5961.44,5,5,5,555,15,Champions,3,1235.6,0,0.8822647851735413,814.2382318820031,VIP Loyalty Program,"Early access to new launches, zero discount needed."
17233.0,357,2,369.98,1,3,2,132,6,Others / Need Attention,1,190.88,0,0.23748279307338171,66.81435112435734,Suppress / Low-Cost Ads,Exclude from paid campaigns to save marketing budget.
17234.0,91,1,149.89,4,2,1,421,7,Promising / Potential,0,0.0,1,0.41488899040810423,89.24088534972398,Cross-Sell Drive,Recommend bundle products based on purchase history.
17235.0,281,7,1696.72,2,4,4,244,10,At Risk,1,208.16,0,0.531136043869995,222.1040891973267,Standard Retention Push,Automated email re-engagement.
17236.0,88,11,1710.86,4,5,4,454,13,Champions,1,218.4,0,0.7730346716482628,207.97367226727033,VIP Loyalty Program,"Early access to new launches, zero discount needed."
17237.0,284,2,687.39,2,3,3,233,8,At Risk,2,314.69,0,0.38400238678833953,126.50552603824801,Standard Retention Push,Automated email re-engagement.
17238.0,45,26,5998.37,4,5,5,455,14,Champions,6,1784.73,0,0.8929414835250862,385.8202443744604,VIP Loyalty Program,"Early access to new launches, zero discount needed."
17239.0,221,4,1189.45,3,4,4,344,11,Loyal Customers,0,0.0,1,0.5109972293285348,176.3149971789776,Cross-Sell Drive,Recommend bundle products based on purchase history.
17240.0,505,1,130.6,1,2,1,121,4,Hibernating / Lost,0,0.0,1,0.11693652035982505,23.772455790505674,Suppress / Low-Cost Ads,Exclude from paid campaigns to save marketing budget.
17241.0,294,12,2744.14,2,5,5,255,12,At Risk,0,0.0,1,0.655679186076868,286.9452056887393,Standard Retention Push,Automated email re-engagement.
17242.0,17,5,2889.28,5,4,5,545,14,Champions,0,0.0,1,0.7922165811957624,576.2339268646897,VIP Loyalty Program,"Early access to new launches, zero discount needed."
17243.0,1,59,16667.17,5,5,5,555,15,Champions,10,4222.69,0,0.9666682065155098,2493.079303306483,VIP Loyalty Program,"Early access to new launches, zero discount needed."
17244.0,292,4,871.14,2,4,3,243,9,At Risk,1,954.9,0,0.44277891774927114,136.2366502858039,Standard Retention Push,Automated email re-engagement.
17245.0,113,2,371.63,3,3,2,332,8,Loyal Customers,0,0.0,1,0.46973855483313065,125.50375576938654,Cross-Sell Drive,Recommend bundle products based on purchase history.
17246.0,455,2,38.92,1,3,1,131,5,Others / Need Attention,0,0.0,1,0.13606410390682988,13.691087266683908,Suppress / Low-Cost Ads,Exclude from paid campaigns to save marketing budget.
17248.0,29,2,546.16,5,3,2,532,10,Loyal Customers,0,0.0,1,0.5580631603196866,177.29039937236453,Cross-Sell Drive,Recommend bundle products based on purchase history.
17249.0,337,1,68.03,2,2,1,221,5,About to Sleep,0,0.0,1,0.23057121877768383,42.06303733334031,Suppress / Low-Cost Ads,Exclude from paid campaigns to save marketing budget.
17250.0,170,1,162.65,3,2,1,321,6,Promising / Potential,1,221.87,0,0.3315455718677054,71.20805808696025,Cross-Sell Drive,Recommend bundle products based on purchase history.
17251.0,271,3,812.43,2,3,3,233,8,At Risk,0,0.0,1,0.4068081137551005,136.067106520148,Standard Retention Push,Automated email re-engagement.
17252.0,25,2,353.86,5,3,2,532,10,Loyal Customers,0,0.0,1,0.5628668202238518,146.78355011361202,Cross-Sell Drive,Recommend bundle products based on purchase history.
17254.0,310,1,198.29,2,2,1,221,5,About to Sleep,2,272.44,0,0.2547106956803191,57.56401551501407,Suppress / Low-Cost Ads,Exclude from paid campaigns to save marketing budget.
17255.0,208,3,613.18,3,3,3,333,9,Loyal Customers,1,185.95,0,0.4141332352535467,136.43181547345085,Cross-Sell Drive,Recommend bundle products based on purchase history.
17256.0,16,5,498.93,5,4,2,542,11,Champions,0,0.0,1,0.6746560040546536,223.80139777110298,VIP Loyalty Program,"Early access to new launches, zero discount needed."
17257.0,345,2,192.73,2,3,1,231,6,At Risk,0,0.0,1,0.23523280520588974,38.63526988409182,Standard Retention Push,Automated email re-engagement.
17258.0,305,2,417.3,2,3,2,232,7,At Risk,0,0.0,1,0.3144195955002629,83.45471806837237,Standard Retention Push,Automated email re-engagement.
17259.0,57,6,1889.34,4,4,4,444,12,Champions,0,0.0,1,0.7307340531874817,471.5665959856675,VIP Loyalty Program,"Early access to new launches, zero discount needed."
17260.0,320,1,120.95,2,2,1,221,5,About to Sleep,0,0.0,1,0.24558053839230642,49.92497189052172,Suppress / Low-Cost Ads,Exclude from paid campaigns to save marketing budget.
17261.0,418,1,230.44,1,2,1,121,4,Hibernating / Lost,0,0.0,1,0.16823584962686022,37.75622288953244,Suppress / Low-Cost Ads,Exclude from paid campaigns to save marketing budget.
17262.0,136,10,2459.62,3,5,4,354,12,Loyal Customers,1,298.0,0,0.7043132776915774,322.7364127965824,Cross-Sell Drive,Recommend bundle products based on purchase history.
17263.0,117,1,63.44,3,2,1,321,6,Promising / Potential,0,0.0,1,0.3909936315729198,64.81932282260536,Cross-Sell Drive,Recommend bundle products based on purchase history.
17264.0,333,1,279.59,2,2,2,222,6,About to Sleep,0,0.0,1,0.2727112867678736,74.14029778641425,Suppress / Low-Cost Ads,Exclude from paid campaigns to save marketing budget.
17265.0,47,2,562.9,4,3,2,432,9,Loyal Customers,0,0.0,1,0.5431168163195301,183.27245262858008,Cross-Sell Drive,Recommend bundle products based on purchase history.
17266.0,56,3,320.15,4,3,2,432,9,Loyal Customers,2,197.58,0,0.5402240791599271,125.97349341675877,Cross-Sell Drive,Recommend bundle products based on purchase history.
17267.0,36,2,317.62,5,3,2,532,10,Loyal Customers,0,0.0,1,0.5496487359484836,130.9888885050148,Cross-Sell Drive,Recommend bundle products based on purchase history.
17268.0,16,11,1733.89,5,5,4,554,14,Champions,0,0.0,1,0.8247478634055809,265.4176466014756,VIP Loyalty Program,"Early access to new launches, zero discount needed."
17269.0,294,1,537.46,2,2,2,222,6,About to Sleep,0,0.0,1,0.31194232346150874,135.98358251526807,Suppress / Low-Cost Ads,Exclude from paid campaigns to save marketing budget.
17270.0,378,2,604.4,1,3,3,133,7,Others / Need Attention,0,0.0,1,0.2565310801027284,84.32291716310706,Suppress / Low-Cost Ads,Exclude from paid campaigns to save marketing budget.
17271.0,645,1,210.39,1,2,1,121,4,Hibernating / Lost,0,0.0,1,0.06277153874826014,14.186219470505536,Suppress / Low-Cost Ads,Exclude from paid campaigns to save marketing budget.
17272.0,108,2,1409.44,3,3,4,334,10,Loyal Customers,2,739.19,0,0.5774903035559051,354.14095175704983,Cross-Sell Drive,Recommend bundle products based on purchase history.
17273.0,333,1,141.12,2,2,1,221,5,About to Sleep,0,0.0,1,0.2340428274882761,50.89201468155339,Suppress / Low-Cost Ads,Exclude from paid campaigns to save marketing budget.
17274.0,304,1,465.4,2,2,2,222,6,About to Sleep,1,111.98,0,0.30159070372675445,121.8730492263808,Suppress / Low-Cost Ads,Exclude from paid campaigns to save marketing budget.
17275.0,292,1,114.52,2,2,1,221,5,About to Sleep,0,0.0,1,0.2717042831266866,46.45980355747694,Suppress / Low-Cost Ads,Exclude from paid campaigns to save marketing budget.
17276.0,311,1,508.39,2,2,2,222,6,About to Sleep,0,0.0,1,0.2944595635459991,121.64543164914747,Suppress / Low-Cost Ads,Exclude from paid campaigns to save marketing budget.
17277.0,136,2,1065.35,3,3,3,333,9,Loyal Customers,0,0.0,1,0.4928662458113512,206.98737867021515,Cross-Sell Drive,Recommend bundle products based on purchase history.
17278.0,150,2,271.24,3,3,2,332,8,Loyal Customers,0,0.0,1,0.42523203742464266,78.42667664842216,Cross-Sell Drive,Recommend bundle products based on purchase history.
17280.0,347,1,118.86,2,2,1,221,5,About to Sleep,0,0.0,1,0.22204575215793776,56.35608135994246,Suppress / Low-Cost Ads,Exclude from paid campaigns to save marketing budget.
17281.0,283,6,797.85,2,4,3,243,9,At Risk,0,0.0,1,0.46959097866638455,120.92095090857781,Standard Retention Push,Automated email re-engagement.
17282.0,39,5,2339.66,4,4,4,444,12,Champions,0,0.0,1,0.7415031826601257,486.2287587909174,VIP Loyalty Program,"Early access to new launches, zero discount needed."
17283.0,287,1,188.46,2,2,1,221,5,About to Sleep,0,0.0,1,0.27654643824207614,65.92727563035078,Suppress / Low-Cost Ads,Exclude from paid campaigns to save marketing budget.
17284.0,29,7,2634.72,5,4,4,544,13,Champions,1,158.44,0,0.7575858695396016,417.2058069900047,VIP Loyalty Program,"Early access to new launches, zero discount needed."
17285.0,537,2,428.34,1,3,2,132,6,Others / Need Attention,0,0.0,1,0.11476733437389519,30.39407532362144,Suppress / Low-Cost Ads,Exclude from paid campaigns to save marketing budget.
17286.0,309,2,241.56,2,3,1,231,6,At Risk,1,153.92,0,0.2682105209197755,50.65044031388969,Standard Retention Push,Automated email re-engagement.
17287.0,52,19,3750.26,4,5,5,455,14,Champions,2,361.7,0,0.8655743937309096,470.86031560078726,VIP Loyalty Program,"Early access to new launches, zero discount needed."
17288.0,116,9,1743.95,3,5,4,354,12,Loyal Customers,2,756.03,0,0.7177349391323908,314.590850965442,Cross-Sell Drive,Recommend bundle products based on purchase history.
17289.0,89,7,1302.34,4,4,4,444,12,Champions,2,777.05,0,0.7057344248709561,246.80352916729854,VIP Loyalty Program,"Early access to new launches, zero discount needed."
17290.0,290,6,976.2,2,4,3,243,9,At Risk,2,525.24,0,0.4611058934259996,148.8813710668511,Standard Retention Push,Automated email re-engagement.
17291.0,217,1,550.8,3,2,2,322,7,Promising / Potential,0,0.0,1,0.326213413676407,138.59108172821868,Cross-Sell Drive,Recommend bundle products based on purchase history.
17292.0,381,2,271.75,1,3,2,132,6,Others / Need Attention,0,0.0,1,0.2169768348254213,41.73862737932639,Suppress / Low-Cost Ads,Exclude from paid campaigns to save marketing budget.
17293.0,28,13,2766.15,5,5,5,555,15,Champions,4,1008.08,0,0.8531219586804539,407.5272231823522,VIP Loyalty Program,"Early access to new launches, zero discount needed."
17294.0,578,2,467.79,1,3,2,132,6,Others / Need Attention,0,0.0,1,0.09599190261250701,25.421738113714536,Suppress / Low-Cost Ads,Exclude from paid campaigns to save marketing budget.
17296.0,639,1,338.13,1,2,2,122,5,Hibernating / Lost,0,0.0,1,0.07802433068007919,26.59453184130872,Suppress / Low-Cost Ads,Exclude from paid campaigns to save marketing budget.
17298.0,10,5,957.56,5,4,3,543,12,Champions,0,0.0,1,0.7237630978436487,282.3875394818243,VIP Loyalty Program,"Early access to new launches, zero discount needed."
17299.0,9,4,615.16,5,4,3,543,12,Champions,2,400.92,0,0.7182868527357447,270.26241089751244,VIP Loyalty Program,"Early access to new launches, zero discount needed."
17300.0,299,2,393.64,2,3,2,232,7,At Risk,0,0.0,1,0.3207513890509561,85.1353322959923,Standard Retention Push,Automated email re-engagement.
17301.0,533,1,132.8,1,2,1,121,4,Hibernating / Lost,1,197.63,0,0.10357710094413031,21.05657022738833,Suppress / Low-Cost Ads,Exclude from paid campaigns to save marketing budget.
17302.0,31,3,661.61,5,3,3,533,11,Loyal Customers,2,474.02,0,0.6131138734254866,206.8926609283799,Cross-Sell Drive,Recommend bundle products based on purchase history.
17303.0,270,1,250.04,2,2,1,221,5,About to Sleep,0,0.0,1,0.2934070914221776,77.10806049941614,Suppress / Low-Cost Ads,Exclude from paid campaigns to save marketing budget.
17304.0,443,1,111.5,1,2,1,121,4,Hibernating / Lost,0,0.0,1,0.15188531269522432,27.708391412222664,Suppress / Low-Cost Ads,Exclude from paid campaigns to save marketing budget.
17305.0,557,1,2135.46,1,2,4,124,7,Hibernating / Lost,0,0.0,1,0.1596259707557416,81.63197334925265,Suppress / Low-Cost Ads,Exclude from paid campaigns to save marketing budget.
17306.0,8,17,7851.1,5,5,5,555,15,Champions,4,1931.25,0,0.8791693625972657,1099.8574758472944,VIP Loyalty Program,"Early access to new launches, zero discount needed."
17307.0,304,11,3999.89,2,5,5,255,12,At Risk,0,0.0,1,0.6371723609207505,429.35812421925715,Standard Retention Push,Automated email re-engagement.
17308.0,302,2,4511.76,2,3,5,235,10,At Risk,0,0.0,1,0.46225740300999185,540.790026608631,High-Value Win-Back,20% off limited promo code + direct outreach.
17309.0,4,3,330.59,5,3,2,532,10,Loyal Customers,0,0.0,1,0.595606848648329,202.784958133719,Cross-Sell Drive,Recommend bundle products based on purchase history.
17310.0,296,2,1025.1,2,3,3,233,8,At Risk,0,0.0,1,0.37026875333747356,160.39136618342215,Standard Retention Push,Automated email re-engagement.
17311.0,225,5,2738.17,3,4,5,345,12,Loyal Customers,1,828.39,0,0.5649293814978198,379.6853819166541,Cross-Sell Drive,Recommend bundle products based on purchase history.
17312.0,47,3,644.3,4,3,3,433,10,Loyal Customers,0,0.0,1,0.6010288767278054,202.81463034961527,Cross-Sell Drive,Recommend bundle products based on purchase history.
17314.0,57,14,3883.43,4,5,5,455,14,Champions,3,1021.0,0,0.8425509384757071,530.7114635806516,VIP Loyalty Program,"Early access to new launches, zero discount needed."
17315.0,9,35,7727.38,5,5,5,555,15,Champions,8,1923.22,0,0.9281234148062135,1154.9111017698697,VIP Loyalty Program,"Early access to new launches, zero discount needed."
17316.0,329,1,124.45,2,2,1,221,5,About to Sleep,0,0.0,1,0.23755262077829997,48.29294695954595,Suppress / Low-Cost Ads,Exclude from paid campaigns to save marketing budget.
17318.0,634,1,164.28,1,2,1,121,4,Hibernating / Lost,0,0.0,1,0.06599755725352074,14.351000151291062,Suppress / Low-Cost Ads,Exclude from paid campaigns to save marketing budget.
17319.0,578,1,29.1,1,2,1,121,4,Hibernating / Lost,0,0.0,1,0.08492911911680856,41.04934923616149,Suppress / Low-Cost Ads,Exclude from paid campaigns to save marketing budget.
17320.0,9,6,2895.77,5,4,5,545,14,Champions,0,0.0,1,0.8036755308543171,584.5688137077891,VIP Loyalty Program,"Early access to new launches, zero discount needed."
17321.0,303,4,1040.32,2,4,3,243,9,At Risk,2,700.86,0,0.4296030187458404,140.98517646028398,Standard Retention Push,Automated email re-engagement.
17322.0,285,5,922.59,2,4,3,243,9,At Risk,0,0.0,1,0.4591716730316251,136.97220609911594,Standard Retention Push,Automated email re-engagement.
17323.0,33,9,1181.77,5,5,4,554,14,Champions,3,383.82,0,0.8024811661674633,282.0089694102583,VIP Loyalty Program,"Early access to new launches, zero discount needed."
17324.0,240,10,2013.87,3,5,4,354,12,Loyal Customers,2,288.0,0,0.5894303272800905,249.6189850267754,Cross-Sell Drive,Recommend bundle products based on purchase history.
17325.0,189,3,609.57,3,3,3,333,9,Loyal Customers,0,0.0,1,0.4367421257122137,143.88007537760427,Cross-Sell Drive,Recommend bundle products based on purchase history.
17326.0,317,2,321.95,2,3,2,232,7,At Risk,0,0.0,1,0.3019661958012082,64.31105058742334,Standard Retention Push,Automated email re-engagement.
17327.0,318,2,152.35,2,3,1,231,6,At Risk,0,0.0,1,0.2596997415112434,39.457714382903035,Standard Retention Push,Automated email re-engagement.
17328.0,582,1,104.7,1,2,1,121,4,Hibernating / Lost,0,0.0,1,0.08342699747434346,14.5498221409374,Suppress / Low-Cost Ads,Exclude from paid campaigns to save marketing budget.
17329.0,224,4,724.68,3,4,3,343,10,Loyal Customers,1,279.75,0,0.45629138499704225,128.5769344719897,Cross-Sell Drive,Recommend bundle products based on purchase history.
17330.0,453,2,59.9,1,3,1,131,5,Others / Need Attention,2,363.9,0,0.13721254299532892,21.908800983914386,Suppress / Low-Cost Ads,Exclude from paid campaigns to save marketing budget.
17331.0,32,1,175.2,5,2,1,521,8,Promising / Potential,0,0.0,1,0.4790718518839865,101.04610695096135,Cross-Sell Drive,Recommend bundle products based on purchase history.
17332.0,437,5,838.27,1,4,3,143,8,Can't Lose Them,0,0.0,1,0.16388887074696268,41.23607316923606,Executive Outreach,Feedback survey + customized high-value offer.
17334.0,211,3,635.15,3,3,3,333,9,Loyal Customers,0,0.0,1,0.4105930706150659,135.2655456656023,Cross-Sell Drive,Recommend bundle products based on purchase history.
17335.0,292,2,508.0,2,3,2,232,7,At Risk,0,0.0,1,0.32821866747606,97.27657485896668,Standard Retention Push,Automated email re-engagement.
17336.0,381,1,81.12,1,2,1,121,4,Hibernating / Lost,0,0.0,1,0.19497326717999308,35.568913847408375,Suppress / Low-Cost Ads,Exclude from paid campaigns to save marketing budget.
17337.0,60,4,2027.87,4,4,4,444,12,Champions,0,0.0,1,0.7149300774211569,463.29122351231496,VIP Loyalty Program,"Early access to new launches, zero discount needed."
17338.0,23,16,10705.66,5,5,5,555,15,Champions,1,1436.91,0,0.8675026327308095,1493.453254204854,VIP Loyalty Program,"Early access to new launches, zero discount needed."
17339.0,3,3,362.36,5,3,2,532,10,Loyal Customers,0,0.0,1,0.5967780615918521,211.75134916330174,Cross-Sell Drive,Recommend bundle products based on purchase history.
17340.0,29,14,17645.18,5,5,5,555,15,Champions,4,4759.64,0,0.8562751233253634,1815.3576311384084,VIP Loyalty Program,"Early access to new launches, zero discount needed."
17341.0,65,5,1889.83,4,4,4,444,12,Champions,0,0.0,1,0.7165192348532482,462.3933085698293,VIP Loyalty Program,"Early access to new launches, zero discount needed."
17342.0,288,4,1227.54,2,4,4,244,10,At Risk,0,0.0,1,0.4985672507368468,152.78509429603682,Standard Retention Push,Automated email re-engagement.
17343.0,264,6,1259.94,2,4,4,244,10,At Risk,0,0.0,1,0.5437365862395924,163.93731559044522,Standard Retention Push,Automated email re-engagement.
17344.0,637,1,307.54,1,2,2,122,5,Hibernating / Lost,1,160.57,0,0.07872800253543477,19.393283867852634,Suppress / Low-Cost Ads,Exclude from paid campaigns to save marketing budget.
17345.0,2,9,1351.07,5,5,4,554,14,Champions,1,253.61,0,0.825316289558795,299.09219641014835,VIP Loyalty Program,"Early access to new launches, zero discount needed."
17346.0,12,19,3912.65,5,5,5,555,15,Champions,7,1410.35,0,0.8838992359981799,704.2524266981094,VIP Loyalty Program,"Early access to new launches, zero discount needed."
17348.0,206,5,1477.04,3,4,4,344,11,Loyal Customers,4,999.37,0,0.5372138910059152,230.11003550147979,Cross-Sell Drive,Recommend bundle products based on purchase history.
17349.0,88,5,852.25,4,4,3,443,11,Champions,0,0.0,1,0.6480951645078469,169.38803877367008,VIP Loyalty Program,"Early access to new launches, zero discount needed."
17350.0,303,3,619.97,2,3,3,233,8,At Risk,4,1286.07,0,0.369827338535205,121.83570627259965,Standard Retention Push,Automated email re-engagement.
17351.0,78,11,1828.38,4,5,4,454,13,Champions,1,159.85,0,0.7814610488346209,210.24066580796034,VIP Loyalty Program,"Early access to new launches, zero discount needed."
17352.0,605,1,36.25,1,2,1,121,4,Hibernating / Lost,0,0.0,1,0.07525425620370507,36.37313416809103,Suppress / Low-Cost Ads,Exclude from paid campaigns to save marketing budget.
17353.0,38,4,3242.0,4,4,5,445,13,Champions,0,0.0,1,0.7740185817366301,560.1479943827571,VIP Loyalty Program,"Early access to new launches, zero discount needed."
17354.0,337,3,1750.4,2,3,4,234,9,At Risk,1,1393.06,0,0.37897197867261323,249.87917302140013,Standard Retention Push,Automated email re-engagement.
17355.0,295,1,285.11,2,2,2,222,6,About to Sleep,0,0.0,1,0.3109050669253687,83.22668091287385,Suppress / Low-Cost Ads,Exclude from paid campaigns to save marketing budget.
17356.0,220,5,946.47,3,4,3,343,10,Loyal Customers,0,0.0,1,0.4691152720720113,152.16085190910908,Cross-Sell Drive,Recommend bundle products based on purchase history.
17358.0,212,5,866.05,3,4,3,343,10,Loyal Customers,0,0.0,1,0.47882895358283417,124.32684081184098,Cross-Sell Drive,Recommend bundle products based on purchase history.
17359.0,557,1,156.6,1,2,1,121,4,Hibernating / Lost,1,127.86,0,0.09321867915785886,20.270163538912186,Suppress / Low-Cost Ads,Exclude from paid campaigns to save marketing budget.
17360.0,93,4,976.54,4,4,3,443,11,Champions,2,254.84,0,0.6351045334682466,209.80146711102546,VIP Loyalty Program,"Early access to new launches, zero discount needed."
17361.0,95,4,656.36,4,4,3,443,11,Champions,1,224.28,0,0.6328542531244936,179.50770954066934,VIP Loyalty Program,"Early access to new launches, zero discount needed."
17362.0,148,7,1024.04,3,4,3,343,10,Loyal Customers,0,0.0,1,0.5722732147019784,174.97013272105735,Cross-Sell Drive,Recommend bundle products based on purchase history.
17363.0,304,3,940.86,2,3,3,233,8,At Risk,0,0.0,1,0.36868390523489125,127.64999579300216,Standard Retention Push,Automated email re-engagement.
17364.0,46,23,10223.05,4,5,5,455,14,Champions,5,1847.37,0,0.8828117172183906,1623.77516677586,VIP Loyalty Program,"Early access to new launches, zero discount needed."
17365.0,78,12,5794.43,4,5,5,455,14,Champions,3,2430.55,0,0.8191453696165536,761.4589734037835,VIP Loyalty Program,"Early access to new launches, zero discount needed."
17366.0,341,2,1096.24,2,3,3,233,8,At Risk,0,0.0,1,0.3207832581531451,141.09150710687865,Standard Retention Push,Automated email re-engagement.
17367.0,147,1,168.4,3,2,1,321,6,Promising / Potential,0,0.0,1,0.35681420440824363,75.94118173919429,Cross-Sell Drive,Recommend bundle products based on purchase history.
17368.0,2,12,2549.14,5,5,4,554,14,Champions,2,277.0,0,0.8387628587060776,380.4548351610654,VIP Loyalty Program,"Early access to new launches, zero discount needed."
17369.0,364,1,979.2,1,2,3,123,6,Hibernating / Lost,0,0.0,1,0.28375824250826065,131.7937535545403,Suppress / Low-Cost Ads,Exclude from paid campaigns to save marketing budget.
17370.0,1,2,228.06,5,3,1,531,9,Loyal Customers,2,218.12,0,0.5411431187653761,133.47077457708596,Cross-Sell Drive,Recommend bundle products based on purchase history.
17371.0,270,4,336.29,2,4,2,242,8,At Risk,2,326.26,0,0.4188642698361238,68.9598427872773,Standard Retention Push,Automated email re-engagement.
17372.0,75,26,4096.01,4,5,5,455,14,Champions,2,281.55,0,0.8781811578881182,329.3148619126798,VIP Loyalty Program,"Early access to new launches, zero discount needed."
17373.0,43,5,807.88,4,4,3,443,11,Champions,2,359.62,0,0.696309244006245,201.96653842009982,VIP Loyalty Program,"Early access to new launches, zero discount needed."
17374.0,127,3,727.11,3,3,3,333,9,Loyal Customers,0,0.0,1,0.5118637278723857,170.9595400188402,Cross-Sell Drive,Recommend bundle products based on purchase history.
17375.0,108,4,660.55,3,4,3,343,10,Loyal Customers,0,0.0,1,0.5961674878594849,169.10158969448983,Cross-Sell Drive,Recommend bundle products based on purchase history.
17376.0,220,3,356.29,3,3,2,332,8,Loyal Customers,1,97.35,0,0.35205256398375295,84.43590823484719,Cross-Sell Drive,Recommend bundle products based on purchase history.
17377.0,35,67,16263.87,5,5,5,555,15,Champions,11,2055.54,0,0.9694970262756272,1962.712527757928,VIP Loyalty Program,"Early access to new launches, zero discount needed."
17378.0,283,1,10.95,2,2,1,221,5,About to Sleep,0,0.0,1,0.2804643399373695,219.51020575185672,Suppress / Low-Cost Ads,Exclude from paid campaigns to save marketing budget.
17380.0,343,3,645.0,2,3,3,233,8,At Risk,0,0.0,1,0.32569575616628843,107.29702309103567,Standard Retention Push,Automated email re-engagement.
17381.0,8,33,37988.41,5,5,5,555,15,Champions,5,2013.96,0,0.9237897276615993,4062.3956885668404,VIP Loyalty Program,"Early access to new launches, zero discount needed."
17382.0,344,7,836.88,2,4,3,243,9,At Risk,1,65.4,0,0.4045220965267108,74.67613746005159,Standard Retention Push,Automated email re-engagement.
17383.0,362,1,110.7,1,2,1,121,4,Hibernating / Lost,1,199.29,0,0.2099034976415125,38.29263125076648,Suppress / Low-Cost Ads,Exclude from paid campaigns to save marketing budget.
17384.0,128,2,398.8,3,3,2,332,8,Loyal Customers,1,108.75,0,0.45159428418937475,117.8799252032135,Cross-Sell Drive,Recommend bundle products based on purchase history.
17386.0,8,6,1823.69,5,4,4,544,13,Champions,1,989.08,0,0.770246101480701,447.6612473923636,VIP Loyalty Program,"Early access to new launches, zero discount needed."
17388.0,40,10,2385.04,4,5,4,454,13,Champions,1,306.53,0,0.8064353448107545,379.6679913850809,VIP Loyalty Program,"Early access to new launches, zero discount needed."
17389.0,4,52,34895.08,5,5,5,555,15,Champions,9,22329.6,0,0.9579312926942412,5908.556853302808,VIP Loyalty Program,"Early access to new launches, zero discount needed."
17390.0,329,1,149.3,2,2,1,221,5,About to Sleep,0,0.0,1,0.23755205271096003,51.65508673751142,Suppress / Low-Cost Ads,Exclude from paid campaigns to save marketing budget.
17391.0,72,2,508.8,4,3,2,432,9,Loyal Customers,0,0.0,1,0.5127923104480272,155.67480991094817,Cross-Sell Drive,Recommend bundle products based on purchase history.
17392.0,215,3,626.56,3,3,3,333,9,Loyal Customers,0,0.0,1,0.40588843003424135,133.7156515712561,Cross-Sell Drive,Recommend bundle products based on purchase history.
17393.0,319,2,381.15,2,3,2,232,7,At Risk,0,0.0,1,0.299916024642925,79.60511252785896,Standard Retention Push,Automated email re-engagement.
17394.0,128,1,203.87,3,2,1,321,6,Promising / Potential,0,0.0,1,0.3783133559632892,87.50763796949792,Cross-Sell Drive,Recommend bundle products based on purchase history.
17395.0,417,1,97.5,1,2,1,121,4,Hibernating / Lost,0,0.0,1,0.16892062707475564,30.81613863466467,Suppress / Low-Cost Ads,Exclude from paid campaigns to save marketing budget.
17396.0,57,12,6278.1,4,5,5,455,14,Champions,2,2529.0,0,0.8337934425354788,775.0754900574879,VIP Loyalty Program,"Early access to new launches, zero discount needed."
17397.0,325,1,536.77,2,2,2,222,6,About to Sleep,2,696.41,0,0.28049836212027734,122.27636105136226,Suppress / Low-Cost Ads,Exclude from paid campaigns to save marketing budget.
17398.0,23,3,653.38,5,3,3,533,11,Loyal Customers,0,0.0,1,0.6223119047099868,224.3518057710906,Cross-Sell Drive,Recommend bundle products based on purchase history.
17400.0,35,8,4677.05,5,5,5,555,15,Champions,0,0.0,1,0.8269677125292927,723.165099999591,VIP Loyalty Program,"Early access to new launches, zero discount needed."
17401.0,450,1,114.85,1,2,1,121,4,Hibernating / Lost,0,0.0,1,0.1475467809205897,26.78507908265585,Suppress / Low-Cost Ads,Exclude from paid campaigns to save marketing budget.
17402.0,10,18,4194.78,5,5,5,555,15,Champions,5,901.4,0,0.8815769671606098,702.4021439987956,VIP Loyalty Program,"Early access to new launches, zero discount needed."
17403.0,359,1,118.95,1,2,1,121,4,Hibernating / Lost,1,281.62,0,0.21233603437662996,52.801791060337806,Suppress / Low-Cost Ads,Exclude from paid campaigns to save marketing budget.
17404.0,32,18,36878.6,5,5,5,555,15,Champions,5,10902.52,0,0.8694617007542472,6429.126752771143,VIP Loyalty Program,"Early access to new launches, zero discount needed."
17405.0,59,1,393.31,4,2,2,422,8,Promising / Potential,2,638.1,0,0.5041784059600889,223.26351781508143,Cross-Sell Drive,Recommend bundle products based on purchase history.
17406.0,242,13,4905.05,3,5,5,355,13,Loyal Customers,0,0.0,1,0.6576076532711115,506.13174975038214,Cross-Sell Drive,Recommend bundle products based on purchase history.
17407.0,320,1,552.9,2,2,2,222,6,About to Sleep,0,0.0,1,0.2854373050442718,120.74794689893331,Suppress / Low-Cost Ads,Exclude from paid campaigns to save marketing budget.
17408.0,72,3,316.09,4,3,2,432,9,Loyal Customers,0,0.0,1,0.5208235729028194,121.44953818865788,Cross-Sell Drive,Recommend bundle products based on purchase history.
17409.0,93,10,7793.51,4,5,5,455,14,Champions,0,0.0,1,0.7978654322721811,1050.6311341094004,VIP Loyalty Program,"Early access to new launches, zero discount needed."
17410.0,5,2,419.55,5,3,2,532,10,Loyal Customers,3,795.17,0,0.5866600952894274,198.07851279529456,Cross-Sell Drive,Recommend bundle products based on purchase history.
17411.0,170,3,932.02,3,3,3,333,9,Loyal Customers,2,493.36,0,0.45960677575686104,159.13036115428002,Cross-Sell Drive,Recommend bundle products based on purchase history.
17412.0,105,13,3869.28,4,5,5,455,14,Champions,3,548.24,0,0.8040005022302762,513.4756373442713,VIP Loyalty Program,"Early access to new launches, zero discount needed."
17413.0,313,2,560.14,2,3,2,232,7,At Risk,0,0.0,1,0.3060807121967942,100.83505425699305,Standard Retention Push,Automated email re-engagement.
17414.0,93,5,2069.52,4,4,4,444,12,Champions,1,180.0,0,0.6880263194326923,440.7873284539398,VIP Loyalty Program,"Early access to new launches, zero discount needed."
17416.0,18,20,15699.52,5,5,5,555,15,Champions,2,1598.93,0,0.8840465770061011,1686.3472101183495,VIP Loyalty Program,"Early access to new launches, zero discount needed."
17417.0,457,1,164.18,1,2,1,121,4,Hibernating / Lost,0,0.0,1,0.14331052385480048,31.16250714585543,Suppress / Low-Cost Ads,Exclude from paid campaigns to save marketing budget.
17418.0,232,2,373.99,3,3,2,332,8,Loyal Customers,1,296.07,0,0.3316800622674928,88.03607180205364,Cross-Sell Drive,Recommend bundle products based on purchase history.
17419.0,52,14,4933.95,4,5,5,455,14,Champions,4,1566.57,0,0.8457363042429392,784.9454716224079,VIP Loyalty Program,"Early access to new launches, zero discount needed."
17420.0,80,5,877.11,4,4,3,443,11,Champions,1,207.32,0,0.6569259555243487,194.35238960668977,VIP Loyalty Program,"Early access to new launches, zero discount needed."
17421.0,295,3,1059.41,2,3,3,233,8,At Risk,0,0.0,1,0.3789372089902783,151.67142659852428,Standard Retention Push,Automated email re-engagement.
17422.0,2,10,3314.36,5,5,5,555,15,Champions,1,280.4,0,0.8568548592777974,530.640656795448,VIP Loyalty Program,"Early access to new launches, zero discount needed."
17423.0,126,2,869.96,3,3,3,333,9,Loyal Customers,1,248.99,0,0.5050440660436096,175.02106240241199,Cross-Sell Drive,Recommend bundle products based on purchase history.
17426.0,0,11,7321.1,5,5,5,555,15,Champions,2,756.67,0,0.8618545459295374,1044.8717996451503,VIP Loyalty Program,"Early access to new launches, zero discount needed."
17428.0,19,37,25224.0,5,5,5,555,15,Champions,8,6595.76,0,0.9290107695942807,4112.247044179234,VIP Loyalty Program,"Early access to new launches, zero discount needed."
17429.0,37,5,1357.46,4,4,4,444,12,Champions,0,0.0,1,0.7433889513965686,337.4715793216565,VIP Loyalty Program,"Early access to new launches, zero discount needed."
17430.0,274,3,582.01,2,3,3,233,8,At Risk,1,153.16,0,0.4032951291220406,132.86131600626842,Standard Retention Push,Automated email re-engagement.
17431.0,222,1,403.3,3,2,2,322,7,Promising / Potential,0,0.0,1,0.32088937131548523,130.22960137289502,Cross-Sell Drive,Recommend bundle products based on purchase history.
17432.0,294,7,1385.63,2,4,4,244,10,At Risk,2,365.76,0,0.5153573648076388,185.40576427793897,Standard Retention Push,Automated email re-engagement.
17433.0,294,1,266.8,2,2,1,221,5,About to Sleep,1,303.16,0,0.26977785053103487,72.21726974587096,Suppress / Low-Cost Ads,Exclude from paid campaigns to save marketing budget.
17435.0,320,1,331.35,2,2,2,222,6,About to Sleep,0,0.0,1,0.2854430083875892,97.41997435742589,Suppress / Low-Cost Ads,Exclude from paid campaigns to save marketing budget.
17436.0,135,4,440.16,3,4,2,342,9,Loyal Customers,1,93.9,0,0.5133364690685451,109.83044637037398,Cross-Sell Drive,Recommend bundle products based on purchase history.
17437.0,438,1,373.17,1,2,2,122,5,Hibernating / Lost,0,0.0,1,0.18379436128952498,72.5468504914834,Suppress / Low-Cost Ads,Exclude from paid campaigns to save marketing budget.
17438.0,162,5,1422.77,3,4,4,344,11,Loyal Customers,0,0.0,1,0.5898561769572495,252.65881633523375,Cross-Sell Drive,Recommend bundle products based on purchase history.
17439.0,564,1,325.74,1,2,2,122,5,Hibernating / Lost,0,0.0,1,0.10867694608247647,40.64956198867312,Suppress / Low-Cost Ads,Exclude from paid campaigns to save marketing budget.
17440.0,65,4,323.58,4,4,2,442,10,Champions,0,0.0,1,0.6191309558460323,135.14121177623443,VIP Loyalty Program,"Early access to new launches, zero discount needed."
17441.0,641,1,293.35,1,2,2,122,5,Hibernating / Lost,0,0.0,1,0.07732709905691604,19.84567896085364,Suppress / Low-Cost Ads,Exclude from paid campaigns to save marketing budget.
17442.0,2,14,4293.43,5,5,5,555,15,Champions,1,326.87,0,0.8718970315394519,684.7577705033124,VIP Loyalty Program,"Early access to new launches, zero discount needed."
17443.0,128,1,534.24,3,2,2,322,7,Promising / Potential,0,0.0,1,0.4275081181997159,208.30971868768512,Cross-Sell Drive,Recommend bundle products based on purchase history.
17444.0,56,3,2940.04,4,3,5,435,12,Loyal Customers,0,0.0,1,0.6846238250165775,483.0694211871649,Cross-Sell Drive,Recommend bundle products based on purchase history.
17446.0,85,2,120.9,4,3,1,431,8,Loyal Customers,0,0.0,1,0.44601218825323763,64.5603488944282,Cross-Sell Drive,Recommend bundle products based on purchase history.
17448.0,406,46,14556.97,1,5,5,155,11,Can't Lose Them,0,0.0,1,0.6139963196775036,811.6017741725651,Executive Outreach,Feedback survey + customized high-value offer.
17449.0,3,10,3927.84,5,5,5,555,15,Champions,3,1023.31,0,0.8562470947060853,672.4668514304346,VIP Loyalty Program,"Early access to new launches, zero discount needed."
17450.0,4,28,138883.84,5,5,5,555,15,Champions,23,108089.25,0,0.9122194606166445,45354.833320005135,VIP Loyalty Program,"Early access to new launches, zero discount needed."
17451.0,14,1,346.01,5,2,2,522,9,Promising / Potential,6,1375.39,0,0.5519585758120027,318.65190253500515,Cross-Sell Drive,Recommend bundle products based on purchase history.
17454.0,101,10,1547.94,4,5,4,454,13,Champions,0,0.0,1,0.7558598291640904,212.14921366997504,VIP Loyalty Program,"Early access to new launches, zero discount needed."
17455.0,112,1,131.7,3,2,1,321,6,Promising / Potential,0,0.0,1,0.3968035888188376,79.79498771147944,Cross-Sell Drive,Recommend bundle products based on purchase history.
17456.0,274,2,1225.42,2,3,4,234,9,At Risk,0,0.0,1,0.44540769570830063,192.99772328214797,Standard Retention Push,Automated email re-engagement.
17457.0,35,14,5984.81,5,5,5,555,15,Champions,0,0.0,1,0.8528271298604024,785.8853074273344,VIP Loyalty Program,"Early access to new launches, zero discount needed."
17458.0,290,1,213.08,2,2,1,221,5,About to Sleep,1,316.5,0,0.2736330244807732,61.84041712327876,Suppress / Low-Cost Ads,Exclude from paid campaigns to save marketing budget.
17460.0,3,16,2228.27,5,5,4,554,14,Champions,0,0.0,1,0.8548023615797007,351.8014041585338,VIP Loyalty Program,"Early access to new launches, zero discount needed."
17462.0,193,1,463.41,3,2,2,322,7,Promising / Potential,1,212.28,0,0.3524022646311241,143.0187801411984,Cross-Sell Drive,Recommend bundle products based on purchase history.
17463.0,85,5,1907.14,4,4,4,444,12,Champions,2,650.77,0,0.6963295880936515,449.36426885962794,VIP Loyalty Program,"Early access to new launches, zero discount needed."
17464.0,67,3,1000.94,4,3,3,433,10,Loyal Customers,0,0.0,1,0.577453994119876,236.74278970772664,Cross-Sell Drive,Recommend bundle products based on purchase history.
17465.0,334,7,2542.79,2,4,4,244,10,At Risk,0,0.0,1,0.4666858727559269,239.47134895197112,Standard Retention Push,Automated email re-engagement.
17467.0,304,1,102.6,2,2,1,221,5,About to Sleep,0,0.0,1,0.260298346434058,47.48614819276066,Suppress / Low-Cost Ads,Exclude from paid campaigns to save marketing budget.
17468.0,284,1,57.8,2,2,1,221,5,About to Sleep,2,137.0,0,0.27948163147628735,46.722483329172306,Suppress / Low-Cost Ads,Exclude from paid campaigns to save marketing budget.
17469.0,17,15,4230.55,5,5,5,555,15,Champions,2,820.7,0,0.8672602652422715,651.7051534460533,VIP Loyalty Program,"Early access to new launches, zero discount needed."
17470.0,36,10,2496.27,5,5,4,554,14,Champions,1,308.6,0,0.805219171254126,385.0963317650769,VIP Loyalty Program,"Early access to new launches, zero discount needed."
17471.0,383,1,321.65,1,2,2,122,5,Hibernating / Lost,0,0.0,1,0.22739989406351524,86.90451197583866,Suppress / Low-Cost Ads,Exclude from paid campaigns to save marketing budget.
17472.0,100,4,935.1,4,4,3,443,11,Champions,0,0.0,1,0.6271714877011344,194.2455530717512,VIP Loyalty Program,"Early access to new launches, zero discount needed."
17473.0,317,2,607.0,2,3,3,233,8,At Risk,0,0.0,1,0.34677201188950635,114.24037268706813,Standard Retention Push,Automated email re-engagement.
17474.0,508,1,1047.0,1,2,3,123,6,Hibernating / Lost,0,0.0,1,0.16423779626449897,76.28153971454782,Suppress / Low-Cost Ads,Exclude from paid campaigns to save marketing budget.
17476.0,304,2,489.86,2,3,2,232,7,At Risk,0,0.0,1,0.3154681098271227,93.4975985284358,Standard Retention Push,Automated email re-engagement.
17477.0,521,2,1144.3,1,3,3,133,7,Others / Need Attention,0,0.0,1,0.14674007120455246,58.97249148610688,Suppress / Low-Cost Ads,Exclude from paid campaigns to save marketing budget.
17478.0,317,2,1272.8,2,3,4,234,9,At Risk,0,0.0,1,0.39445759708566164,211.11936137595364,Standard Retention Push,Automated email re-engagement.
17479.0,541,1,389.26,1,2,2,122,5,Hibernating / Lost,0,0.0,1,0.12000846409501242,43.32791942806671,Suppress / Low-Cost Ads,Exclude from paid campaigns to save marketing budget.
17480.0,353,1,390.21,1,2,2,122,5,Hibernating / Lost,1,511.82,0,0.25407559854764605,109.87759413698272,Suppress / Low-Cost Ads,Exclude from paid campaigns to save marketing budget.
17481.0,2,1,260.63,5,2,1,521,8,Promising / Potential,3,994.96,0,0.5155688180500259,192.17694432792408,Cross-Sell Drive,Recommend bundle products based on purchase history.
17482.0,396,2,778.19,1,3,3,133,7,Others / Need Attention,0,0.0,1,0.24017146250590482,83.70343249111174,Suppress / Low-Cost Ads,Exclude from paid campaigns to save marketing budget.
17483.0,43,3,452.43,4,3,2,432,9,Loyal Customers,1,139.3,0,0.5558964032804063,147.88767469509176,Cross-Sell Drive,Recommend bundle products based on purchase history.
17484.0,485,2,209.57,1,3,1,131,5,Others / Need Attention,0,0.0,1,0.11978563476061155,19.873192988478607,Suppress / Low-Cost Ads,Exclude from paid campaigns to save marketing budget.
17486.0,170,1,396.87,3,2,2,322,7,Promising / Potential,0,0.0,1,0.3783628864205485,153.55462747440694,Cross-Sell Drive,Recommend bundle products based on purchase history.
17487.0,637,1,160.55,1,2,1,121,4,Hibernating / Lost,0,0.0,1,0.06510288475767778,14.156455903632361,Suppress / Low-Cost Ads,Exclude from paid campaigns to save marketing budget.
17488.0,550,1,336.5,1,2,2,122,5,Hibernating / Lost,0,0.0,1,0.11545794860348957,37.20343308214579,Suppress / Low-Cost Ads,Exclude from paid campaigns to save marketing budget.
17489.0,121,1,208.56,3,2,1,321,6,Promising / Potential,1,168.08,0,0.3863617531722806,84.97580535502112,Cross-Sell Drive,Recommend bundle products based on purchase history.
17490.0,85,3,963.38,4,3,3,433,10,Loyal Customers,6,1787.12,0,0.5559384854656538,227.9219284916834,Cross-Sell Drive,Recommend bundle products based on purchase history.
17491.0,4,13,4540.31,5,5,5,555,15,Champions,4,1440.76,0,0.8671429585954713,681.0240860518555,VIP Loyalty Program,"Early access to new launches, zero discount needed."
17492.0,157,3,1122.42,3,3,3,333,9,Loyal Customers,0,0.0,1,0.475356534654064,201.59643323167927,Cross-Sell Drive,Recommend bundle products based on purchase history.
17493.0,294,1,100.91,2,2,1,221,5,About to Sleep,0,0.0,1,0.26978197518648683,49.21624370244169,Suppress / Low-Cost Ads,Exclude from paid campaigns to save marketing budget.
17494.0,410,1,54.7,1,2,1,121,4,Hibernating / Lost,0,0.0,1,0.17376025256953753,25.095408700792447,Suppress / Low-Cost Ads,Exclude from paid campaigns to save marketing budget.
17495.0,299,1,309.16,2,2,2,222,6,About to Sleep,2,497.56,0,0.30674732868380794,80.99086070148529,Suppress / Low-Cost Ads,Exclude from paid campaigns to save marketing budget.
17496.0,267,4,1412.89,2,4,4,244,10,At Risk,0,0.0,1,0.5241045499865469,227.1356235873173,Standard Retention Push,Automated email re-engagement.
17497.0,299,2,287.25,2,3,2,232,7,At Risk,0,0.0,1,0.3207543145721078,61.70172418179229,Standard Retention Push,Automated email re-engagement.
17499.0,198,2,1341.39,3,3,4,334,10,Loyal Customers,0,0.0,1,0.46861249584808895,236.22089840805427,Cross-Sell Drive,Recommend bundle products based on purchase history.
17501.0,129,2,288.6,3,3,2,332,8,Loyal Customers,0,0.0,1,0.4503921910467785,85.20309068002277,Cross-Sell Drive,Recommend bundle products based on purchase history.
17504.0,115,18,9565.12,3,5,5,355,13,Loyal Customers,0,0.0,1,0.8070734634961455,1232.341746906205,Cross-Sell Drive,Recommend bundle products based on purchase history.
17505.0,70,5,2435.48,4,4,4,444,12,Champions,0,0.0,1,0.7115342783314319,466.5771328844867,VIP Loyalty Program,"Early access to new launches, zero discount needed."
17507.0,170,2,605.58,3,3,3,333,9,Loyal Customers,0,0.0,1,0.4516460080777347,148.79000183517505,Cross-Sell Drive,Recommend bundle products based on purchase history.
17508.0,189,8,4579.23,3,5,5,355,13,Loyal Customers,0,0.0,1,0.679191001467647,507.54853235949207,Cross-Sell Drive,Recommend bundle products based on purchase history.
17510.0,329,1,206.08,2,2,1,221,5,About to Sleep,1,308.48,0,0.23755075473203224,53.68590939801116,Suppress / Low-Cost Ads,Exclude from paid campaigns to save marketing budget.
17511.0,2,50,143916.92,5,5,5,555,15,Champions,10,31686.63,0,0.9550912498503025,29074.225980516574,VIP Loyalty Program,"Early access to new launches, zero discount needed."
17512.0,30,16,4434.73,5,5,5,555,15,Champions,2,1033.09,0,0.8636290717945789,642.6548881159463,VIP Loyalty Program,"Early access to new launches, zero discount needed."
17513.0,317,2,645.6,2,3,3,233,8,At Risk,1,513.2,0,0.3467709083195055,114.24000912760006,Standard Retention Push,Automated email re-engagement.
17514.0,37,2,542.83,4,3,2,432,9,Loyal Customers,0,0.0,1,0.5551715492206031,176.37176699696744,Cross-Sell Drive,Recommend bundle products based on purchase history.
17515.0,115,8,1549.81,3,5,4,354,12,Loyal Customers,1,67.65,0,0.7121828760810454,219.23189605402825,Cross-Sell Drive,Recommend bundle products based on purchase history.
17516.0,28,5,798.32,5,4,3,543,12,Champions,1,159.23,0,0.7059064383216871,204.7502327787769,VIP Loyalty Program,"Early access to new launches, zero discount needed."
17517.0,217,1,153.94,3,2,1,321,6,Promising / Potential,0,0.0,1,0.28291633856409626,60.7636620110281,Cross-Sell Drive,Recommend bundle products based on purchase history.
17518.0,334,2,329.42,2,3,2,232,7,At Risk,0,0.0,1,0.2848101716481962,70.27166083713718,Standard Retention Push,Automated email re-engagement.
17519.0,42,14,4753.45,4,5,5,455,14,Champions,1,356.02,0,0.8519851118830177,751.813840083326,VIP Loyalty Program,"Early access to new launches, zero discount needed."
17521.0,108,3,714.41,3,3,3,333,9,Loyal Customers,2,563.65,0,0.5349367209753685,177.39244979255366,Cross-Sell Drive,Recommend bundle products based on purchase history.
17522.0,47,4,912.25,4,4,3,443,11,Champions,1,158.46,0,0.6852828359846218,223.47659315669137,VIP Loyalty Program,"Early access to new launches, zero discount needed."
17524.0,270,3,539.14,2,3,2,232,7,At Risk,0,0.0,1,0.35962257094855776,111.53688141959503,Standard Retention Push,Automated email re-engagement.
17525.0,268,3,1161.9,2,3,4,234,9,At Risk,0,0.0,1,0.46061081418926986,207.62403376132102,Standard Retention Push,Automated email re-engagement.
17526.0,199,11,3842.94,3,5,5,355,13,Loyal Customers,1,323.1,0,0.6895194070511764,414.12346035244184,Cross-Sell Drive,Recommend bundle products based on purchase history.
17527.0,18,2,606.62,5,3,3,533,11,Loyal Customers,2,332.75,0,0.6204798568011258,261.2035474348636,Cross-Sell Drive,Recommend bundle products based on purchase history.
17529.0,519,2,1240.25,1,3,4,134,8,Others / Need Attention,0,0.0,1,0.17567257394106395,66.65075689413995,Suppress / Low-Cost Ads,Exclude from paid campaigns to save marketing budget.
17530.0,115,8,2124.37,3,5,4,354,12,Loyal Customers,4,1017.14,0,0.7121680114439862,387.9486509613663,Cross-Sell Drive,Recommend bundle products based on purchase history.
17531.0,99,3,1266.82,4,3,4,434,11,Loyal Customers,0,0.0,1,0.5893359903573945,288.94139314391543,Cross-Sell Drive,Recommend bundle products based on purchase history.
17532.0,294,1,65.34,2,2,1,221,5,About to Sleep,0,0.0,1,0.26978285959695913,49.21640504517523,Suppress / Low-Cost Ads,Exclude from paid campaigns to save marketing budget.
17533.0,343,1,34.8,2,2,1,221,5,About to Sleep,0,0.0,1,0.2254300680108926,113.9557686612341,Suppress / Low-Cost Ads,Exclude from paid campaigns to save marketing budget.
17534.0,360,4,1445.47,1,4,4,144,9,Can't Lose Them,1,223.36,0,0.25309928212023325,109.44325509631342,Executive Outreach,Feedback survey + customized high-value offer.
17535.0,189,1,164.4,3,2,1,321,6,Promising / Potential,0,0.0,1,0.31137203054296547,66.87526397247579,Cross-Sell Drive,Recommend bundle products based on purchase history.
17536.0,86,3,364.83,4,3,2,432,9,Loyal Customers,0,0.0,1,0.5037927797941778,131.70818831332812,Cross-Sell Drive,Recommend bundle products based on purchase history.
17537.0,212,1,630.7,3,2,3,323,8,Promising / Potential,1,266.92,0,0.37841120728062705,166.04579845914364,Cross-Sell Drive,Recommend bundle products based on purchase history.
17539.0,526,4,1226.57,1,4,4,144,9,Can't Lose Them,0,0.0,1,0.13120294782688047,40.11720529394743,Executive Outreach,Feedback survey + customized high-value offer.
17540.0,225,5,1280.5,3,4,4,344,11,Loyal Customers,1,310.1,0,0.5141578619821348,182.19997068757223,Cross-Sell Drive,Recommend bundle products based on purchase history.
17541.0,418,1,124.46,1,2,1,121,4,Hibernating / Lost,0,0.0,1,0.16823772138042825,34.20166583976525,Suppress / Low-Cost Ads,Exclude from paid campaigns to save marketing budget.
17542.0,178,3,341.7,3,3,2,332,8,Loyal Customers,0,0.0,1,0.3999838433976145,95.93169472869135,Cross-Sell Drive,Recommend bundle products based on purchase history.
17543.0,458,1,120.05,1,2,1,121,4,Hibernating / Lost,0,0.0,1,0.1427144722630449,29.012950548716493,Suppress / Low-Cost Ads,Exclude from paid campaigns to save marketing budget.
17544.0,299,3,960.69,2,3,3,233,8,At Risk,0,0.0,1,0.37436756847141506,149.84240616955873,Standard Retention Push,Automated email re-engagement.
17545.0,299,3,802.58,2,3,3,233,8,At Risk,3,645.96,0,0.37437224239904077,130.76613240899255,Standard Retention Push,Automated email re-engagement.
17547.0,284,2,727.85,2,3,3,233,8,At Risk,0,0.0,1,0.38400117885586327,126.5051280976659,Standard Retention Push,Automated email re-engagement.
17548.0,142,4,731.26,3,4,3,343,10,Loyal Customers,0,0.0,1,0.555759381696731,158.77204695491707,Cross-Sell Drive,Recommend bundle products based on purchase history.
17550.0,106,9,2547.64,4,5,4,454,13,Champions,0,0.0,1,0.7452628707747382,398.49980826148897,VIP Loyalty Program,"Early access to new launches, zero discount needed."
17551.0,268,1,306.84,2,2,2,222,6,About to Sleep,0,0.0,1,0.3397444538686498,87.29270290923888,Suppress / Low-Cost Ads,Exclude from paid campaigns to save marketing budget.
17552.0,281,10,2453.4,2,5,4,254,11,At Risk,2,631.89,0,0.6078837275834454,266.1981703066565,Standard Retention Push,Automated email re-engagement.
17553.0,38,4,3757.6,4,4,5,445,13,Champions,0,0.0,1,0.7740071989432369,602.9583069419475,VIP Loyalty Program,"Early access to new launches, zero discount needed."
17554.0,31,2,1249.89,5,3,4,534,12,Loyal Customers,3,702.56,0,0.6531553520856133,278.42893940800633,Cross-Sell Drive,Recommend bundle products based on purchase history.
17555.0,243,4,769.93,3,4,3,343,10,Loyal Customers,1,287.81,0,0.433447975935528,122.13996106729081,Cross-Sell Drive,Recommend bundle products based on purchase history.
17556.0,114,2,300.67,3,3,2,332,8,Loyal Customers,0,0.0,1,0.46852819375397603,87.07404590557995,Cross-Sell Drive,Recommend bundle products based on purchase history.
17557.0,641,1,34.0,1,2,1,121,4,Hibernating / Lost,3,541.46,0,0.06392845462839314,30.89896006762712,Suppress / Low-Cost Ads,Exclude from paid campaigns to save marketing budget.
17558.0,302,1,259.17,2,2,1,221,5,About to Sleep,0,0.0,1,0.26217385132786775,68.8998929493022,Suppress / Low-Cost Ads,Exclude from paid campaigns to save marketing budget.
17559.0,421,1,167.62,1,2,1,121,4,Hibernating / Lost,0,0.0,1,0.1662028787742884,36.14039121588219,Suppress / Low-Cost Ads,Exclude from paid campaigns to save marketing budget.
17560.0,3,8,1895.8,5,5,4,554,14,Champions,0,0.0,1,0.8199065196946267,445.4946017229647,VIP Loyalty Program,"Early access to new launches, zero discount needed."
17561.0,299,3,554.72,2,3,2,232,7,At Risk,1,167.62,0,0.32778872171476514,107.98652846079244,Standard Retention Push,Automated email re-engagement.
17562.0,18,4,661.1,5,4,3,543,12,Champions,3,461.28,0,0.7093343887409884,283.5823306558814,VIP Loyalty Program,"Early access to new launches, zero discount needed."
17563.0,487,2,392.38,1,3,2,132,6,Others / Need Attention,0,0.0,1,0.14191280924029714,36.43744681458933,Suppress / Low-Cost Ads,Exclude from paid campaigns to save marketing budget.
17565.0,495,1,131.83,1,2,1,121,4,Hibernating / Lost,0,0.0,1,0.12205879450013535,24.81378176097822,Suppress / Low-Cost Ads,Exclude from paid campaigns to save marketing budget.
17567.0,1,7,3950.0,5,4,5,545,14,Champions,2,1406.03,0,0.8146304198783152,668.3931482201814,VIP Loyalty Program,"Early access to new launches, zero discount needed."
17568.0,542,1,382.79,1,2,2,122,5,Hibernating / Lost,0,0.0,1,0.11949531089140208,43.14265032369187,Suppress / Low-Cost Ads,Exclude from paid campaigns to save marketing budget.
17569.0,241,1,344.14,3,2,2,322,7,Promising / Potential,0,0.0,1,0.30107380661605443,122.18766130736206,Cross-Sell Drive,Recommend bundle products based on purchase history.
17570.0,290,1,100.0,2,2,1,221,5,About to Sleep,0,0.0,1,0.2736358611969658,49.919306955507615,Suppress / Low-Cost Ads,Exclude from paid campaigns to save marketing budget.
17571.0,54,4,766.44,4,4,3,443,11,Champions,1,937.31,0,0.6778902865669122,206.47213989007858,VIP Loyalty Program,"Early access to new launches, zero discount needed."
17572.0,8,9,692.26,5,5,3,553,13,Champions,1,30.75,0,0.7890035594388809,124.94913975188138,VIP Loyalty Program,"Early access to new launches, zero discount needed."
17573.0,2,1,174.71,5,2,1,521,8,Promising / Potential,2,205.89,0,0.515571526476259,145.69127058140703,Cross-Sell Drive,Recommend bundle products based on purchase history.
17574.0,151,1,185.65,3,2,1,321,6,Promising / Potential,0,0.0,1,0.3523566475720584,74.94473604584775,Cross-Sell Drive,Recommend bundle products based on purchase history.
17575.0,576,1,171.7,1,2,1,121,4,Hibernating / Lost,0,0.0,1,0.08568756250442067,17.954575016276408,Suppress / Low-Cost Ads,Exclude from paid campaigns to save marketing budget.
17576.0,8,36,7741.08,5,5,5,555,15,Champions,5,1315.73,0,0.9305532559060872,1141.3874068825216,VIP Loyalty Program,"Early access to new launches, zero discount needed."
17577.0,554,2,348.75,1,3,2,132,6,Others / Need Attention,0,0.0,1,0.10662339449524194,26.258469867664754,Suppress / Low-Cost Ads,Exclude from paid campaigns to save marketing budget.
17578.0,127,7,1047.33,3,4,3,343,10,Loyal Customers,0,0.0,1,0.5970952225420644,189.88695913504765,Cross-Sell Drive,Recommend bundle products based on purchase history.
17579.0,46,3,575.24,4,3,3,433,10,Loyal Customers,1,178.04,0,0.6021979231542356,203.20912007884232,Cross-Sell Drive,Recommend bundle products based on purchase history.
17580.0,161,5,545.27,3,4,2,342,9,Loyal Customers,0,0.0,1,0.48972419845004045,125.43870242026092,Cross-Sell Drive,Recommend bundle products based on purchase history.
17581.0,18,35,14235.0,5,5,5,555,15,Champions,8,4522.75,0,0.9250878420125079,1810.6974048825373,VIP Loyalty Program,"Early access to new launches, zero discount needed."
17582.0,145,5,1450.7,3,4,4,344,11,Loyal Customers,0,0.0,1,0.6097208644723309,250.42958493947793,Cross-Sell Drive,Recommend bundle products based on purchase history.
17583.0,469,1,135.95,1,2,1,121,4,Hibernating / Lost,0,0.0,1,0.1362860950009145,32.122267865123064,Suppress / Low-Cost Ads,Exclude from paid campaigns to save marketing budget.
17584.0,36,5,4816.57,5,4,5,545,14,Champions,1,492.85,0,0.7765347941121449,768.3463565529129,VIP Loyalty Program,"Early access to new launches, zero discount needed."
17585.0,18,7,2093.3,5,4,4,544,13,Champions,0,0.0,1,0.7672978670623383,429.6750657529138,VIP Loyalty Program,"Early access to new launches, zero discount needed."
17586.0,528,1,167.4,1,2,1,121,4,Hibernating / Lost,0,0.0,1,0.10585897154314183,23.018762812620636,Suppress / Low-Cost Ads,Exclude from paid campaigns to save marketing budget.
17587.0,537,1,181.66,1,2,1,121,4,Hibernating / Lost,0,0.0,1,0.10178215093720089,22.11818103554441,Suppress / Low-Cost Ads,Exclude from paid campaigns to save marketing budget.
17588.0,9,7,2939.55,5,4,5,545,14,Champions,0,0.0,1,0.8086959731029779,506.9381094086017,VIP Loyalty Program,"Early access to new launches, zero discount needed."
17589.0,60,17,13488.77,4,5,5,455,14,Champions,1,561.1,0,0.8529497588319516,1529.458541948328,VIP Loyalty Program,"Early access to new launches, zero discount needed."
17591.0,31,7,2413.87,5,4,4,544,13,Champions,1,362.8,0,0.755798180224979,396.19452757696416,VIP Loyalty Program,"Early access to new launches, zero discount needed."
17592.0,647,1,148.3,1,2,1,121,4,Hibernating / Lost,0,0.0,1,0.06220153919011262,13.525565725089365,Suppress / Low-Cost Ads,Exclude from paid campaigns to save marketing budget.
17593.0,0,10,7417.6,5,5,5,555,15,Champions,1,678.2,0,0.8579820140684846,1040.1769246758743,VIP Loyalty Program,"Early access to new launches, zero discount needed."
17594.0,163,3,1819.7,3,3,4,334,10,Loyal Customers,1,678.18,0,0.5191841815279907,285.51465341415013,Cross-Sell Drive,Recommend bundle products based on purchase history.
17596.0,45,10,3831.47,4,5,5,455,14,Champions,3,1089.2,0,0.8330243274347812,532.1890768049896,VIP Loyalty Program,"Early access to new launches, zero discount needed."
17597.0,122,5,3484.09,3,4,5,345,12,Loyal Customers,0,0.0,1,0.6819173946919133,485.39354802127144,Cross-Sell Drive,Recommend bundle products based on purchase history.
17598.0,290,1,409.98,2,2,2,222,6,About to Sleep,0,0.0,1,0.3161411878574516,127.75291172484418,Suppress / Low-Cost Ads,Exclude from paid campaigns to save marketing budget.
17599.0,386,1,52.05,1,2,1,121,4,Hibernating / Lost,0,0.0,1,0.19118108607159212,27.61142102338941,Suppress / Low-Cost Ads,Exclude from paid campaigns to save marketing budget.
17601.0,148,2,421.48,3,3,2,332,8,Loyal Customers,0,0.0,1,0.4276091365697837,108.82480414509367,Cross-Sell Drive,Recommend bundle products based on purchase history.
17602.0,33,10,3257.71,5,5,5,555,15,Champions,4,4193.42,0,0.8373279994762333,499.5421443853406,VIP Loyalty Program,"Early access to new launches, zero discount needed."
17603.0,526,3,1398.76,1,3,4,134,8,Others / Need Attention,1,394.72,0,0.17538824234897055,92.18308288809598,Suppress / Low-Cost Ads,Exclude from paid campaigns to save marketing budget.
17604.0,126,6,945.93,3,4,3,343,10,Loyal Customers,0,0.0,1,0.5905211766549441,187.7962949736348,Cross-Sell Drive,Recommend bundle products based on purchase history.
17605.0,499,1,160.75,1,2,1,121,4,Hibernating / Lost,0,0.0,1,0.11998669943743734,26.09080113624538,Suppress / Low-Cost Ads,Exclude from paid campaigns to save marketing budget.
17606.0,646,1,87.3,1,2,1,121,4,Hibernating / Lost,0,0.0,1,0.062486612906122674,10.897780472721529,Suppress / Low-Cost Ads,Exclude from paid campaigns to save marketing budget.
17607.0,285,1,333.81,2,2,2,222,6,About to Sleep,0,0.0,1,0.3214298943964611,109.7020811499226,Suppress / Low-Cost Ads,Exclude from paid campaigns to save marketing budget.
17608.0,358,2,305.11,1,3,2,132,6,Others / Need Attention,2,193.42,0,0.2366037114156616,43.68281735035726,Suppress / Low-Cost Ads,Exclude from paid campaigns to save marketing budget.
17609.0,211,8,1319.81,3,5,4,354,12,Loyal Customers,3,574.53,0,0.6079305721956683,211.5821885497616,Cross-Sell Drive,Recommend bundle products based on purchase history.
17610.0,449,5,1529.49,1,4,4,144,9,Can't Lose Them,0,0.0,1,0.18492082102735785,79.0323465524191,Executive Outreach,Feedback survey + customized high-value offer.
17611.0,32,22,7112.01,5,5,5,555,15,Champions,6,1259.97,0,0.8837586750182975,1030.4716904794377,VIP Loyalty Program,"Early access to new launches, zero discount needed."
17612.0,4,17,5029.35,5,5,5,555,15,Champions,1,365.51,0,0.8812603187962195,844.0364711875211,VIP Loyalty Program,"Early access to new launches, zero discount needed."
17613.0,26,9,2991.29,5,5,5,555,15,Champions,5,1567.86,0,0.8375972874433034,493.3051412235531,VIP Loyalty Program,"Early access to new launches, zero discount needed."
17615.0,39,6,733.2,4,4,3,443,11,Champions,0,0.0,1,0.7071136664313147,196.2800159544699,VIP Loyalty Program,"Early access to new launches, zero discount needed."
17616.0,82,4,1060.8,4,4,3,443,11,Champions,0,0.0,1,0.6474219468977398,231.75871683442608,VIP Loyalty Program,"Early access to new launches, zero discount needed."
17617.0,467,1,395.33,1,2,2,122,5,Hibernating / Lost,0,0.0,1,0.16354967101881257,64.55591699378927,Suppress / Low-Cost Ads,Exclude from paid campaigns to save marketing budget.
17618.0,157,10,3768.44,3,5,5,355,13,Loyal Customers,1,304.8,0,0.7251673115872166,415.76003292190364,Cross-Sell Drive,Recommend bundle products based on purchase history.
17619.0,221,1,218.52,3,2,1,321,6,Promising / Potential,0,0.0,1,0.2789803315534436,54.75307251013626,Cross-Sell Drive,Recommend bundle products based on purchase history.
17621.0,221,5,2697.0,3,4,4,344,11,Loyal Customers,1,478.12,0,0.518976756873309,322.2012230805542,Cross-Sell Drive,Recommend bundle products based on purchase history.
17622.0,506,2,1130.21,1,3,3,133,7,Others / Need Attention,0,0.0,1,0.1561225791476577,67.19690176899417,Suppress / Low-Cost Ads,Exclude from paid campaigns to save marketing budget.
17623.0,318,6,1856.62,2,4,4,244,10,At Risk,1,527.05,0,0.47811334458304755,275.2826734437759,Standard Retention Push,Automated email re-engagement.
17624.0,127,3,1125.45,3,3,3,333,9,Loyal Customers,1,443.18,0,0.5118511660196773,220.072858419268,Cross-Sell Drive,Recommend bundle products based on purchase history.
17625.0,49,6,5255.58,4,4,5,445,13,Champions,2,812.22,0,0.7758434957800483,814.001298547908,VIP Loyalty Program,"Early access to new launches, zero discount needed."
17626.0,511,1,254.0,1,2,1,121,4,Hibernating / Lost,0,0.0,1,0.11395188251517252,30.413582304679316,Suppress / Low-Cost Ads,Exclude from paid campaigns to save marketing budget.
17627.0,387,1,296.36,1,2,2,122,5,Hibernating / Lost,0,0.0,1,0.22399695668984432,60.896640065987846,Suppress / Low-Cost Ads,Exclude from paid campaigns to save marketing budget.
17629.0,29,7,1439.78,5,4,4,544,13,Champions,3,1015.74,0,0.7576135659258805,284.5065402235865,VIP Loyalty Program,"Early access to new launches, zero discount needed."
17630.0,78,2,503.6,4,3,2,432,9,Loyal Customers,0,0.0,1,0.505491659779498,153.4584595837435,Cross-Sell Drive,Recommend bundle products based on purchase history.
17631.0,46,6,886.66,4,4,3,443,11,Champions,1,111.83,0,0.7000014982090558,197.27340573665586,VIP Loyalty Program,"Early access to new launches, zero discount needed."
17633.0,12,5,1381.16,5,4,4,544,13,Champions,2,676.23,0,0.7609952585894458,376.6775796946031,VIP Loyalty Program,"Early access to new launches, zero discount needed."
17634.0,1,7,2080.45,5,4,4,544,13,Champions,2,281.52,0,0.7817492105859856,455.6820188610003,VIP Loyalty Program,"Early access to new launches, zero discount needed."
17635.0,333,3,1265.58,2,3,4,234,9,At Risk,0,0.0,1,0.38358077933445445,189.70241410572515,Standard Retention Push,Automated email re-engagement.
17637.0,24,1,338.95,5,2,2,522,9,Promising / Potential,1,208.11,0,0.5398897846234518,239.07745972960288,Cross-Sell Drive,Recommend bundle products based on purchase history.
17638.0,556,2,842.4,1,3,3,133,7,Others / Need Attention,0,0.0,1,0.12666475050463044,42.27167133790287,Suppress / Low-Cost Ads,Exclude from paid campaigns to save marketing budget.
17639.0,185,6,615.17,3,4,3,343,10,Loyal Customers,0,0.0,1,0.5197136585079887,133.82767694012463,Cross-Sell Drive,Recommend bundle products based on purchase history.
17640.0,288,5,2547.28,2,4,4,244,10,At Risk,1,621.66,0,0.5065596698470181,336.70665180560854,Standard Retention Push,Automated email re-engagement.
17642.0,28,5,1824.49,5,4,4,544,13,Champions,0,0.0,1,0.7465289907594399,383.56911814068576,VIP Loyalty Program,"Early access to new launches, zero discount needed."
17643.0,282,2,541.25,2,3,2,232,7,At Risk,0,0.0,1,0.33904166713606454,105.15371747638828,Standard Retention Push,Automated email re-engagement.
17644.0,29,16,4758.59,5,5,5,555,15,Champions,4,1270.01,0,0.8641966922907378,762.5896565051919,VIP Loyalty Program,"Early access to new launches, zero discount needed."
17646.0,128,12,4149.79,3,5,5,355,13,Loyal Customers,0,0.0,1,0.7641676617050798,575.5496491149163,Cross-Sell Drive,Recommend bundle products based on purchase history.
17647.0,578,2,198.6,1,3,1,131,5,Others / Need Attention,1,133.06,0,0.07963839879604173,13.212513100841203,Suppress / Low-Cost Ads,Exclude from paid campaigns to save marketing budget.
17648.0,101,4,1526.26,4,4,4,444,12,Champions,1,690.11,0,0.6725822813466842,296.77902636053346,VIP Loyalty Program,"Early access to new launches, zero discount needed."
17649.0,47,3,1578.89,4,3,4,434,11,Loyal Customers,0,0.0,1,0.6489360429648119,429.8568060909862,Cross-Sell Drive,Recommend bundle products based on purchase history.
17651.0,64,10,2906.53,4,5,5,455,14,Champions,6,2796.99,0,0.8197747129432831,494.1215324428348,VIP Loyalty Program,"Early access to new launches, zero discount needed."
17652.0,53,6,2713.57,4,4,5,445,13,Champions,6,2154.15,0,0.7724946748465219,619.7270579814573,VIP Loyalty Program,"Early access to new launches, zero discount needed."
17653.0,8,2,343.34,5,3,2,532,10,Loyal Customers,2,864.22,0,0.5831160107919816,179.9950586564953,Cross-Sell Drive,Recommend bundle products based on purchase history.
17654.0,186,1,117.55,3,2,1,321,6,Promising / Potential,0,0.0,1,0.31451387924730745,80.63334720776825,Cross-Sell Drive,Recommend bundle products based on purchase history.
17655.0,25,7,2916.87,5,4,5,545,14,Champions,2,735.61,0,0.7963537685313439,493.9321281138887,VIP Loyalty Program,"Early access to new launches, zero discount needed."
17656.0,15,3,927.65,5,3,3,533,11,Loyal Customers,2,747.04,0,0.6314144193547493,273.8512054960078,Cross-Sell Drive,Recommend bundle products based on purchase history.
17657.0,339,1,126.0,2,2,1,221,5,About to Sleep,0,0.0,1,0.228846888394039,46.523126568174696,Suppress / Low-Cost Ads,Exclude from paid campaigns to save marketing budget.
17658.0,120,1,317.6,3,2,2,322,7,Promising / Potential,1,277.82,0,0.43707378407003694,207.24524096202546,Cross-Sell Drive,Recommend bundle products based on purchase history.
17659.0,9,11,2488.36,5,5,4,554,14,Champions,3,1346.43,0,0.8296062488001793,365.9091765423714,VIP Loyalty Program,"Early access to new launches, zero discount needed."
17660.0,50,2,359.47,4,3,2,432,9,Loyal Customers,0,0.0,1,0.5394964372909258,146.67826363631377,Cross-Sell Drive,Recommend bundle products based on purchase history.
17662.0,570,2,412.92,1,3,2,132,6,Others / Need Attention,0,0.0,1,0.09942622650305033,26.331257356139574,Suppress / Low-Cost Ads,Exclude from paid campaigns to save marketing budget.
17663.0,63,14,4389.45,4,5,5,455,14,Champions,3,786.38,0,0.8386279673934803,629.5181329068824,VIP Loyalty Program,"Early access to new launches, zero discount needed."
17664.0,121,3,887.78,3,3,3,333,9,Loyal Customers,1,278.45,0,0.5191548924393401,178.01249713973104,Cross-Sell Drive,Recommend bundle products based on purchase history.
17665.0,402,1,563.1,1,2,2,122,5,Hibernating / Lost,0,0.0,1,0.21155268736466215,90.15923468391438,Suppress / Low-Cost Ads,Exclude from paid campaigns to save marketing budget.
17666.0,386,3,1319.64,1,3,4,134,8,Others / Need Attention,2,728.16,0,0.29603493237918255,141.39726716022568,Suppress / Low-Cost Ads,Exclude from paid campaigns to save marketing budget.
17667.0,70,8,3646.2,4,5,5,455,14,Champions,1,304.5,0,0.805532652118442,476.35551872533546,VIP Loyalty Program,"Early access to new launches, zero discount needed."
17669.0,31,8,5168.85,5,5,5,555,15,Champions,2,973.5,0,0.8297280409406569,746.1871800034669,VIP Loyalty Program,"Early access to new launches, zero discount needed."
17670.0,136,1,205.7,3,2,1,321,6,Promising / Potential,0,0.0,1,0.36919659670914673,85.39884097438474,Cross-Sell Drive,Recommend bundle products based on purchase history.
17671.0,66,4,1929.18,4,4,4,444,12,Champions,1,474.16,0,0.7089415883512562,452.12330760614816,VIP Loyalty Program,"Early access to new launches, zero discount needed."
17672.0,218,6,3778.3,3,4,5,345,12,Loyal Customers,1,2000.33,0,0.5810977364734815,514.4725939963747,Cross-Sell Drive,Recommend bundle products based on purchase history.
17673.0,71,11,3814.23,4,5,5,455,14,Champions,2,419.35,0,0.819470268056927,516.1732608216186,VIP Loyalty Program,"Early access to new launches, zero discount needed."
17674.0,277,1,601.32,2,2,3,223,7,About to Sleep,1,250.38,0,0.3767041992070833,159.35639048794656,Suppress / Low-Cost Ads,Exclude from paid campaigns to save marketing budget.
17675.0,10,62,31959.51,5,5,5,555,15,Champions,8,6300.09,0,0.9682625684426622,5822.808994719779,VIP Loyalty Program,"Early access to new launches, zero discount needed."
17676.0,18,8,2109.0,5,5,4,554,14,Champions,2,656.84,0,0.8088652266786498,452.952151149611,VIP Loyalty Program,"Early access to new launches, zero discount needed."
17677.0,9,44,32014.03,5,5,5,555,15,Champions,10,4678.88,0,0.9450279050030607,5683.083457789234,VIP Loyalty Program,"Early access to new launches, zero discount needed."
17678.0,172,2,599.76,3,3,3,333,9,Loyal Customers,0,0.0,1,0.4492356499995446,147.99593485248712,Cross-Sell Drive,Recommend bundle products based on purchase history.
17679.0,430,5,1585.5,1,4,4,144,9,Can't Lose Them,2,1992.11,0,0.19927129083158535,128.3560276729067,Executive Outreach,Feedback survey + customized high-value offer.
17680.0,292,2,313.05,2,3,2,232,7,At Risk,1,184.4,0,0.32822409273371056,77.15123567427712,Standard Retention Push,Automated email re-engagement.
17681.0,506,5,731.2,1,4,3,143,8,Can't Lose Them,0,0.0,1,0.12287141450952377,32.89807618681269,Executive Outreach,Feedback survey + customized high-value offer.
17682.0,24,10,3881.8,5,5,5,555,15,Champions,1,574.98,0,0.8431984717290656,538.6889691621907,VIP Loyalty Program,"Early access to new launches, zero discount needed."
17683.0,294,3,819.01,2,3,3,233,8,At Risk,0,0.0,1,0.3800909027739684,127.13086982876419,Standard Retention Push,Automated email re-engagement.
17685.0,175,10,4264.36,3,5,5,355,13,Loyal Customers,2,1678.81,0,0.7073476056334824,528.589510655312,Cross-Sell Drive,Recommend bundle products based on purchase history.
17686.0,29,7,7146.7,5,4,5,545,14,Champions,2,1150.11,0,0.7930894819153034,969.671659661015,VIP Loyalty Program,"Early access to new launches, zero discount needed."
17687.0,329,1,432.68,2,2,2,222,6,About to Sleep,0,0.0,1,0.2765872791872208,111.76914498768939,Suppress / Low-Cost Ads,Exclude from paid campaigns to save marketing budget.
17688.0,302,1,304.2,2,2,2,222,6,About to Sleep,0,0.0,1,0.30365007953205136,78.01874579299503,Suppress / Low-Cost Ads,Exclude from paid campaigns to save marketing budget.
17689.0,297,2,317.08,2,3,2,232,7,At Risk,0,0.0,1,0.32287877885340444,75.11858251340306,Standard Retention Push,Automated email re-engagement.
17690.0,10,16,6216.83,5,5,5,555,15,Champions,4,1231.27,0,0.8746724028481673,863.0008195527464,VIP Loyalty Program,"Early access to new launches, zero discount needed."
17691.0,267,4,780.05,2,4,3,243,9,At Risk,0,0.0,1,0.47298710542843103,141.31842806452988,Standard Retention Push,Automated email re-engagement.
17692.0,36,12,2975.8,5,5,5,555,15,Champions,0,0.0,1,0.8439852287198949,407.99750984646414,VIP Loyalty Program,"Early access to new launches, zero discount needed."
17693.0,46,1,200.47,4,2,1,421,7,Promising / Potential,0,0.0,1,0.4688664815025724,106.66297437845722,Cross-Sell Drive,Recommend bundle products based on purchase history.
17694.0,50,3,1695.97,4,3,4,434,11,Loyal Customers,0,0.0,1,0.6455977798481293,419.29943012490185,Cross-Sell Drive,Recommend bundle products based on purchase history.
17695.0,40,5,1746.04,4,4,4,444,12,Champions,0,0.0,1,0.7405832232624201,438.7529898474674,VIP Loyalty Program,"Early access to new launches, zero discount needed."
17696.0,17,26,7309.47,5,5,5,555,15,Champions,1,370.12,0,0.9029179877646952,834.6770631604336,VIP Loyalty Program,"Early access to new launches, zero discount needed."
17697.0,145,1,338.95,3,2,2,322,7,Promising / Potential,0,0.0,1,0.4073883615844063,166.3804024395282,Cross-Sell Drive,Recommend bundle products based on purchase history.
17698.0,169,1,154.95,3,2,1,321,6,Promising / Potential,0,0.0,1,0.3326257373175293,71.44005178743797,Cross-Sell Drive,Recommend bundle products based on purchase history.
17699.0,385,2,442.0,1,3,2,132,6,Others / Need Attention,0,0.0,1,0.2136825869325546,56.59001037190267,Suppress / Low-Cost Ads,Exclude from paid campaigns to save marketing budget.
17700.0,3,13,5827.16,5,5,5,555,15,Champions,1,852.81,0,0.8676842403439016,843.869304348856,VIP Loyalty Program,"Early access to new launches, zero discount needed."
17701.0,161,1,417.95,3,2,2,322,7,Promising / Potential,0,0.0,1,0.3887225505704248,157.75898901827702,Cross-Sell Drive,Recommend bundle products based on purchase history.
17702.0,17,5,2658.44,5,4,4,544,13,Champions,1,485.6,0,0.7565096369698536,532.4984334865063,VIP Loyalty Program,"Early access to new launches, zero discount needed."
17703.0,18,3,787.06,5,3,3,533,11,Loyal Customers,1,307.78,0,0.6280126496376802,280.2977401473637,Cross-Sell Drive,Recommend bundle products based on purchase history.
17704.0,77,2,885.19,4,3,3,433,10,Loyal Customers,0,0.0,1,0.5576223585793572,199.55333519969093,Cross-Sell Drive,Recommend bundle products based on purchase history.
17705.0,15,8,1228.38,5,5,4,554,14,Champions,3,855.52,0,0.8111303126048284,292.9789753100443,VIP Loyalty Program,"Early access to new launches, zero discount needed."
17706.0,9,26,18272.99,5,5,5,555,15,Champions,5,2476.99,0,0.9061615804902095,2176.249612414019,VIP Loyalty Program,"Early access to new launches, zero discount needed."
17707.0,94,8,609.3,4,5,3,453,12,Champions,0,0.0,1,0.7099845599821656,145.87297868244084,VIP Loyalty Program,"Early access to new launches, zero discount needed."
17708.0,96,4,887.93,4,4,3,443,11,Champions,0,0.0,1,0.631715430116435,195.6528884256295,VIP Loyalty Program,"Early access to new launches, zero discount needed."
17709.0,78,5,671.01,4,4,3,443,11,Champions,0,0.0,1,0.6591230943396149,196.76287096771867,VIP Loyalty Program,"Early access to new launches, zero discount needed."
17710.0,332,1,293.5,2,2,2,222,6,About to Sleep,0,0.0,1,0.27367770738855346,74.40303246620446,Suppress / Low-Cost Ads,Exclude from paid campaigns to save marketing budget.
17711.0,198,1,220.53,3,2,1,321,6,Promising / Potential,1,164.57,0,0.3020531133458735,63.13371180122367,Cross-Sell Drive,Recommend bundle products based on purchase history.
17713.0,291,4,1198.09,2,4,4,244,10,At Risk,0,0.0,1,0.49491665812658825,118.20234636568682,Standard Retention Push,Automated email re-engagement.
17714.0,229,5,1410.18,3,4,4,344,11,Loyal Customers,0,0.0,1,0.5092875632978063,218.14808074207068,Cross-Sell Drive,Recommend bundle products based on purchase history.
17715.0,109,2,489.6,3,3,2,332,8,Loyal Customers,0,0.0,1,0.4745886384790827,141.58604093875678,Cross-Sell Drive,Recommend bundle products based on purchase history.
17716.0,3,20,14437.64,5,5,5,555,15,Champions,4,1519.33,0,0.8913411705272851,1850.6204598546592,VIP Loyalty Program,"Early access to new launches, zero discount needed."
17717.0,330,1,376.92,2,2,2,222,6,About to Sleep,0,0.0,1,0.27561553752069234,111.37646338810185,Suppress / Low-Cost Ads,Exclude from paid campaigns to save marketing budget.
17718.0,141,2,439.18,3,3,2,332,8,Loyal Customers,0,0.0,1,0.43597041878355414,113.80161830274157,Cross-Sell Drive,Recommend bundle products based on purchase history.
17719.0,15,12,4477.4,5,5,5,555,15,Champions,3,918.64,0,0.8569569668308987,677.9538045059139,VIP Loyalty Program,"Early access to new launches, zero discount needed."
17720.0,22,9,2460.57,5,5,4,554,14,Champions,1,308.34,0,0.8108083528076948,413.44345790699504,VIP Loyalty Program,"Early access to new launches, zero discount needed."
17721.0,568,1,307.21,1,2,2,122,5,Hibernating / Lost,0,0.0,1,0.10680495900275055,27.869838966526054,Suppress / Low-Cost Ads,Exclude from paid campaigns to save marketing budget.
17722.0,5,5,4430.36,5,4,5,545,14,Champions,0,0.0,1,0.8016392131071224,823.1571222026496,VIP Loyalty Program,"Early access to new launches, zero discount needed."
17723.0,36,7,3378.4,5,4,5,545,14,Champions,0,0.0,1,0.7875203135365574,492.6295621425254,VIP Loyalty Program,"Early access to new launches, zero discount needed."
17724.0,47,1,373.1,4,2,2,422,8,Promising / Potential,2,659.9,0,0.5187770785831778,229.72819572816042,Cross-Sell Drive,Recommend bundle products based on purchase history.
17725.0,9,8,2507.12,5,5,4,554,14,Champions,3,931.96,0,0.8155408647508452,448.28352833840785,VIP Loyalty Program,"Early access to new launches, zero discount needed."
17726.0,304,7,1092.06,2,4,3,243,9,At Risk,0,0.0,1,0.45216347066955964,145.99405130013497,Standard Retention Push,Automated email re-engagement.
17728.0,313,2,1362.75,2,3,4,234,9,At Risk,3,2876.01,0,0.3991162891214355,258.16203376949676,Standard Retention Push,Automated email re-engagement.
17729.0,505,1,438.65,1,2,2,122,5,Hibernating / Lost,0,0.0,1,0.13978522242029612,56.908087450321,Suppress / Low-Cost Ads,Exclude from paid campaigns to save marketing budget.
17730.0,15,15,5531.09,5,5,5,555,15,Champions,5,2242.71,0,0.8683585190768868,850.7091322280144,VIP Loyalty Program,"Early access to new launches, zero discount needed."
17731.0,37,5,1432.62,4,4,4,444,12,Champions,1,276.37,0,0.743387141793554,337.4707578276242,VIP Loyalty Program,"Early access to new launches, zero discount needed."
17732.0,281,8,2470.39,2,5,4,254,11,At Risk,0,0.0,1,0.5924607890300929,282.5862747999434,Standard Retention Push,Automated email re-engagement.
17733.0,170,1,216.95,3,2,1,321,6,Promising / Potential,1,475.24,0,0.33154405300524614,74.00783168144464,Cross-Sell Drive,Recommend bundle products based on purchase history.
17734.0,45,5,1281.9,4,4,4,444,12,Champions,1,160.42,0,0.7358902064656494,276.3818630373929,VIP Loyalty Program,"Early access to new launches, zero discount needed."
17735.0,2,23,15226.15,5,5,5,555,15,Champions,3,2018.78,0,0.9007599376255694,1911.0002111928525,VIP Loyalty Program,"Early access to new launches, zero discount needed."
17736.0,22,1,307.49,5,2,2,522,9,Promising / Potential,2,69.95,0,0.5423087790618164,148.75427872664193,Cross-Sell Drive,Recommend bundle products based on purchase history.
17738.0,57,12,3876.0,4,5,5,455,14,Champions,1,307.56,0,0.8338354530349801,525.221696941222,VIP Loyalty Program,"Early access to new launches, zero discount needed."
17739.0,105,14,6010.01,4,5,5,455,14,Champions,4,1720.58,0,0.8089737127810224,762.4618401818904,VIP Loyalty Program,"Early access to new launches, zero discount needed."
17740.0,298,6,426.9,2,4,2,242,8,At Risk,0,0.0,1,0.4014317086028445,76.82744276362635,Standard Retention Push,Automated email re-engagement.
17741.0,315,2,101.1,2,3,1,231,6,At Risk,0,0.0,1,0.26251907168546973,30.72384193474315,Standard Retention Push,Automated email re-engagement.
17742.0,22,11,2098.48,5,5,4,554,14,Champions,0,0.0,1,0.8204784576637529,301.43945141934284,VIP Loyalty Program,"Early access to new launches, zero discount needed."
17743.0,357,1,229.2,1,2,1,121,4,Hibernating / Lost,0,0.0,1,0.2139669058577678,48.019385918443824,Suppress / Low-Cost Ads,Exclude from paid campaigns to save marketing budget.
17744.0,159,5,1615.7,3,4,4,344,11,Loyal Customers,2,1033.44,0,0.5933793631272982,335.8052111114212,Cross-Sell Drive,Recommend bundle products based on purchase history.
17745.0,386,2,600.34,1,3,3,133,7,Others / Need Attention,0,0.0,1,0.24917296549537582,81.90427187356173,Suppress / Low-Cost Ads,Exclude from paid campaigns to save marketing budget.
17746.0,149,4,904.18,3,4,3,343,10,Loyal Customers,0,0.0,1,0.54732411905725,161.47334876027097,Cross-Sell Drive,Recommend bundle products based on purchase history.
17747.0,21,1,71.4,5,2,1,521,8,Promising / Potential,0,0.0,1,0.4924530070855192,74.04893400755361,Cross-Sell Drive,Recommend bundle products based on purchase history.
17748.0,436,1,358.15,1,2,2,122,5,Hibernating / Lost,0,0.0,1,0.18525996129245914,73.12534845816309,Suppress / Low-Cost Ads,Exclude from paid campaigns to save marketing budget.
17749.0,87,3,1026.18,4,3,3,433,10,Loyal Customers,0,0.0,1,0.5535312442190155,223.01510627219608,Cross-Sell Drive,Recommend bundle products based on purchase history.
17750.0,8,5,1271.46,5,4,4,544,13,Champions,4,526.11,0,0.7645219942355608,315.39047700244646,VIP Loyalty Program,"Early access to new launches, zero discount needed."
17751.0,330,1,157.86,2,2,1,221,5,About to Sleep,0,0.0,1,0.23667111994308954,51.46353015858497,Suppress / Low-Cost Ads,Exclude from paid campaigns to save marketing budget.
17752.0,268,1,80.64,2,2,1,221,5,About to Sleep,0,0.0,1,0.29543443999398356,53.89601505729722,Suppress / Low-Cost Ads,Exclude from paid campaigns to save marketing budget.
17753.0,373,4,390.56,1,4,2,142,7,Can't Lose Them,0,0.0,1,0.17439799171866976,35.33503623048477,Executive Outreach,Feedback survey + customized high-value offer.
17754.0,51,10,3380.33,4,5,5,455,14,Champions,3,1197.2,0,0.8289293235665786,498.8656668159282,VIP Loyalty Program,"Early access to new launches, zero discount needed."
17756.0,284,3,733.7,2,3,3,233,8,At Risk,0,0.0,1,0.3916307941947573,129.01862419853333,Standard Retention Push,Automated email re-engagement.
17757.0,23,46,7137.61,5,5,5,555,15,Champions,10,2284.84,0,0.9449889461119442,923.9217585710684,VIP Loyalty Program,"Early access to new launches, zero discount needed."
17758.0,61,8,2992.03,4,5,5,455,14,Champions,4,2020.5,0,0.8123179238376678,506.5402434942424,VIP Loyalty Program,"Early access to new launches, zero discount needed."
17759.0,78,4,609.07,4,4,3,443,11,Champions,1,667.84,0,0.6518676726204732,204.34256172437242,VIP Loyalty Program,"Early access to new launches, zero discount needed."
17760.0,282,5,803.88,2,4,3,243,9,At Risk,1,115.05,0,0.462804842239683,124.19043480309246,Standard Retention Push,Automated email re-engagement.
17762.0,365,1,129.75,1,2,1,121,4,Hibernating / Lost,0,0.0,1,0.20749092064202312,42.1815932500456,Suppress / Low-Cost Ads,Exclude from paid campaigns to save marketing budget.
17763.0,172,4,86.15,3,4,1,341,8,Loyal Customers,0,0.0,1,0.41788135282189787,12.869321652635113,Cross-Sell Drive,Recommend bundle products based on purchase history.
17764.0,120,4,1066.79,3,4,3,343,10,Loyal Customers,1,556.85,0,0.5820131495165326,189.1581985843032,Cross-Sell Drive,Recommend bundle products based on purchase history.
17765.0,67,4,530.8,4,4,2,442,10,Champions,0,0.0,1,0.6168258648894851,182.87400340663083,VIP Loyalty Program,"Early access to new launches, zero discount needed."
17766.0,290,2,299.61,2,3,2,232,7,At Risk,0,0.0,1,0.3303751762914898,60.995317430502254,Standard Retention Push,Automated email re-engagement.
17767.0,319,1,141.85,2,2,1,221,5,About to Sleep,1,271.2,0,0.24648323466371425,53.59714942723841,Suppress / Low-Cost Ads,Exclude from paid campaigns to save marketing budget.
17768.0,75,5,1647.66,4,4,4,444,12,Champions,2,1861.85,0,0.7065324671211395,426.9128869016433,VIP Loyalty Program,"Early access to new launches, zero discount needed."
17769.0,47,11,4933.83,4,5,5,455,14,Champions,6,2169.25,0,0.8360977753340929,769.2618762254217,VIP Loyalty Program,"Early access to new launches, zero discount needed."
17770.0,107,5,1143.27,3,4,3,343,10,Loyal Customers,0,0.0,1,0.6050297521981434,197.54105688462366,Cross-Sell Drive,Recommend bundle products based on purchase history.
17771.0,232,3,257.4,3,3,1,331,7,Loyal Customers,1,130.01,0,0.29459440199931164,44.04382028475917,Cross-Sell Drive,Recommend bundle products based on purchase history.
17772.0,301,1,202.0,2,2,1,221,5,About to Sleep,2,182.77,0,0.2631181788067355,59.4640868403999,Suppress / Low-Cost Ads,Exclude from paid campaigns to save marketing budget.
17773.0,423,2,585.27,1,3,3,133,7,Others / Need Attention,0,0.0,1,0.21701003112895367,71.3321710224048,Suppress / Low-Cost Ads,Exclude from paid campaigns to save marketing budget.
17774.0,5,9,3328.05,5,5,5,555,15,Champions,0,0.0,1,0.8510250246810087,527.0303052569667,VIP Loyalty Program,"Early access to new launches, zero discount needed."
17775.0,163,1,56.4,3,2,1,321,6,Promising / Potential,0,0.0,1,0.33914491786769085,45.40269219397622,Cross-Sell Drive,Recommend bundle products based on purchase history.
17776.0,295,2,338.56,2,3,2,232,7,At Risk,0,0.0,1,0.3250108125590119,82.74314249185808,Standard Retention Push,Automated email re-engagement.
17777.0,9,1,194.7,5,2,1,521,8,Promising / Potential,2,471.16,0,0.5070548474613605,148.6202838776655,Cross-Sell Drive,Recommend bundle products based on purchase history.
17778.0,570,1,197.7,1,2,1,121,4,Hibernating / Lost,0,0.0,1,0.08800391473501235,20.46159578888481,Suppress / Low-Cost Ads,Exclude from paid campaigns to save marketing budget.
17779.0,52,1,323.09,4,2,2,422,8,Promising / Potential,2,335.48,0,0.5126986047616084,229.4705782973163,Cross-Sell Drive,Recommend bundle products based on purchase history.
17780.0,576,3,352.91,1,3,2,132,6,Others / Need Attention,0,0.0,1,0.09968904984391969,23.12843818709303,Suppress / Low-Cost Ads,Exclude from paid campaigns to save marketing budget.
17781.0,68,2,188.02,4,3,1,431,8,Loyal Customers,0,0.0,1,0.46654178244087496,72.243049813503,Cross-Sell Drive,Recommend bundle products based on purchase history.
17782.0,291,2,679.02,2,3,3,233,8,At Risk,0,0.0,1,0.37597313403248955,123.86037361597224,Standard Retention Push,Automated email re-engagement.
17783.0,156,2,208.85,3,3,1,331,7,Loyal Customers,1,171.06,0,0.369289317073198,58.95178076929098,Cross-Sell Drive,Recommend bundle products based on purchase history.
17784.0,459,1,112.86,1,2,1,121,4,Hibernating / Lost,0,0.0,1,0.14211992004178675,24.301654323450794,Suppress / Low-Cost Ads,Exclude from paid campaigns to save marketing budget.
17785.0,354,2,271.44,1,3,2,132,6,Others / Need Attention,1,131.94,0,0.24014025993067267,46.19444668406882,Suppress / Low-Cost Ads,Exclude from paid campaigns to save marketing budget.
17786.0,226,1,114.85,3,2,1,321,6,Promising / Potential,1,163.89,0,0.27411245400155837,45.152635509535216,Cross-Sell Drive,Recommend bundle products based on purchase history.
17787.0,61,4,2601.47,4,4,4,444,12,Champions,0,0.0,1,0.7139219427898497,482.39474181676206,VIP Loyalty Program,"Early access to new launches, zero discount needed."
17788.0,38,1,16.7,4,2,1,421,7,Promising / Potential,1,1101.2,0,0.4785829105041559,378.95055772413144,Cross-Sell Drive,Recommend bundle products based on purchase history.
17789.0,190,2,397.15,3,3,2,332,8,Loyal Customers,0,0.0,1,0.3784566128964483,100.4517224193103,Cross-Sell Drive,Recommend bundle products based on purchase history.
17790.0,29,18,2181.57,5,5,4,554,14,Champions,2,602.04,0,0.8468964377056618,278.6598631127236,VIP Loyalty Program,"Early access to new launches, zero discount needed."
17792.0,376,2,370.05,1,3,2,132,6,Others / Need Attention,0,0.0,1,0.22113928625310086,56.77958899270069,Suppress / Low-Cost Ads,Exclude from paid campaigns to save marketing budget.
17794.0,595,2,147.3,1,3,1,131,5,Others / Need Attention,0,0.0,1,0.07377922069091358,12.612231646996289,Suppress / Low-Cost Ads,Exclude from paid campaigns to save marketing budget.
17795.0,88,2,350.39,4,3,2,432,9,Loyal Customers,0,0.0,1,0.4933248012395435,126.42321543280627,Cross-Sell Drive,Recommend bundle products based on purchase history.
17796.0,222,6,1286.09,3,4,4,344,11,Loyal Customers,1,75.9,0,0.5258246054179699,185.48533170842245,Cross-Sell Drive,Recommend bundle products based on purchase history.
17797.0,91,6,1477.85,4,4,4,444,12,Champions,2,508.02,0,0.6969590169277863,290.27453385243854,VIP Loyalty Program,"Early access to new launches, zero discount needed."
17798.0,490,1,183.09,1,2,1,121,4,Hibernating / Lost,0,0.0,1,0.12469096337100838,27.096472966444132,Suppress / Low-Cost Ads,Exclude from paid campaigns to save marketing budget.
17799.0,8,19,5817.71,5,5,5,555,15,Champions,1,524.18,0,0.8858586546086266,861.5448937043141,VIP Loyalty Program,"Early access to new launches, zero discount needed."
17800.0,0,7,916.6,5,4,3,543,12,Champions,2,282.41,0,0.7457694989777285,261.3032620901058,VIP Loyalty Program,"Early access to new launches, zero discount needed."
17801.0,360,3,798.33,1,3,3,133,7,Others / Need Attention,0,0.0,1,0.28002790168749225,97.59401187787,Suppress / Low-Cost Ads,Exclude from paid campaigns to save marketing budget.
17802.0,89,9,4400.5,4,5,5,455,14,Champions,1,652.62,0,0.7958852159610237,600.9443497533363,VIP Loyalty Program,"Early access to new launches, zero discount needed."
17803.0,301,1,184.66,2,2,1,221,5,About to Sleep,0,0.0,1,0.2631186031351347,57.17804982872884,Suppress / Low-Cost Ads,Exclude from paid campaigns to save marketing budget.
17804.0,285,3,385.23,2,3,2,232,7,At Risk,0,0.0,1,0.3429856829446082,85.76439221204306,Standard Retention Push,Automated email re-engagement.
17805.0,519,1,414.72,1,2,2,122,5,Hibernating / Lost,1,512.31,0,0.13178850984843415,53.652538612788604,Suppress / Low-Cost Ads,Exclude from paid campaigns to save marketing budget.
17807.0,304,3,437.87,2,3,2,232,7,At Risk,0,0.0,1,0.32245042802710944,80.6295024936198,Standard Retention Push,Automated email re-engagement.
17808.0,457,4,262.64,1,4,1,141,6,Can't Lose Them,0,0.0,1,0.10261728228819778,11.794854570593964,Executive Outreach,Feedback survey + customized high-value offer.
17809.0,38,16,8782.19,4,5,5,455,14,Champions,4,2555.2,0,0.862178022458296,951.8386527612209,VIP Loyalty Program,"Early access to new launches, zero discount needed."
17810.0,577,2,374.81,1,3,2,132,6,Others / Need Attention,0,0.0,1,0.09641626976029116,24.755782936429387,Suppress / Low-Cost Ads,Exclude from paid campaigns to save marketing budget.
17811.0,1,32,6636.23,5,5,5,555,15,Champions,15,2973.57,0,0.924204186812397,1378.1227011068486,VIP Loyalty Program,"Early access to new launches, zero discount needed."
17812.0,277,4,651.28,2,4,3,243,9,At Risk,3,514.61,0,0.4608726943305185,129.86788742296443,Standard Retention Push,Automated email re-engagement.
17814.0,284,2,1617.32,2,3,4,234,9,At Risk,0,0.0,1,0.4334025956755755,338.51985606840856,Standard Retention Push,Automated email re-engagement.
17815.0,302,1,591.96,2,2,3,223,7,About to Sleep,0,0.0,1,0.3485809015225748,147.45945061561548,Suppress / Low-Cost Ads,Exclude from paid campaigns to save marketing budget.
17816.0,178,4,97.07,3,4,1,341,8,Loyal Customers,2,15.25,0,0.41079214398396613,12.65099817832366,Cross-Sell Drive,Recommend bundle products based on purchase history.
17817.0,186,5,689.87,3,4,3,343,10,Loyal Customers,1,117.98,0,0.5104683235639829,136.98059585942016,Cross-Sell Drive,Recommend bundle products based on purchase history.
17818.0,646,1,130.18,1,2,1,121,4,Hibernating / Lost,0,0.0,1,0.06248629586011112,12.703069163303875,Suppress / Low-Cost Ads,Exclude from paid campaigns to save marketing budget.
17819.0,91,11,6376.12,4,5,5,455,14,Champions,1,236.4,0,0.8045629387949764,747.9034761562954,VIP Loyalty Program,"Early access to new launches, zero discount needed."
17820.0,283,1,183.56,2,2,1,221,5,About to Sleep,0,0.0,1,0.2804599435299582,60.94647978152439,Suppress / Low-Cost Ads,Exclude from paid campaigns to save marketing budget.
17821.0,315,1,334.62,2,2,2,222,6,About to Sleep,0,0.0,1,0.2904342056030452,99.1234398144685,Suppress / Low-Cost Ads,Exclude from paid campaigns to save marketing budget.
17822.0,329,5,2188.5,2,4,4,244,10,At Risk,0,0.0,1,0.4567730768596966,290.71775574839046,Standard Retention Push,Automated email re-engagement.
17823.0,330,2,494.25,2,3,2,232,7,At Risk,0,0.0,1,0.2887895377735704,85.59067436883721,Standard Retention Push,Automated email re-engagement.
17825.0,507,4,731.96,1,4,3,143,8,Can't Lose Them,0,0.0,1,0.11893838351570762,33.440471523699244,Executive Outreach,Feedback survey + customized high-value offer.
17826.0,283,1,134.59,2,2,1,221,5,About to Sleep,0,0.0,1,0.2804611908002981,66.1039521060319,Suppress / Low-Cost Ads,Exclude from paid campaigns to save marketing budget.
17827.0,151,5,1976.4,3,4,4,344,11,Loyal Customers,1,411.65,0,0.6027314266600194,349.3311843116474,Cross-Sell Drive,Recommend bundle products based on purchase history.
17828.0,18,3,1076.66,5,3,3,533,11,Loyal Customers,1,743.43,0,0.6280041107512717,306.20371631798434,Cross-Sell Drive,Recommend bundle products based on purchase history.
17829.0,207,5,4756.74,3,4,5,345,12,Loyal Customers,0,0.0,1,0.5862727633588221,578.419298715166,Cross-Sell Drive,Recommend bundle products based on purchase history.
17830.0,170,2,287.65,3,3,2,332,8,Loyal Customers,1,111.05,0,0.401621840063362,77.25776045766197,Cross-Sell Drive,Recommend bundle products based on purchase history.
17833.0,632,1,342.36,1,2,2,122,5,Hibernating / Lost,0,0.0,1,0.08051159744956193,27.442314766484472,Suppress / Low-Cost Ads,Exclude from paid campaigns to save marketing budget.
17834.0,323,2,730.47,2,3,3,233,8,At Risk,0,0.0,1,0.34018098379083883,112.06902817088314,Standard Retention Push,Automated email re-engagement.
17837.0,57,3,376.51,4,3,2,432,9,Loyal Customers,5,1216.87,0,0.5390127239172375,143.39603188793896,Cross-Sell Drive,Recommend bundle products based on purchase history.
17838.0,201,11,5631.3,3,5,5,355,13,Loyal Customers,2,1091.6,0,0.6873823660642435,612.7221164179576,Cross-Sell Drive,Recommend bundle products based on purchase history.
17840.0,352,1,185.72,1,2,1,121,4,Hibernating / Lost,0,0.0,1,0.2180907490507391,47.393090293974794,Suppress / Low-Cost Ads,Exclude from paid campaigns to save marketing budget.
17841.0,0,168,53394.36,5,5,5,555,15,Champions,43,17489.71,0,0.9989632152190518,8594.467106276685,VIP Loyalty Program,"Early access to new launches, zero discount needed."
17842.0,511,1,430.69,1,2,2,122,5,Hibernating / Lost,0,0.0,1,0.1363093741691116,55.49303174688111,Suppress / Low-Cost Ads,Exclude from paid campaigns to save marketing budget.
17843.0,212,2,326.23,3,3,2,332,8,Loyal Customers,0,0.0,1,0.3536092605495337,87.24656806464543,Cross-Sell Drive,Recommend bundle products based on purchase history.
17844.0,15,1,51.56,5,2,1,521,8,Promising / Potential,0,0.0,1,0.49975644606984004,52.19803163687203,Cross-Sell Drive,Recommend bundle products based on purchase history.
17845.0,464,4,598.19,1,4,3,143,8,Can't Lose Them,0,0.0,1,0.14268801413548948,40.1178688698159,Executive Outreach,Feedback survey + customized high-value offer.
17847.0,424,2,129.69,1,3,1,131,5,Others / Need Attention,0,0.0,1,0.15479896258403136,21.985600977451195,Suppress / Low-Cost Ads,Exclude from paid campaigns to save marketing budget.
17848.0,37,29,3571.3,4,5,5,455,14,Champions,1,79.6,0,0.9052368928878879,273.528063916153,VIP Loyalty Program,"Early access to new launches, zero discount needed."
17849.0,127,8,1063.76,3,5,3,353,11,Loyal Customers,0,0.0,1,0.6554118609634445,208.4326930795758,Cross-Sell Drive,Recommend bundle products based on purchase history.
17850.0,281,155,56600.08,2,5,5,255,12,At Risk,0,0.0,1,0.9950148642140261,3173.573340252342,High-Value Win-Back,20% off limited promo code + direct outreach.
17851.0,331,6,1563.34,2,4,4,244,10,At Risk,0,0.0,1,0.4623559687113383,270.03072848496424,Standard Retention Push,Automated email re-engagement.
17852.0,297,3,548.87,2,3,2,232,7,At Risk,2,114.34,0,0.32993814157178514,102.33026051514952,Standard Retention Push,Automated email re-engagement.
17853.0,316,3,1608.19,2,3,4,234,9,At Risk,0,0.0,1,0.4033205013928747,298.54873873812693,Standard Retention Push,Automated email re-engagement.
17854.0,94,6,1071.45,4,4,3,443,11,Champions,0,0.0,1,0.6487554918801999,204.8452311540141,VIP Loyalty Program,"Early access to new launches, zero discount needed."
17855.0,281,1,417.94,2,2,2,222,6,About to Sleep,0,0.0,1,0.3256901491105849,131.61165475134777,Suppress / Low-Cost Ads,Exclude from paid campaigns to save marketing budget.
17856.0,142,3,1142.63,3,3,3,333,9,Loyal Customers,1,275.4,0,0.49359472902104584,212.22341596105613,Cross-Sell Drive,Recommend bundle products based on purchase history.
17857.0,7,15,16057.72,5,5,5,555,15,Champions,9,12624.52,0,0.8725999748525282,2419.9644748299556,VIP Loyalty Program,"Early access to new launches, zero discount needed."
17858.0,25,27,11298.24,5,5,5,555,15,Champions,3,1499.41,0,0.9022747017576532,1601.4702446852546,VIP Loyalty Program,"Early access to new launches, zero discount needed."
17859.0,213,1,148.21,3,2,1,321,6,Promising / Potential,0,0.0,1,0.2868842620449855,61.615877059837494,Cross-Sell Drive,Recommend bundle products based on purchase history.
17860.0,277,4,1015.54,2,4,3,243,9,At Risk,0,0.0,1,0.4608612711486354,151.2433684155304,Standard Retention Push,Automated email re-engagement.
17861.0,45,15,4328.46,4,5,5,455,14,Champions,3,799.23,0,0.8541889505493079,635.6301824166878,VIP Loyalty Program,"Early access to new launches, zero discount needed."
17862.0,232,4,1279.09,3,4,4,344,11,Loyal Customers,0,0.0,1,0.4976066517098673,178.41010632811344,Cross-Sell Drive,Recommend bundle products based on purchase history.
17863.0,54,10,4370.48,4,5,5,455,14,Champions,2,1374.72,0,0.82683014748854,624.309756450218,VIP Loyalty Program,"Early access to new launches, zero discount needed."
17864.0,184,3,535.23,3,3,2,332,8,Loyal Customers,2,389.09,0,0.3929877816717101,123.67474091308736,Cross-Sell Drive,Recommend bundle products based on purchase history.
17865.0,16,38,22865.41,5,5,5,555,15,Champions,8,3508.98,0,0.9320512699788606,2350.571913021308,VIP Loyalty Program,"Early access to new launches, zero discount needed."
17866.0,51,3,1134.95,4,3,3,433,10,Loyal Customers,0,0.0,1,0.5963347720800639,259.044823409764,Cross-Sell Drive,Recommend bundle products based on purchase history.
17867.0,52,13,1381.66,4,5,4,454,13,Champions,2,239.62,0,0.8123152763562025,201.99646516402817,VIP Loyalty Program,"Early access to new launches, zero discount needed."
17868.0,295,1,234.65,2,2,1,221,5,About to Sleep,0,0.0,1,0.26882055680254124,69.26900366896083,Suppress / Low-Cost Ads,Exclude from paid campaigns to save marketing budget.
17869.0,16,7,1036.16,5,4,3,543,12,Champions,0,0.0,1,0.730715815743911,271.18905463170387,VIP Loyalty Program,"Early access to new launches, zero discount needed."
17870.0,0,8,1963.77,5,5,4,554,14,Champions,5,1144.38,0,0.8220520285683908,471.6504726351183,VIP Loyalty Program,"Early access to new launches, zero discount needed."
17871.0,113,5,1118.99,3,4,3,343,10,Loyal Customers,0,0.0,1,0.5980283780391769,195.25512161287523,Cross-Sell Drive,Recommend bundle products based on purchase history.
17872.0,290,1,235.87,2,2,1,221,5,About to Sleep,0,0.0,1,0.2736324527748032,70.50892089747138,Suppress / Low-Cost Ads,Exclude from paid campaigns to save marketing budget.
17873.0,93,17,6243.84,4,5,5,455,14,Champions,1,272.04,0,0.8317619372182253,755.7711874658589,VIP Loyalty Program,"Early access to new launches, zero discount needed."
17874.0,94,6,683.46,4,4,3,443,11,Champions,0,0.0,1,0.6487666505401204,165.42563183497595,VIP Loyalty Program,"Early access to new launches, zero discount needed."
17875.0,597,1,167.1,1,2,1,121,4,Hibernating / Lost,0,0.0,1,0.0780089834654698,16.962854082834973,Suppress / Low-Cost Ads,Exclude from paid campaigns to save marketing budget.
17876.0,308,3,3424.02,2,3,5,235,10,At Risk,0,0.0,1,0.46301850629555585,367.7055183424105,Standard Retention Push,Automated email re-engagement.
17877.0,79,1,237.61,4,2,1,421,7,Promising / Potential,0,0.0,1,0.4291366217100516,111.20939005498204,Cross-Sell Drive,Recommend bundle products based on purchase history.
17878.0,304,2,1032.88,2,3,3,233,8,At Risk,1,379.45,0,0.3612330387397573,156.47731565739704,Standard Retention Push,Automated email re-engagement.
17879.0,82,1,178.52,4,2,1,421,7,Promising / Potential,0,0.0,1,0.4255638649712459,89.76017197679646,Cross-Sell Drive,Recommend bundle products based on purchase history.
17880.0,273,3,824.92,2,3,3,233,8,At Risk,0,0.0,1,0.4044599916496674,135.28171859439337,Standard Retention Push,Automated email re-engagement.
17881.0,213,1,133.35,3,2,1,321,6,Promising / Potential,0,0.0,1,0.2868846457432297,51.692726945048356,Cross-Sell Drive,Recommend bundle products based on purchase history.
17882.0,288,2,313.46,2,3,2,232,7,At Risk,0,0.0,1,0.3325326145386096,78.16398211348263,Standard Retention Push,Automated email re-engagement.
17883.0,155,4,443.43,3,4,2,342,9,Loyal Customers,3,552.42,0,0.4889966861959256,116.1200856097485,Cross-Sell Drive,Recommend bundle products based on purchase history.
17884.0,220,19,2958.28,3,5,5,355,13,Loyal Customers,1,114.61,0,0.7216859307550236,291.21843062559884,Cross-Sell Drive,Recommend bundle products based on purchase history.
17886.0,119,5,1105.03,3,4,3,343,10,Loyal Customers,1,503.35,0,0.5909864805036156,192.95595553617554,Cross-Sell Drive,Recommend bundle products based on purchase history.
17887.0,38,1,111.35,4,2,1,421,7,Promising / Potential,0,0.0,1,0.4785799294694085,80.73199417240306,Cross-Sell Drive,Recommend bundle products based on purchase history.
17888.0,70,21,1401.44,4,5,4,454,13,Champions,4,419.0,0,0.8367966308543268,200.3133930765619,VIP Loyalty Program,"Early access to new launches, zero discount needed."
17889.0,121,7,774.87,3,4,3,343,10,Loyal Customers,0,0.0,1,0.6041110474311124,126.337437241035,Cross-Sell Drive,Recommend bundle products based on purchase history.
17890.0,231,2,602.09,3,3,3,333,9,Loyal Customers,0,0.0,1,0.37965183346897957,125.07228224821282,Cross-Sell Drive,Recommend bundle products based on purchase history.
17891.0,71,1,203.86,4,2,1,421,7,Promising / Potential,0,0.0,1,0.4387051185280535,99.80153127452571,Cross-Sell Drive,Recommend bundle products based on purchase history.
17892.0,64,1,142.1,4,2,1,421,7,Promising / Potential,2,102.0,0,0.4471163664203155,97.86693166035525,Cross-Sell Drive,Recommend bundle products based on purchase history.
17893.0,134,1,112.25,3,2,1,321,6,Promising / Potential,0,0.0,1,0.3714700769360906,63.722551025910064,Cross-Sell Drive,Recommend bundle products based on purchase history.
17894.0,5,17,2330.32,5,5,4,554,14,Champions,1,123.06,0,0.8575589246960983,332.4813285128917,VIP Loyalty Program,"Early access to new launches, zero discount needed."
17897.0,81,9,2585.0,4,5,4,454,13,Champions,0,0.0,1,0.7676739351695638,410.8381248993049,VIP Loyalty Program,"Early access to new launches, zero discount needed."
17898.0,116,3,246.96,3,3,1,331,7,Loyal Customers,1,52.22,0,0.4235109594126282,66.20725802714048,Cross-Sell Drive,Recommend bundle products based on purchase history.
17899.0,68,1,155.8,4,2,1,421,7,Promising / Potential,0,0.0,1,0.44230658843651516,96.81414485004295,Cross-Sell Drive,Recommend bundle products based on purchase history.
17900.0,99,2,112.2,4,3,1,431,8,Loyal Customers,0,0.0,1,0.4292381275244498,50.31083229000443,Cross-Sell Drive,Recommend bundle products based on purchase history.
17901.0,430,2,149.7,1,3,1,131,5,Others / Need Attention,1,110.38,0,0.15101487497143384,22.944581190253796,Suppress / Low-Cost Ads,Exclude from paid campaigns to save marketing budget.
17902.0,455,1,216.4,1,2,1,121,4,Hibernating / Lost,0,0.0,1,0.14450940770530463,32.65878476361291,Suppress / Low-Cost Ads,Exclude from paid campaigns to save marketing budget.
17903.0,303,1,381.09,2,2,2,222,6,About to Sleep,0,0.0,1,0.3026194988216476,122.28878616287925,Suppress / Low-Cost Ads,Exclude from paid campaigns to save marketing budget.
17905.0,65,12,2202.27,4,5,4,454,13,Champions,1,181.25,0,0.797313521127087,276.7944838211221,VIP Loyalty Program,"Early access to new launches, zero discount needed."
17906.0,156,1,72.9,3,2,1,321,6,Promising / Potential,0,0.0,1,0.3468245628832207,57.41134403728339,Cross-Sell Drive,Recommend bundle products based on purchase history.
17907.0,549,1,291.76,1,2,2,122,5,Hibernating / Lost,0,0.0,1,0.11595670983493933,31.524419467144686,Suppress / Low-Cost Ads,Exclude from paid campaigns to save marketing budget.
17908.0,282,5,1411.54,2,4,4,244,10,At Risk,0,0.0,1,0.5138956895301419,220.1219241379153,Standard Retention Push,Automated email re-engagement.
17909.0,646,1,132.55,1,2,1,121,4,Hibernating / Lost,0,0.0,1,0.06248627833685627,12.703065600936876,Suppress / Low-Cost Ads,Exclude from paid campaigns to save marketing budget.
17910.0,635,1,261.7,1,2,1,121,4,Hibernating / Lost,0,0.0,1,0.06569730635707471,16.552931237166888,Suppress / Low-Cost Ads,Exclude from paid campaigns to save marketing budget.
17912.0,219,6,375.5,3,4,2,342,9,Loyal Customers,0,0.0,1,0.4276740333270731,81.84979315979255,Cross-Sell Drive,Recommend bundle products based on purchase history.
17913.0,264,13,3286.09,2,5,5,255,12,At Risk,1,193.55,0,0.6947105392884567,353.95153653394607,Standard Retention Push,Automated email re-engagement.
17915.0,460,1,242.13,1,2,1,121,4,Hibernating / Lost,0,0.0,1,0.1415253432908915,37.77289660662178,Suppress / Low-Cost Ads,Exclude from paid campaigns to save marketing budget.
17916.0,537,2,43.87,1,3,1,131,5,Others / Need Attention,0,0.0,1,0.09555453774590672,8.85088475863766,Suppress / Low-Cost Ads,Exclude from paid campaigns to save marketing budget.
17917.0,165,2,230.46,3,3,1,331,7,Loyal Customers,1,110.82,0,0.3591420340180841,65.23072327167037,Cross-Sell Drive,Recommend bundle products based on purchase history.
17918.0,409,3,396.39,1,3,2,132,6,Others / Need Attention,0,0.0,1,0.19979445303646226,48.32769904288664,Suppress / Low-Cost Ads,Exclude from paid campaigns to save marketing budget.
17919.0,347,1,536.28,2,2,2,222,6,About to Sleep,1,1304.04,0,0.2593965825521314,114.83738420863983,Suppress / Low-Cost Ads,Exclude from paid campaigns to save marketing budget.
17920.0,14,46,22719.18,5,5,5,555,15,Champions,8,1797.28,0,0.9471246175344267,2694.4751084879636,VIP Loyalty Program,"Early access to new launches, zero discount needed."
17921.0,57,9,2198.74,4,5,4,454,13,Champions,1,224.76,0,0.7878687239482317,387.74353543294836,VIP Loyalty Program,"Early access to new launches, zero discount needed."
17922.0,452,1,170.4,1,2,1,121,4,Hibernating / Lost,0,0.0,1,0.1463253093337148,30.66032766513219,Suppress / Low-Cost Ads,Exclude from paid campaigns to save marketing budget.
17923.0,191,3,497.0,3,3,2,332,8,Loyal Customers,0,0.0,1,0.3848889328185745,107.46835823212278,Cross-Sell Drive,Recommend bundle products based on purchase history.
17924.0,210,3,1076.4,3,3,3,333,9,Loyal Customers,5,2460.3,0,0.41175840295496025,164.80826614129376,Cross-Sell Drive,Recommend bundle products based on purchase history.
17925.0,281,1,488.16,2,2,2,222,6,About to Sleep,0,0.0,1,0.32568820272730625,160.05135481854583,Suppress / Low-Cost Ads,Exclude from paid campaigns to save marketing budget.
17926.0,42,5,1035.49,4,4,3,443,11,Champions,0,0.0,1,0.6973317913949146,239.72531863151016,VIP Loyalty Program,"Early access to new launches, zero discount needed."
17927.0,630,1,294.0,1,2,2,122,5,Hibernating / Lost,0,0.0,1,0.08123589194669056,20.848854429234212,Suppress / Low-Cost Ads,Exclude from paid campaigns to save marketing budget.
17928.0,155,2,206.96,3,3,1,331,7,Loyal Customers,1,134.28,0,0.37042413673217867,59.13293856794901,Cross-Sell Drive,Recommend bundle products based on purchase history.
17929.0,21,11,2946.1,5,5,5,555,15,Champions,1,136.0,0,0.8492952350814428,402.2178170109604,VIP Loyalty Program,"Early access to new launches, zero discount needed."
17930.0,71,10,3228.88,4,5,5,455,14,Champions,3,1046.34,0,0.8146780989036645,490.28900473837143,VIP Loyalty Program,"Early access to new launches, zero discount needed."
17931.0,43,14,3437.29,4,5,5,455,14,Champions,0,0.0,1,0.8513910751392109,480.35813292388957,VIP Loyalty Program,"Early access to new launches, zero discount needed."
17932.0,82,2,934.51,4,3,3,433,10,Loyal Customers,1,397.06,0,0.5516073574802112,197.4007788825045,Cross-Sell Drive,Recommend bundle products based on purchase history.
17933.0,541,1,114.69,1,2,1,121,4,Hibernating / Lost,0,0.0,1,0.10001615211138726,16.349304197227415,Suppress / Low-Cost Ads,Exclude from paid campaigns to save marketing budget.
17934.0,315,1,344.9,2,2,2,222,6,About to Sleep,2,704.25,0,0.29043393821775265,117.36459118943255,Suppress / Low-Cost Ads,Exclude from paid campaigns to save marketing budget.
17935.0,47,7,686.14,4,4,3,443,11,Champions,0,0.0,1,0.7057017823871272,165.35363491945773,VIP Loyalty Program,"Early access to new launches, zero discount needed."
17937.0,23,5,3614.52,5,4,5,545,14,Champions,2,686.7,0,0.787351372925745,582.2057615615291,VIP Loyalty Program,"Early access to new launches, zero discount needed."
17938.0,329,1,144.29,2,2,1,221,5,About to Sleep,0,0.0,1,0.23755216723874684,51.655111641285956,Suppress / Low-Cost Ads,Exclude from paid campaigns to save marketing budget.
17939.0,68,1,99.14,4,2,1,421,7,Promising / Potential,0,0.0,1,0.4423083524412853,73.5274219973373,Cross-Sell Drive,Recommend bundle products based on purchase history.
17940.0,17,15,30201.19,5,5,5,555,15,Champions,1,192.0,0,0.8668824670573372,529.874118660721,VIP Loyalty Program,"Early access to new launches, zero discount needed."
17941.0,39,4,1433.28,4,4,4,444,12,Champions,0,0.0,1,0.7353177566325367,341.6168647857541,VIP Loyalty Program,"Early access to new launches, zero discount needed."
17944.0,332,1,75.41,2,2,1,221,5,About to Sleep,0,0.0,1,0.23491828443552232,42.85607119951615,Suppress / Low-Cost Ads,Exclude from paid campaigns to save marketing budget.
17945.0,605,3,360.35,1,3,2,132,6,Others / Need Attention,0,0.0,1,0.08771303283635501,21.216650355556126,Suppress / Low-Cost Ads,Exclude from paid campaigns to save marketing budget.
17946.0,142,2,149.58,3,3,1,331,7,Loyal Customers,0,0.0,1,0.38530418093967755,60.66717246085934,Cross-Sell Drive,Recommend bundle products based on purchase history.
17948.0,56,1,358.56,4,2,2,422,8,Promising / Potential,0,0.0,1,0.5078306524719272,224.88082905753362,Cross-Sell Drive,Recommend bundle products based on purchase history.
17949.0,2,106,108326.8,5,5,5,555,15,Champions,12,10301.28,0,0.9923196568320863,13928.684343938045,VIP Loyalty Program,"Early access to new launches, zero discount needed."
17950.0,274,6,1213.78,2,4,4,244,10,At Risk,1,219.03,0,0.5316354821448412,160.28881635169822,Standard Retention Push,Automated email re-engagement.
17951.0,267,3,1037.04,2,3,3,233,8,At Risk,1,599.04,0,0.41150942795979506,164.70861271109962,Standard Retention Push,Automated email re-engagement.
17952.0,287,4,819.61,2,4,3,243,9,At Risk,0,0.0,1,0.44879505268902353,128.3985664663877,Standard Retention Push,Automated email re-engagement.
17953.0,449,1,160.82,1,2,1,121,4,Hibernating / Lost,0,0.0,1,0.1481594975106918,32.21690407454767,Suppress / Low-Cost Ads,Exclude from paid campaigns to save marketing budget.
17954.0,32,17,3523.54,5,5,5,555,15,Champions,2,442.51,0,0.8662590985608901,481.91757943651004,VIP Loyalty Program,"Early access to new launches, zero discount needed."
17955.0,107,6,949.9,3,4,3,343,10,Loyal Customers,0,0.0,1,0.6126889732788859,193.45718984681082,Cross-Sell Drive,Recommend bundle products based on purchase history.
17956.0,158,1,12.75,3,2,1,321,6,Promising / Potential,0,0.0,1,0.34462359475447324,260.6509046325101,Cross-Sell Drive,Recommend bundle products based on purchase history.
17958.0,25,2,973.88,5,3,3,533,11,Loyal Customers,0,0.0,1,0.6124106486827323,259.8482306356032,Cross-Sell Drive,Recommend bundle products based on purchase history.
17959.0,501,1,140.75,1,2,1,121,4,Hibernating / Lost,0,0.0,1,0.11896254464089007,25.868101293223365,Suppress / Low-Cost Ads,Exclude from paid campaigns to save marketing budget.
17960.0,80,3,135.08,4,3,1,431,8,Loyal Customers,0,0.0,1,0.46000666717505456,46.22291195562053,Cross-Sell Drive,Recommend bundle products based on purchase history.
17961.0,32,92,2878.72,5,5,5,555,15,Champions,8,116.82,0,0.9863287351994989,247.02762499561823,VIP Loyalty Program,"Early access to new launches, zero discount needed."
17962.0,51,4,687.42,4,4,3,443,11,Champions,0,0.0,1,0.6810735929065453,207.44171282082277,VIP Loyalty Program,"Early access to new launches, zero discount needed."
17963.0,380,4,651.51,1,4,3,143,8,Can't Lose Them,0,0.0,1,0.20034196102849666,56.32773411529283,Executive Outreach,Feedback survey + customized high-value offer.
17964.0,281,1,523.52,2,2,2,222,6,About to Sleep,1,209.94,0,0.32568722260835337,135.08879895955255,Suppress / Low-Cost Ads,Exclude from paid campaigns to save marketing budget.
17965.0,0,27,6889.45,5,5,5,555,15,Champions,2,351.53,0,0.9125390209429305,970.8849123959069,VIP Loyalty Program,"Early access to new launches, zero discount needed."
17966.0,60,9,1470.42,4,5,4,454,13,Champions,1,504.0,0,0.7854326982122058,284.3859696944048,VIP Loyalty Program,"Early access to new launches, zero discount needed."
17967.0,280,2,357.29,2,3,2,232,7,At Risk,0,0.0,1,0.34123247270632817,90.57151721148493,Standard Retention Push,Automated email re-engagement.
17968.0,282,4,888.04,2,4,3,243,9,At Risk,0,0.0,1,0.45482245440143954,139.9422718168065,Standard Retention Push,Automated email re-engagement.
17969.0,75,20,2369.94,4,5,4,454,13,Champions,0,0.0,1,0.8289181552114503,308.7977303674663,VIP Loyalty Program,"Early access to new launches, zero discount needed."
17970.0,120,1,582.59,3,2,3,323,8,Promising / Potential,0,0.0,1,0.48791479811640737,226.59696232431642,Cross-Sell Drive,Recommend bundle products based on purchase history.
17971.0,457,1,161.94,1,2,1,121,4,Hibernating / Lost,0,0.0,1,0.14331055856472452,31.162514693439704,Suppress / Low-Cost Ads,Exclude from paid campaigns to save marketing budget.
17972.0,150,1,136.04,3,2,1,321,6,Promising / Potential,0,0.0,1,0.35346997108711276,81.54388960142151,Cross-Sell Drive,Recommend bundle products based on purchase history.
17974.0,128,4,1290.04,3,4,4,344,11,Loyal Customers,2,568.02,0,0.6217054398179744,225.98514916228518,Cross-Sell Drive,Recommend bundle products based on purchase history.
17975.0,23,22,6496.02,5,5,5,555,15,Champions,2,532.81,0,0.8881928795645657,819.7092437329724,VIP Loyalty Program,"Early access to new launches, zero discount needed."
17976.0,281,1,706.38,2,2,3,223,7,About to Sleep,0,0.0,1,0.3721393418003427,157.425328394767,Suppress / Low-Cost Ads,Exclude from paid campaigns to save marketing budget.
17977.0,309,1,1277.49,2,2,4,224,8,About to Sleep,1,288.14,0,0.3882386337952223,202.1875513552625,Suppress / Low-Cost Ads,Exclude from paid campaigns to save marketing budget.
17978.0,274,4,1461.76,2,4,4,244,10,At Risk,0,0.0,1,0.5155960298232922,223.4482142085288,Standard Retention Push,Automated email re-engagement.
17979.0,77,3,504.54,4,3,2,432,9,Loyal Customers,1,253.17,0,0.5147392518789045,152.9074746946505,Cross-Sell Drive,Recommend bundle products based on purchase history.
17980.0,74,4,1033.42,4,4,3,443,11,Champions,0,0.0,1,0.6562621589053154,228.2620395191716,VIP Loyalty Program,"Early access to new launches, zero discount needed."
17981.0,319,1,239.12,2,2,1,221,5,About to Sleep,0,0.0,1,0.24648095452141183,61.20800515737369,Suppress / Low-Cost Ads,Exclude from paid campaigns to save marketing budget.
17982.0,589,1,138.18,1,2,1,121,4,Hibernating / Lost,0,0.0,1,0.08085723094058561,19.057832943912434,Suppress / Low-Cost Ads,Exclude from paid campaigns to save marketing budget.
17983.0,304,1,171.71,2,2,1,221,5,About to Sleep,0,0.0,1,0.26029666696476716,54.541358126093506,Suppress / Low-Cost Ads,Exclude from paid campaigns to save marketing budget.
17984.0,54,5,1191.27,4,4,4,444,12,Champions,0,0.0,1,0.7272881780375271,262.8709669184361,VIP Loyalty Program,"Early access to new launches, zero discount needed."
17987.0,94,5,1003.64,4,4,3,443,11,Champions,0,0.0,1,0.6413996275986849,209.41575164018363,VIP Loyalty Program,"Early access to new launches, zero discount needed."
17988.0,26,12,434.42,5,5,2,552,12,Champions,2,55.12,0,0.7545456899936325,89.14270064451173,VIP Loyalty Program,"Early access to new launches, zero discount needed."
17989.0,288,1,228.83,2,2,1,221,5,About to Sleep,0,0.0,1,0.2755723632877273,61.845151277587526,Suppress / Low-Cost Ads,Exclude from paid campaigns to save marketing budget.
17990.0,145,6,1527.61,3,4,4,344,11,Loyal Customers,0,0.0,1,0.6173385915354145,241.60324559170405,Cross-Sell Drive,Recommend bundle products based on purchase history.
17991.0,134,3,320.55,3,3,2,332,8,Loyal Customers,0,0.0,1,0.4523210363383935,101.26404731214024,Cross-Sell Drive,Recommend bundle products based on purchase history.
17992.0,298,1,254.13,2,2,1,221,5,About to Sleep,0,0.0,1,0.26595874011841836,69.8945704549846,Suppress / Low-Cost Ads,Exclude from paid campaigns to save marketing budget.
17993.0,526,1,235.19,1,2,1,121,4,Hibernating / Lost,0,0.0,1,0.10678341446066586,27.94458538761881,Suppress / Low-Cost Ads,Exclude from paid campaigns to save marketing budget.
17994.0,30,11,2313.32,5,5,4,554,14,Champions,0,0.0,1,0.8146652937238624,292.451824890504,VIP Loyalty Program,"Early access to new launches, zero discount needed."
17995.0,190,3,495.48,3,3,2,332,8,Loyal Customers,0,0.0,1,0.38604233749698746,107.79041089874158,Cross-Sell Drive,Recommend bundle products based on purchase history.
17996.0,288,3,482.33,2,3,2,232,7,At Risk,0,0.0,1,0.3396989390924301,84.94253403295328,Standard Retention Push,Automated email re-engagement.
17997.0,1,6,1719.96,5,4,4,544,13,Champions,2,250.71,0,0.7762242293757622,478.40106207343734,VIP Loyalty Program,"Early access to new launches, zero discount needed."
17998.0,289,3,639.24,2,3,3,233,8,At Risk,0,0.0,1,0.38584891159227463,127.11384411048239,Standard Retention Push,Automated email re-engagement.
17999.0,275,2,539.18,2,3,2,232,7,At Risk,1,191.72,0,0.34672073165875084,107.53537807911724,Standard Retention Push,Automated email re-engagement.
18000.0,473,1,124.25,1,2,1,121,4,Hibernating / Lost,0,0.0,1,0.13400993591277743,27.243373303499645,Suppress / Low-Cost Ads,Exclude from paid campaigns to save marketing budget.
18001.0,358,4,536.61,1,4,2,142,7,Can't Lose Them,2,417.23,0,0.1851621206956795,51.67247399670317,Executive Outreach,Feedback survey + customized high-value offer.
18002.0,284,4,249.92,2,4,1,241,7,At Risk,0,0.0,1,0.3542702085934102,40.71990113047309,Standard Retention Push,Automated email re-engagement.
18003.0,285,1,358.61,2,2,2,222,6,About to Sleep,0,0.0,1,0.32142921168607475,129.8898064646766,Suppress / Low-Cost Ads,Exclude from paid campaigns to save marketing budget.
18004.0,271,1,169.47,2,2,1,221,5,About to Sleep,0,0.0,1,0.2924007894589091,61.268307274904465,Suppress / Low-Cost Ads,Exclude from paid campaigns to save marketing budget.
18006.0,290,3,553.18,2,3,2,232,7,At Risk,1,444.68,0,0.3375161269596757,111.19111926499727,Standard Retention Push,Automated email re-engagement.
18007.0,301,1,220.32,2,2,1,221,5,About to Sleep,0,0.0,1,0.26311773049716325,55.679740183511285,Suppress / Low-Cost Ads,Exclude from paid campaigns to save marketing budget.
18008.0,112,21,19736.35,3,5,5,355,13,Loyal Customers,2,50.78,0,0.823587028422697,161.40792119993077,Cross-Sell Drive,Recommend bundle products based on purchase history.
18009.0,144,8,2155.83,3,5,4,354,12,Loyal Customers,0,0.0,1,0.6823806849421509,322.1265573595477,Cross-Sell Drive,Recommend bundle products based on purchase history.
18010.0,165,1,174.8,3,2,1,321,6,Promising / Potential,0,0.0,1,0.3369625081623142,69.73801671060606,Cross-Sell Drive,Recommend bundle products based on purchase history.
18011.0,282,2,527.03,2,3,2,232,7,At Risk,0,0.0,1,0.3390420693257815,106.69782125066385,Standard Retention Push,Automated email re-engagement.
18012.0,632,1,115.3,1,2,1,121,4,Hibernating / Lost,0,0.0,1,0.06660074364906854,11.558388097153287,Suppress / Low-Cost Ads,Exclude from paid campaigns to save marketing budget.
18013.0,64,2,187.29,4,3,1,431,8,Loyal Customers,0,0.0,1,0.47139193454353134,72.99408604035945,Cross-Sell Drive,Recommend bundle products based on purchase history.
18016.0,95,5,965.66,4,4,3,443,11,Champions,2,994.8,0,0.6402800798803565,209.0502214514485,VIP Loyalty Program,"Early access to new launches, zero discount needed."
18017.0,78,3,509.0,4,3,2,432,9,Loyal Customers,1,179.0,0,0.5135228530974831,152.54613355890098,Cross-Sell Drive,Recommend bundle products based on purchase history.
18018.0,17,4,297.99,5,4,2,542,11,Champions,0,0.0,1,0.6664869438516074,111.17851537399714,VIP Loyalty Program,"Early access to new launches, zero discount needed."
18020.0,452,1,190.48,1,2,1,121,4,Hibernating / Lost,0,0.0,1,0.14632499275678745,34.021700791563795,Suppress / Low-Cost Ads,Exclude from paid campaigns to save marketing budget.
18021.0,418,2,227.06,1,3,1,131,5,Others / Need Attention,0,0.0,1,0.15865817292426931,28.816975994212665,Suppress / Low-Cost Ads,Exclude from paid campaigns to save marketing budget.
18022.0,294,4,983.68,2,4,3,243,9,At Risk,1,668.11,0,0.4403741963177116,144.52001281941517,Standard Retention Push,Automated email re-engagement.
18024.0,61,2,389.78,4,3,2,432,9,Loyal Customers,0,0.0,1,0.5261644779348,143.05357121193748,Cross-Sell Drive,Recommend bundle products based on purchase history.
18025.0,288,6,1177.72,2,4,4,244,10,At Risk,0,0.0,1,0.5146335214871458,174.70422063583968,Standard Retention Push,Automated email re-engagement.
18026.0,409,2,2074.07,1,3,4,134,8,Others / Need Attention,0,0.0,1,0.266887976492971,187.12144297990045,Suppress / Low-Cost Ads,Exclude from paid campaigns to save marketing budget.
18027.0,7,1,115.31,5,2,1,521,8,Promising / Potential,0,0.0,1,0.5094911425346159,106.54616072466412,Cross-Sell Drive,Recommend bundle products based on purchase history.
18028.0,492,1,192.05,1,2,1,121,4,Hibernating / Lost,0,0.0,1,0.12363190012034453,28.745379958282992,Suppress / Low-Cost Ads,Exclude from paid campaigns to save marketing budget.
18029.0,551,1,433.77,1,2,2,122,5,Hibernating / Lost,0,0.0,1,0.11496037913882873,42.808854813218886,Suppress / Low-Cost Ads,Exclude from paid campaigns to save marketing budget.
18031.0,287,1,462.1,2,2,2,222,6,About to Sleep,0,0.0,1,0.3193061301755109,129.03186749556636,Suppress / Low-Cost Ads,Exclude from paid campaigns to save marketing budget.
18032.0,243,1,73.5,3,2,1,321,6,Promising / Potential,0,0.0,1,0.2579553018389691,42.70043752669519,Cross-Sell Drive,Recommend bundle products based on purchase history.
18034.0,284,1,370.82,2,2,2,222,6,About to Sleep,2,422.88,0,0.3224917700916551,130.3191871825469,Suppress / Low-Cost Ads,Exclude from paid campaigns to save marketing budget.
18035.0,294,2,546.34,2,3,2,232,7,At Risk,3,730.4,0,0.32607409707491475,101.13182774795504,Standard Retention Push,Automated email re-engagement.
18036.0,14,10,1412.56,5,5,4,554,14,Champions,1,151.08,0,0.8214925659259469,309.32137024836544,VIP Loyalty Program,"Early access to new launches, zero discount needed."
18037.0,63,15,167.42,4,5,1,451,10,Champions,0,0.0,1,0.7030379075156304,29.047136789386737,VIP Loyalty Program,"Early access to new launches, zero discount needed."
18038.0,465,1,149.41,1,2,1,121,4,Hibernating / Lost,0,0.0,1,0.1385947008247318,30.137063480448145,Suppress / Low-Cost Ads,Exclude from paid campaigns to save marketing budget.
18039.0,283,4,579.17,2,4,3,243,9,At Risk,0,0.0,1,0.45362509078440816,127.82560769367866,Standard Retention Push,Automated email re-engagement.
18040.0,154,1,239.0,3,2,1,321,6,Promising / Potential,1,118.2,0,0.3490290632694545,82.08333757027152,Cross-Sell Drive,Recommend bundle products based on purchase history.
18041.0,12,33,7653.12,5,5,5,555,15,Champions,5,1099.26,0,0.9226808135791411,1148.1385966489158,VIP Loyalty Program,"Early access to new launches, zero discount needed."
18042.0,450,1,116.1,1,2,1,121,4,Hibernating / Lost,1,165.05,0,0.14754676107726838,26.785075480375085,Suppress / Low-Cost Ads,Exclude from paid campaigns to save marketing budget.
18043.0,115,2,768.27,3,3,3,333,9,Loyal Customers,1,107.7,0,0.5184286354686221,171.91813925337956,Cross-Sell Drive,Recommend bundle products based on purchase history.
18044.0,75,15,2522.54,4,5,4,454,13,Champions,3,983.07,0,0.8049102806380972,364.3412658796339,VIP Loyalty Program,"Early access to new launches, zero discount needed."
18046.0,558,1,189.63,1,2,1,121,4,Hibernating / Lost,0,0.0,1,0.0928075774289292,19.48030370439899,Suppress / Low-Cost Ads,Exclude from paid campaigns to save marketing budget.
18047.0,290,2,342.69,2,3,2,232,7,At Risk,0,0.0,1,0.3303739734224955,84.10852716949371,Standard Retention Push,Automated email re-engagement.
18048.0,112,3,401.73,3,3,2,332,8,Loyal Customers,0,0.0,1,0.47896467038054547,125.2172947529826,Cross-Sell Drive,Recommend bundle products based on purchase history.
18049.0,346,2,556.52,2,3,2,232,7,At Risk,0,0.0,1,0.2730543491724512,89.9548681663072,Standard Retention Push,Automated email re-engagement.
18050.0,268,2,412.06,2,3,2,232,7,At Risk,0,0.0,1,0.3544840547808671,94.08881403972799,Standard Retention Push,Automated email re-engagement.
18051.0,543,7,2282.28,1,4,4,144,9,Can't Lose Them,0,0.0,1,0.13275043262356034,62.684997014730364,Executive Outreach,Feedback survey + customized high-value offer.
18052.0,473,1,10877.18,1,2,5,125,8,Hibernating / Lost,0,0.0,1,0.2595329240515223,641.9009401701396,Suppress / Low-Cost Ads,Exclude from paid campaigns to save marketing budget.
18053.0,434,2,271.05,1,3,2,132,6,Others / Need Attention,1,300.02,0,0.1763282790083638,33.919290692435354,Suppress / Low-Cost Ads,Exclude from paid campaigns to save marketing budget.
18054.0,301,1,176.5,2,2,1,221,5,About to Sleep,0,0.0,1,0.2631188028192394,55.1326954033399,Suppress / Low-Cost Ads,Exclude from paid campaigns to save marketing budget.
18055.0,37,11,8084.24,4,5,5,455,14,Champions,3,3111.33,0,0.8426086348080468,1008.3730292749312,VIP Loyalty Program,"Early access to new launches, zero discount needed."
18056.0,197,2,554.6,3,3,2,332,8,Loyal Customers,0,0.0,1,0.3704686978818078,122.0469953278582,Cross-Sell Drive,Recommend bundle products based on purchase history.
18057.0,302,3,1203.56,2,3,4,234,9,At Risk,0,0.0,1,0.4198394317605221,168.0932664013931,Standard Retention Push,Automated email re-engagement.
18058.0,450,2,603.9,1,3,3,133,7,Others / Need Attention,1,170.16,0,0.19550329955672285,64.26281184733651,Suppress / Low-Cost Ads,Exclude from paid campaigns to save marketing budget.
18060.0,317,2,1185.46,2,3,4,234,9,At Risk,0,0.0,1,0.394460230157214,195.38376054311854,Standard Retention Push,Automated email re-engagement.
18061.0,16,26,6163.07,5,5,5,555,15,Champions,2,325.9,0,0.9033565797570751,711.1303094517469,VIP Loyalty Program,"Early access to new launches, zero discount needed."
18062.0,82,6,1632.67,4,4,4,444,12,Champions,0,0.0,1,0.7061294747131129,398.414530252321,VIP Loyalty Program,"Early access to new launches, zero discount needed."
18063.0,299,2,186.6,2,3,1,231,6,At Risk,0,0.0,1,0.27787547794334233,42.219261285735186,Standard Retention Push,Automated email re-engagement.
18064.0,42,11,4495.03,4,5,5,455,14,Champions,0,0.0,1,0.8394141484811808,624.6357646971719,VIP Loyalty Program,"Early access to new launches, zero discount needed."
18065.0,92,23,4885.95,4,5,5,455,14,Champions,6,980.68,0,0.857665367108615,790.2953014427803,VIP Loyalty Program,"Early access to new launches, zero discount needed."
18066.0,295,2,1122.4,2,3,3,233,8,At Risk,1,318.0,0,0.371401887682445,164.99814791593033,Standard Retention Push,Automated email re-engagement.
18068.0,198,1,101.7,3,2,1,321,6,Promising / Potential,0,0.0,1,0.30205627516600786,50.000659088309895,Cross-Sell Drive,Recommend bundle products based on purchase history.
18069.0,89,9,3497.76,4,5,5,455,14,Champions,2,1042.8,0,0.7959037247083942,478.99022396695744,VIP Loyalty Program,"Early access to new launches, zero discount needed."
18070.0,578,1,314.1,1,2,2,122,5,Hibernating / Lost,0,0.0,1,0.10224817490368343,39.037982950911925,Suppress / Low-Cost Ads,Exclude from paid campaigns to save marketing budget.
18071.0,166,6,1428.63,3,4,4,344,11,Loyal Customers,0,0.0,1,0.5929157584327264,249.08729738458982,Cross-Sell Drive,Recommend bundle products based on purchase history.
18072.0,94,1,247.44,4,2,1,421,7,Promising / Potential,0,0.0,1,0.4113445914818086,114.876054462839,Cross-Sell Drive,Recommend bundle products based on purchase history.
18073.0,23,12,3877.52,5,5,5,555,15,Champions,0,0.0,1,0.852125075572283,532.0792666519566,VIP Loyalty Program,"Early access to new launches, zero discount needed."
18074.0,282,2,1509.04,2,3,4,234,9,At Risk,0,0.0,1,0.43579876140380314,277.6249562552639,Standard Retention Push,Automated email re-engagement.
18075.0,15,18,5129.29,5,5,5,555,15,Champions,2,654.0,0,0.8789991655343885,848.0355452956761,VIP Loyalty Program,"Early access to new launches, zero discount needed."
18076.0,289,1,151.49,2,2,1,221,5,About to Sleep,0,0.0,1,0.27460337637019483,59.71180237316242,Suppress / Low-Cost Ads,Exclude from paid campaigns to save marketing budget.
18077.0,12,14,3376.49,5,5,5,555,15,Champions,4,962.07,0,0.8663730284301057,517.7994276346201,VIP Loyalty Program,"Early access to new launches, zero discount needed."
18078.0,126,4,844.6,3,4,3,343,10,Loyal Customers,0,0.0,1,0.5748965513176598,166.75080732597434,Cross-Sell Drive,Recommend bundle products based on purchase history.
18079.0,35,3,2796.96,5,3,5,535,13,Loyal Customers,2,1445.79,0,0.7005953767378442,490.04520219082156,Cross-Sell Drive,Recommend bundle products based on purchase history.
18080.0,151,1,841.5,3,2,3,323,8,Promising / Potential,1,390.0,0,0.45033443109597726,189.8630361768217,Cross-Sell Drive,Recommend bundle products based on purchase history.
18081.0,21,2,208.05,5,3,1,531,9,Loyal Customers,1,135.4,0,0.5168859449422243,84.84196856748378,Cross-Sell Drive,Recommend bundle products based on purchase history.
18083.0,306,1,470.73,2,2,2,222,6,About to Sleep,0,0.0,1,0.29954341451018396,121.04573798505754,Suppress / Low-Cost Ads,Exclude from paid campaigns to save marketing budget.
18084.0,292,2,722.45,2,3,3,233,8,At Risk,1,90.48,0,0.3748302072148564,123.48384846075855,Standard Retention Push,Automated email re-engagement.
18085.0,239,4,1645.75,3,4,4,344,11,Loyal Customers,0,0.0,1,0.4890761854670682,276.77796350174737,Cross-Sell Drive,Recommend bundle products based on purchase history.
18086.0,183,1,101.34,3,2,1,321,6,Promising / Potential,0,0.0,1,0.31767196735159586,52.585590988732925,Cross-Sell Drive,Recommend bundle products based on purchase history.
18087.0,7,17,14761.52,5,5,5,555,15,Champions,0,0.0,1,0.8795932955775962,1864.3390747844078,VIP Loyalty Program,"Early access to new launches, zero discount needed."
18089.0,355,1,428.45,1,2,2,122,5,Hibernating / Lost,0,0.0,1,0.25223358324213785,104.70761376614502,Suppress / Low-Cost Ads,Exclude from paid campaigns to save marketing budget.
18090.0,330,1,349.4,2,2,2,222,6,About to Sleep,0,0.0,1,0.27561623098749366,111.37674361860157,Suppress / Low-Cost Ads,Exclude from paid campaigns to save marketing budget.
18091.0,502,1,360.85,1,2,2,122,5,Hibernating / Lost,0,0.0,1,0.1415520702756946,55.87307905966775,Suppress / Low-Cost Ads,Exclude from paid campaigns to save marketing budget.
18092.0,28,15,12962.66,5,5,5,555,15,Champions,3,3216.78,0,0.8608405049767106,1660.0335465652583,VIP Loyalty Program,"Early access to new launches, zero discount needed."
18093.0,2,8,4452.71,5,5,5,555,15,Champions,0,0.0,1,0.8487704963798535,656.7306298341615,VIP Loyalty Program,"Early access to new launches, zero discount needed."
18094.0,45,11,5776.52,4,5,5,455,14,Champions,2,615.0,0,0.8374133892077429,771.6814531088122,VIP Loyalty Program,"Early access to new launches, zero discount needed."
18095.0,221,5,2303.09,3,4,4,344,11,Loyal Customers,0,0.0,1,0.5189891680983298,318.74074562868196,Cross-Sell Drive,Recommend bundle products based on purchase history.
18096.0,351,3,894.13,1,3,3,133,7,Others / Need Attention,3,911.15,0,0.2889446790852195,101.78360262310072,Suppress / Low-Cost Ads,Exclude from paid campaigns to save marketing budget.
18097.0,35,10,3976.92,5,5,5,555,15,Champions,1,686.4,0,0.8359848021358437,625.7399594960001,VIP Loyalty Program,"Early access to new launches, zero discount needed."
18098.0,305,1,550.84,2,2,2,222,6,About to Sleep,0,0.0,1,0.3005638687768719,127.14690555664639,Suppress / Low-Cost Ads,Exclude from paid campaigns to save marketing budget.
18099.0,36,1,168.31,5,2,1,521,8,Promising / Potential,0,0.0,1,0.47421380844702865,105.32889074493421,Cross-Sell Drive,Recommend bundle products based on purchase history.
18100.0,459,1,451.56,1,2,2,122,5,Hibernating / Lost,0,0.0,1,0.16894733899999637,68.78030292360036,Suppress / Low-Cost Ads,Exclude from paid campaigns to save marketing budget.
18101.0,52,4,515.74,4,4,2,442,10,Champions,1,113.42,0,0.6339344102911652,176.13041225337142,VIP Loyalty Program,"Early access to new launches, zero discount needed."
18102.0,7,112,484615.1,5,5,5,555,15,Champions,33,124206.55,0,0.9931889224468533,66536.00502200457,VIP Loyalty Program,"Early access to new launches, zero discount needed."
18103.0,458,1,105.8,1,2,1,121,4,Hibernating / Lost,0,0.0,1,0.1427146923086683,26.035397923553415,Suppress / Low-Cost Ads,Exclude from paid campaigns to save marketing budget.
18106.0,238,6,1461.46,3,4,4,344,11,Loyal Customers,0,0.0,1,0.506366031874268,212.72726280765806,Cross-Sell Drive,Recommend bundle products based on purchase history.
18107.0,351,1,167.13,1,2,1,121,4,Hibernating / Lost,0,0.0,1,0.21892257369225632,47.60415413725024,Suppress / Low-Cost Ads,Exclude from paid campaigns to save marketing budget.
18108.0,163,3,848.81,3,3,3,333,9,Loyal Customers,0,0.0,1,0.4680852466756157,158.03391318265273,Cross-Sell Drive,Recommend bundle products based on purchase history.
18109.0,0,30,6692.11,5,5,5,555,15,Champions,8,3201.85,0,0.9199358913065565,1281.8795567846794,VIP Loyalty Program,"Early access to new launches, zero discount needed."
18110.0,320,1,199.13,2,2,1,221,5,About to Sleep,1,236.3,0,0.24557871026898204,55.500208384744006,Suppress / Low-Cost Ads,Exclude from paid campaigns to save marketing budget.
18111.0,498,1,405.85,1,2,2,122,5,Hibernating / Lost,0,0.0,1,0.1439345228089527,58.59731285832117,Suppress / Low-Cost Ads,Exclude from paid campaigns to save marketing budget.
18112.0,75,3,619.91,4,3,3,433,10,Loyal Customers,1,156.05,0,0.5679340693089777,191.64692877480223,Cross-Sell Drive,Recommend bundle products based on purchase history.
18113.0,277,1,152.64,2,2,1,221,5,About to Sleep,0,0.0,1,0.2863937271329329,62.275584013289745,Suppress / Low-Cost Ads,Exclude from paid campaigns to save marketing budget.
18114.0,199,1,220.1,3,2,1,321,6,Promising / Potential,0,0.0,1,0.30102766299839623,62.9193770241808,Cross-Sell Drive,Recommend bundle products based on purchase history.
18115.0,606,1,9.7,1,2,1,121,4,Hibernating / Lost,0,0.0,1,0.07491635482794934,5562.15106088479,Suppress / Low-Cost Ads,Exclude from paid campaigns to save marketing budget.
18116.0,143,12,1990.74,3,5,4,354,12,Loyal Customers,1,163.56,0,0.7105743145930803,188.530264964436,Cross-Sell Drive,Recommend bundle products based on purchase history.
18118.0,0,22,5321.09,5,5,5,555,15,Champions,7,1412.13,0,0.8988532384317572,968.7901807750602,VIP Loyalty Program,"Early access to new launches, zero discount needed."
18119.0,276,1,362.24,2,2,2,222,6,About to Sleep,0,0.0,1,0.3310606941956111,133.78189639816227,Suppress / Low-Cost Ads,Exclude from paid campaigns to save marketing budget.
18120.0,123,1,111.15,3,2,1,321,6,Promising / Potential,0,0.0,1,0.3840585208030002,67.55875997943362,Cross-Sell Drive,Recommend bundle products based on purchase history.
18121.0,58,2,673.1,4,3,3,433,10,Loyal Customers,0,0.0,1,0.5803120150130827,195.82381374600902,Cross-Sell Drive,Recommend bundle products based on purchase history.
18122.0,59,1,119.19,4,2,1,421,7,Promising / Potential,5,1707.02,0,0.45314261388665444,156.43872548821614,Cross-Sell Drive,Recommend bundle products based on purchase history.
18123.0,422,1,95.15,1,2,1,121,4,Hibernating / Lost,2,589.44,0,0.16553050536640757,30.19767976222272,Suppress / Low-Cost Ads,Exclude from paid campaigns to save marketing budget.
18124.0,381,1,111.53,1,2,1,121,4,Hibernating / Lost,0,0.0,1,0.19497266475169095,35.5688039465964,Suppress / Low-Cost Ads,Exclude from paid campaigns to save marketing budget.
18125.0,110,3,945.14,3,3,3,333,9,Loyal Customers,1,197.85,0,0.5325060898799479,185.58716331442795,Cross-Sell Drive,Recommend bundle products based on purchase history.
18127.0,42,2,352.4,4,3,2,432,9,Loyal Customers,2,209.13,0,0.5491576591573624,143.20849601890032,Cross-Sell Drive,Recommend bundle products based on purchase history.
18128.0,446,1,420.04,1,2,2,122,5,Hibernating / Lost,0,0.0,1,0.178022056125675,72.47471916326765,Suppress / Low-Cost Ads,Exclude from paid campaigns to save marketing budget.
18129.0,152,1,112.55,3,2,1,321,6,Promising / Potential,0,0.0,1,0.351248454813218,54.00248125896059,Cross-Sell Drive,Recommend bundle products based on purchase history.
18131.0,540,1,222.96,1,2,1,121,4,Hibernating / Lost,0,0.0,1,0.1004540376855606,21.257612355306357,Suppress / Low-Cost Ads,Exclude from paid campaigns to save marketing budget.
18132.0,413,1,226.9,1,2,1,121,4,Hibernating / Lost,0,0.0,1,0.17167008503253367,38.5269489727027,Suppress / Low-Cost Ads,Exclude from paid campaigns to save marketing budget.
18133.0,121,1,931.5,3,2,3,323,8,Promising / Potential,0,0.0,1,0.48668735074016845,223.7195516833047,Cross-Sell Drive,Recommend bundle products based on purchase history.
18134.0,507,2,445.0,1,3,2,132,6,Others / Need Attention,0,0.0,1,0.13046223258607337,34.55058833370334,Suppress / Low-Cost Ads,Exclude from paid campaigns to save marketing budget.
18135.0,99,6,677.53,4,4,3,443,11,Champions,4,572.09,0,0.6431995627225011,164.0061090852419,VIP Loyalty Program,"Early access to new launches, zero discount needed."
18136.0,120,4,1447.88,3,4,4,344,11,Loyal Customers,1,183.48,0,0.6308173218761868,270.74491034985033,Cross-Sell Drive,Recommend bundle products based on purchase history.
18137.0,460,2,145.99,1,3,1,131,5,Others / Need Attention,0,0.0,1,0.13322608783375645,22.774410808995547,Suppress / Low-Cost Ads,Exclude from paid campaigns to save marketing budget.
18138.0,204,1,152.65,3,2,1,321,6,Promising / Potential,0,0.0,1,0.2959320280323552,63.55912076644602,Cross-Sell Drive,Recommend bundle products based on purchase history.
18140.0,382,1,536.41,1,2,2,122,5,Hibernating / Lost,0,0.0,1,0.22825167179585482,100.24173301299523,Suppress / Low-Cost Ads,Exclude from paid campaigns to save marketing budget.
18141.0,310,2,882.47,2,3,3,233,8,At Risk,0,0.0,1,0.35452423231941943,129.5255699780986,Standard Retention Push,Automated email re-engagement.
18142.0,66,2,1019.52,4,3,3,433,10,Loyal Customers,0,0.0,1,0.5707861295104576,242.18678454344564,Cross-Sell Drive,Recommend bundle products based on purchase history.
18143.0,25,2,1000.16,5,3,3,533,11,Loyal Customers,0,0.0,1,0.6124098613756166,259.84789657811837,Cross-Sell Drive,Recommend bundle products based on purchase history.
18144.0,18,16,4334.8,5,5,5,555,15,Champions,3,723.2,0,0.8703666498206214,654.0394548310366,VIP Loyalty Program,"Early access to new launches, zero discount needed."
18145.0,113,9,3780.02,3,5,5,355,13,Loyal Customers,2,1837.77,0,0.7599368509934527,533.3002414866377,Cross-Sell Drive,Recommend bundle products based on purchase history.
18146.0,49,2,160.35,4,3,1,431,8,Loyal Customers,0,0.0,1,0.48962146154302644,75.81689136384196,Cross-Sell Drive,Recommend bundle products based on purchase history.
18147.0,17,1,98.88,5,2,1,521,8,Promising / Potential,1,80.46,0,0.49732051654594256,66.37664696679188,Cross-Sell Drive,Recommend bundle products based on purchase history.
18148.0,555,1,114.1,1,2,1,121,4,Hibernating / Lost,0,0.0,1,0.09404553330627763,15.373307210443619,Suppress / Low-Cost Ads,Exclude from paid campaigns to save marketing budget.
18149.0,124,6,1562.31,3,4,4,344,11,Loyal Customers,1,62.4,0,0.641184777338166,171.12487031140353,Cross-Sell Drive,Recommend bundle products based on purchase history.
18150.0,49,2,413.28,4,3,2,432,9,Loyal Customers,1,153.3,0,0.5407041513594768,147.00661687518547,Cross-Sell Drive,Recommend bundle products based on purchase history.
18151.0,43,6,1879.44,4,4,4,444,12,Champions,0,0.0,1,0.7439338342207786,622.0521242413363,VIP Loyalty Program,"Early access to new launches, zero discount needed."
18152.0,555,1,426.69,1,2,2,122,5,Hibernating / Lost,0,0.0,1,0.1129937344283184,42.07651721558664,Suppress / Low-Cost Ads,Exclude from paid campaigns to save marketing budget.
18153.0,568,1,246.22,1,2,1,121,4,Hibernating / Lost,0,0.0,1,0.088788113400186,23.697411003404948,Suppress / Low-Cost Ads,Exclude from paid campaigns to save marketing budget.
18154.0,297,3,533.41,2,3,2,232,7,At Risk,2,399.19,0,0.32993857295290985,103.83291651869268,Standard Retention Push,Automated email re-engagement.
18155.0,79,2,266.56,4,3,1,431,8,Loyal Customers,1,105.06,0,0.45323675780199835,87.67668547372683,Cross-Sell Drive,Recommend bundle products based on purchase history.
18156.0,278,1,412.46,2,2,2,222,6,About to Sleep,1,528.71,0,0.3289063149219491,132.91130997747075,Suppress / Low-Cost Ads,Exclude from paid campaigns to save marketing budget.
18157.0,480,1,215.35,1,2,1,121,4,Hibernating / Lost,0,0.0,1,0.13010242430356422,29.402840548756696,Suppress / Low-Cost Ads,Exclude from paid campaigns to save marketing budget.
18159.0,210,1,530.15,3,2,2,322,7,Promising / Potential,0,0.0,1,0.33374916124009213,146.11563031139335,Cross-Sell Drive,Recommend bundle products based on purchase history.
18160.0,109,2,684.37,3,3,3,333,9,Loyal Customers,1,319.51,0,0.5257202980595203,174.3361558885092,Cross-Sell Drive,Recommend bundle products based on purchase history.
18161.0,49,4,955.67,4,4,3,443,11,Champions,2,847.43,0,0.6831777060357835,237.62384348638994,VIP Loyalty Program,"Early access to new launches, zero discount needed."
18162.0,641,1,379.16,1,2,2,122,5,Hibernating / Lost,0,0.0,1,0.0773263263416708,26.356617610691515,Suppress / Low-Cost Ads,Exclude from paid campaigns to save marketing budget.
18163.0,493,1,728.84,1,2,3,123,6,Hibernating / Lost,0,0.0,1,0.17451581244899883,74.3749100361063,Suppress / Low-Cost Ads,Exclude from paid campaigns to save marketing budget.
18165.0,86,1,302.46,4,2,2,422,8,Promising / Potential,0,0.0,1,0.47134755747541524,132.9266455350661,Cross-Sell Drive,Recommend bundle products based on purchase history.
18166.0,532,1,175.5,1,2,1,121,4,Hibernating / Lost,0,0.0,1,0.10402954615950333,21.797869327110696,Suppress / Low-Cost Ads,Exclude from paid campaigns to save marketing budget.
18167.0,14,1,498.48,5,2,2,522,9,Promising / Potential,2,886.38,0,0.5519538168353693,325.7513068189646,Cross-Sell Drive,Recommend bundle products based on purchase history.
18168.0,85,16,3770.27,4,5,5,455,14,Champions,0,0.0,1,0.8327567263681537,463.45469582665476,VIP Loyalty Program,"Early access to new launches, zero discount needed."
18170.0,21,8,2553.2,5,5,4,554,14,Champions,1,324.8,0,0.8065880467149102,454.16028930931117,VIP Loyalty Program,"Early access to new launches, zero discount needed."
18171.0,8,8,2200.31,5,5,4,554,14,Champions,1,237.0,0,0.816277998636844,448.68871340460845,VIP Loyalty Program,"Early access to new launches, zero discount needed."
18172.0,8,43,15553.44,5,5,5,555,15,Champions,9,1926.4,0,0.9437044456740479,2010.4810198121775,VIP Loyalty Program,"Early access to new launches, zero discount needed."
18173.0,108,4,2318.36,3,4,4,344,11,Loyal Customers,1,378.0,0,0.6442920192960806,398.3044826294496,Cross-Sell Drive,Recommend bundle products based on purchase history.
18174.0,512,1,58.5,1,2,1,121,4,Hibernating / Lost,1,104.0,0,0.11346368783489491,18.133228532962004,Suppress / Low-Cost Ads,Exclude from paid campaigns to save marketing budget.
18175.0,584,1,176.1,1,2,1,121,4,Hibernating / Lost,0,0.0,1,0.08268470478293999,17.325370115964905,Suppress / Low-Cost Ads,Exclude from paid campaigns to save marketing budget.
18176.0,267,1,476.35,2,2,2,222,6,About to Sleep,0,0.0,1,0.34083268607662076,137.73076628320052,Suppress / Low-Cost Ads,Exclude from paid campaigns to save marketing budget.
18177.0,66,8,1913.27,4,5,4,454,13,Champions,1,303.6,0,0.7749025952430852,400.785166922303,VIP Loyalty Program,"Early access to new launches, zero discount needed."
18178.0,37,11,6103.74,4,5,5,455,14,Champions,0,0.0,1,0.8426417821374573,776.4994485044232,VIP Loyalty Program,"Early access to new launches, zero discount needed."
18179.0,161,6,1857.54,3,4,4,344,11,Loyal Customers,2,690.01,0,0.5987651825068725,328.53882214076384,Cross-Sell Drive,Recommend bundle products based on purchase history.
18180.0,45,2,601.85,4,3,3,433,10,Loyal Customers,4,1241.9,0,0.5956468624105169,200.9984925789312,Cross-Sell Drive,Recommend bundle products based on purchase history.
18181.0,309,4,823.14,2,4,3,243,9,At Risk,1,382.8,0,0.4224662938838021,120.86600819246179,Standard Retention Push,Automated email re-engagement.
18182.0,372,1,291.13,1,2,2,122,5,Hibernating / Lost,0,0.0,1,0.23694728014298883,64.41736283703975,Suppress / Low-Cost Ads,Exclude from paid campaigns to save marketing budget.
18183.0,136,2,632.07,3,3,3,333,9,Loyal Customers,0,0.0,1,0.4928799144256685,164.61905555406994,Cross-Sell Drive,Recommend bundle products based on purchase history.
18185.0,158,1,304.25,3,2,2,322,7,Promising / Potential,0,0.0,1,0.39220238240778016,99.53394005383572,Cross-Sell Drive,Recommend bundle products based on purchase history.
18186.0,631,1,329.58,1,2,2,122,5,Hibernating / Lost,0,0.0,1,0.08087289825164834,28.55816257859111,Suppress / Low-Cost Ads,Exclude from paid campaigns to save marketing budget.
18187.0,540,1,724.89,1,2,3,123,6,Hibernating / Lost,0,0.0,1,0.14395851270620696,56.11851316829364,Suppress / Low-Cost Ads,Exclude from paid campaigns to save marketing budget.
18188.0,199,4,1706.15,3,4,4,344,11,Loyal Customers,2,1574.44,0,0.5376901503138241,298.34941132909796,Cross-Sell Drive,Recommend bundle products based on purchase history.
18189.0,176,2,946.59,3,3,3,333,9,Loyal Customers,1,457.14,0,0.44441101820682394,184.09409704641268,Cross-Sell Drive,Recommend bundle products based on purchase history.
18190.0,101,5,745.62,4,4,3,443,11,Champions,0,0.0,1,0.6335308153061641,171.1264364265493,VIP Loyalty Program,"Early access to new launches, zero discount needed."
18191.0,170,2,529.4,3,3,2,332,8,Loyal Customers,0,0.0,1,0.40161450739036286,126.3896041173432,Cross-Sell Drive,Recommend bundle products based on purchase history.
18193.0,74,3,1207.35,4,3,4,434,11,Loyal Customers,0,0.0,1,0.6184446298476225,253.62423941669508,Cross-Sell Drive,Recommend bundle products based on purchase history.
18194.0,347,5,3188.2,2,4,5,245,11,At Risk,1,973.84,0,0.485909364920481,339.0506978201782,Standard Retention Push,Automated email re-engagement.
18195.0,296,1,101.16,2,2,1,221,5,About to Sleep,0,0.0,1,0.26786792228817036,48.867063614195274,Suppress / Low-Cost Ads,Exclude from paid campaigns to save marketing budget.
18196.0,4,4,1464.31,5,4,4,544,13,Champions,0,0.0,1,0.7622304244168369,392.2277642914348,VIP Loyalty Program,"Early access to new launches, zero discount needed."
18197.0,484,1,230.1,1,2,1,121,4,Hibernating / Lost,0,0.0,1,0.1279138734519666,28.706989190636932,Suppress / Low-Cost Ads,Exclude from paid campaigns to save marketing budget.
18198.0,9,14,4427.39,5,5,5,555,15,Champions,3,998.17,0,0.8680398425845972,691.6163525364857,VIP Loyalty Program,"Early access to new launches, zero discount needed."
18199.0,592,1,344.75,1,2,2,122,5,Hibernating / Lost,0,0.0,1,0.09615820579033296,32.77544893245768,Suppress / Low-Cost Ads,Exclude from paid campaigns to save marketing budget.
18200.0,15,1,163.8,5,2,1,521,8,Promising / Potential,0,0.0,1,0.49975290453396404,151.76051178840805,Cross-Sell Drive,Recommend bundle products based on purchase history.
18201.0,631,1,447.53,1,2,2,122,5,Hibernating / Lost,0,0.0,1,0.08087179168418024,27.5930044892519,Suppress / Low-Cost Ads,Exclude from paid campaigns to save marketing budget.
18202.0,108,3,1396.99,3,3,4,334,10,Loyal Customers,0,0.0,1,0.5853119962108083,346.8264526980563,Cross-Sell Drive,Recommend bundle products based on purchase history.
18203.0,66,4,504.42,4,4,2,442,10,Champions,0,0.0,1,0.6179767730175982,171.6967907525411,VIP Loyalty Program,"Early access to new launches, zero discount needed."
18204.0,18,2,1367.32,5,3,4,534,12,Loyal Customers,1,626.38,0,0.6673489920405711,467.34887168750794,Cross-Sell Drive,Recommend bundle products based on purchase history.
18206.0,462,1,314.66,1,2,2,122,5,Hibernating / Lost,0,0.0,1,0.16690879583699358,69.66840813786312,Suppress / Low-Cost Ads,Exclude from paid campaigns to save marketing budget.
18207.0,408,1,544.47,1,2,2,122,5,Hibernating / Lost,0,0.0,1,0.20672136614507808,87.07456014357535,Suppress / Low-Cost Ads,Exclude from paid campaigns to save marketing budget.
18208.0,474,1,360.08,1,2,2,122,5,Hibernating / Lost,0,0.0,1,0.15894104432013112,62.736811392646125,Suppress / Low-Cost Ads,Exclude from paid campaigns to save marketing budget.
18210.0,176,2,289.85,3,3,2,332,8,Loyal Customers,5,2478.98,0,0.3946217396638918,75.91119006259449,Cross-Sell Drive,Recommend bundle products based on purchase history.
18211.0,45,2,268.7,4,3,1,431,8,Loyal Customers,3,331.37,0,0.49448569950597243,97.43816986647936,Cross-Sell Drive,Recommend bundle products based on purchase history.
18212.0,235,2,546.72,3,3,2,332,8,Loyal Customers,0,0.0,1,0.328445392242549,101.8672845554231,Cross-Sell Drive,Recommend bundle products based on purchase history.
18213.0,145,1,232.48,3,2,1,321,6,Promising / Potential,0,0.0,1,0.35905026085982195,91.32519738457691,Cross-Sell Drive,Recommend bundle products based on purchase history.
18214.0,439,4,1780.34,1,4,4,144,9,Can't Lose Them,0,0.0,1,0.1874237428244202,101.7470712453161,Executive Outreach,Feedback survey + customized high-value offer.
18215.0,346,4,1948.15,2,4,4,244,10,At Risk,1,299.34,0,0.4284398036485134,253.92104800352809,Standard Retention Push,Automated email re-engagement.
18217.0,422,2,323.29,1,3,2,132,6,Others / Need Attention,2,621.75,0,0.1849740997291931,47.79200950793477,Suppress / Low-Cost Ads,Exclude from paid campaigns to save marketing budget.
18218.0,120,4,1142.0,3,4,3,343,10,Loyal Customers,0,0.0,1,0.582010840242742,189.1574480547479,Cross-Sell Drive,Recommend bundle products based on purchase history.
18219.0,58,15,2860.25,4,5,5,455,14,Champions,2,702.64,0,0.8461515058992503,418.63290390586906,VIP Loyalty Program,"Early access to new launches, zero discount needed."
18220.0,135,6,1921.76,3,4,4,344,11,Loyal Customers,0,0.0,1,0.6287613349475046,385.2793376119552,Cross-Sell Drive,Recommend bundle products based on purchase history.
18221.0,24,4,1090.19,5,4,3,543,12,Champions,2,334.75,0,0.7032632370320571,251.8144227500368,VIP Loyalty Program,"Early access to new launches, zero discount needed."
18222.0,1,1,443.0,5,2,2,522,9,Promising / Potential,0,0.0,1,0.5675521943021727,333.2581263847084,Cross-Sell Drive,Recommend bundle products based on purchase history.
18223.0,5,23,11552.65,5,5,5,555,15,Champions,3,2448.2,0,0.8994884770664682,1923.235091252826,VIP Loyalty Program,"Early access to new launches, zero discount needed."
18224.0,172,1,158.95,3,2,1,321,6,Promising / Potential,0,0.0,1,0.3293910942215036,70.74532782483202,Cross-Sell Drive,Recommend bundle products based on purchase history.
18225.0,22,21,10275.92,5,5,5,555,15,Champions,5,2778.34,0,0.8854077161206481,1593.7571391996448,VIP Loyalty Program,"Early access to new launches, zero discount needed."
18226.0,29,24,10901.86,5,5,5,555,15,Champions,2,977.02,0,0.8915739095223792,1598.6155523048865,VIP Loyalty Program,"Early access to new launches, zero discount needed."
18227.0,126,2,388.75,3,3,2,332,8,Loyal Customers,0,0.0,1,0.4540073620223468,118.50981234842146,Cross-Sell Drive,Recommend bundle products based on purchase history.
18229.0,2,22,8738.87,5,5,5,555,15,Champions,6,2064.84,0,0.8979249357692319,1201.8084463240184,VIP Loyalty Program,"Early access to new launches, zero discount needed."
18230.0,3,7,3627.22,5,4,5,545,14,Champions,2,663.84,0,0.8131616119020888,512.1203452334147,VIP Loyalty Program,"Early access to new launches, zero discount needed."
18231.0,101,28,6880.97,4,5,5,455,14,Champions,0,0.0,1,0.8713165542681487,689.2609607963416,VIP Loyalty Program,"Early access to new launches, zero discount needed."
18232.0,66,3,500.62,4,3,2,432,9,Loyal Customers,1,92.35,0,0.5281035370297107,156.87744412295774,Cross-Sell Drive,Recommend bundle products based on purchase history.
18233.0,234,1,440.0,3,2,2,322,7,Promising / Potential,0,0.0,1,0.308291398010507,125.11684542561034,Cross-Sell Drive,Recommend bundle products based on purchase history.
18234.0,460,1,179.6,1,2,1,121,4,Hibernating / Lost,0,0.0,1,0.1415263021514096,30.754944196526353,Suppress / Low-Cost Ads,Exclude from paid campaigns to save marketing budget.
18235.0,29,2,749.8,5,3,3,533,11,Loyal Customers,1,1046.68,0,0.6077845682890815,205.0943096459176,Cross-Sell Drive,Recommend bundle products based on purchase history.
18236.0,38,10,1554.3,4,5,4,454,13,Champions,2,241.05,0,0.8079671317723034,270.628760845998,VIP Loyalty Program,"Early access to new launches, zero discount needed."
18237.0,0,3,725.55,5,3,3,533,11,Loyal Customers,2,261.55,0,0.6482484331789525,249.2223451078084,Cross-Sell Drive,Recommend bundle products based on purchase history.
18238.0,424,1,270.92,1,2,2,122,5,Hibernating / Lost,0,0.0,1,0.19424320315179588,52.80767472201897,Suppress / Low-Cost Ads,Exclude from paid campaigns to save marketing budget.
18239.0,127,6,2150.36,3,4,4,344,11,Loyal Customers,0,0.0,1,0.6378002131462417,397.1175253873634,Cross-Sell Drive,Recommend bundle products based on purchase history.
18241.0,8,15,2263.48,5,5,4,554,14,Champions,6,723.51,0,0.8476500398274591,348.8578034520708,VIP Loyalty Program,"Early access to new launches, zero discount needed."
18242.0,105,6,2066.8,4,4,4,444,12,Champions,2,1538.41,0,0.6823557893429191,437.15447642692754,VIP Loyalty Program,"Early access to new launches, zero discount needed."
18243.0,323,1,515.78,2,2,2,222,6,About to Sleep,0,0.0,1,0.28246837629654364,116.6917017332981,Suppress / Low-Cost Ads,Exclude from paid campaigns to save marketing budget.
18244.0,339,2,568.64,2,3,3,233,8,At Risk,0,0.0,1,0.3229232054776656,106.38363558252192,Standard Retention Push,Automated email re-engagement.
18245.0,58,19,5430.73,4,5,5,455,14,Champions,1,894.25,0,0.8621135833780846,783.3498715019404,VIP Loyalty Program,"Early access to new launches, zero discount needed."
18246.0,142,2,395.62,3,3,2,332,8,Loyal Customers,1,363.2,0,0.43477487588076846,113.48954502614866,Cross-Sell Drive,Recommend bundle products based on purchase history.
18247.0,323,3,839.73,2,3,3,233,8,At Risk,0,0.0,1,0.34742804677579486,116.20596406586873,Standard Retention Push,Automated email re-engagement.
18248.0,31,2,804.02,5,3,3,533,11,Loyal Customers,0,0.0,1,0.6054591804808593,207.43226585698358,Cross-Sell Drive,Recommend bundle products based on purchase history.
18250.0,219,1,349.27,3,2,2,322,7,Promising / Potential,0,0.0,1,0.3240822565750783,131.5254005228687,Cross-Sell Drive,Recommend bundle products based on purchase history.
18251.0,354,8,21964.14,1,5,5,155,11,Can't Lose Them,1,4314.72,0,0.3764030101711321,299.3724809602775,Executive Outreach,Feedback survey + customized high-value offer.
18252.0,80,6,1085.32,4,4,3,443,11,Champions,1,456.77,0,0.6641261562765789,230.3664722089671,VIP Loyalty Program,"Early access to new launches, zero discount needed."
18253.0,551,1,317.88,1,2,2,122,5,Hibernating / Lost,0,0.0,1,0.11496186734600011,43.89202469076519,Suppress / Low-Cost Ads,Exclude from paid campaigns to save marketing budget.
18254.0,490,1,267.9,1,2,1,121,4,Hibernating / Lost,0,0.0,1,0.1246897950940955,33.898628284761756,Suppress / Low-Cost Ads,Exclude from paid campaigns to save marketing budget.
18255.0,365,1,199.85,1,2,1,121,4,Hibernating / Lost,1,103.3,0,0.20748946577157812,46.89212910739964,Suppress / Low-Cost Ads,Exclude from paid campaigns to save marketing budget.
18256.0,296,1,110.7,2,2,1,221,5,About to Sleep,0,0.0,1,0.2678676861520186,48.86702053594891,Suppress / Low-Cost Ads,Exclude from paid campaigns to save marketing budget.
18257.0,23,9,3825.39,5,5,5,555,15,Champions,3,774.76,0,0.8395602538316072,536.3646434969053,VIP Loyalty Program,"Early access to new launches, zero discount needed."
18258.0,373,6,2059.67,1,4,4,144,9,Can't Lose Them,0,0.0,1,0.2532698339253826,158.8361668375308,Executive Outreach,Feedback survey + customized high-value offer.
18259.0,275,5,2355.9,2,4,4,244,10,At Risk,2,1962.3,0,0.5223751342321796,332.4708359056597,Standard Retention Push,Automated email re-engagement.
18260.0,81,23,9962.11,4,5,5,455,14,Champions,0,0.0,1,0.8640038491814023,1560.4334509040152,VIP Loyalty Program,"Early access to new launches, zero discount needed."
18261.0,4,1,224.8,5,2,1,521,8,Promising / Potential,1,99.44,0,0.5131374965508423,136.90031125220804,Cross-Sell Drive,Recommend bundle products based on purchase history.
18262.0,49,3,577.54,4,3,3,433,10,Loyal Customers,0,0.0,1,0.5986935506715616,202.02658453487584,Cross-Sell Drive,Recommend bundle products based on purchase history.
18263.0,64,2,811.4,4,3,3,433,10,Loyal Customers,1,401.76,0,0.5731765624343668,196.37213690847025,Cross-Sell Drive,Recommend bundle products based on purchase history.
18264.0,407,1,603.25,1,2,3,123,6,Hibernating / Lost,0,0.0,1,0.24320063266798508,103.64691268701878,Suppress / Low-Cost Ads,Exclude from paid campaigns to save marketing budget.
18265.0,67,1,488.55,4,2,2,422,8,Promising / Potential,1,312.96,0,0.4944378793306914,266.6830915099867,Cross-Sell Drive,Recommend bundle products based on purchase history.
18266.0,343,1,251.1,2,2,1,221,5,About to Sleep,0,0.0,1,0.22542530117913873,60.16566641675265,Suppress / Low-Cost Ads,Exclude from paid campaigns to save marketing budget.
18267.0,581,1,269.37,1,2,1,121,4,Hibernating / Lost,0,0.0,1,0.08379846941961289,22.781761438807173,Suppress / Low-Cost Ads,Exclude from paid campaigns to save marketing budget.
18268.0,43,6,1490.23,4,4,4,444,12,Champions,0,0.0,1,0.7439431919264018,326.2277243733721,VIP Loyalty Program,"Early access to new launches, zero discount needed."
18269.0,275,1,337.2,2,2,2,222,6,About to Sleep,0,0.0,1,0.332140550321919,119.79267100996651,Suppress / Low-Cost Ads,Exclude from paid campaigns to save marketing budget.
18270.0,175,2,273.35,3,3,2,332,8,Loyal Customers,1,171.2,0,0.39578599615726784,76.13515161125511,Cross-Sell Drive,Recommend bundle products based on purchase history.
18271.0,518,2,680.85,1,3,3,133,7,Others / Need Attention,0,0.0,1,0.14858580033009805,48.84081931839013,Suppress / Low-Cost Ads,Exclude from paid campaigns to save marketing budget.
18272.0,22,7,3413.85,5,5,5,555,15,Champions,2,972.13,0,0.8314032437666303,540.6567597585805,VIP Loyalty Program,"Early access to new launches, zero discount needed."
18273.0,4,3,306.0,5,3,2,532,10,Loyal Customers,1,51.0,0,0.595607596173736,114.2837390642006,Cross-Sell Drive,Recommend bundle products based on purchase history.
18275.0,487,2,741.85,1,3,3,133,7,Others / Need Attention,0,0.0,1,0.16870863050176732,55.45528389310539,Suppress / Low-Cost Ads,Exclude from paid campaigns to save marketing budget.
18276.0,301,5,1320.66,2,4,4,244,10,At Risk,1,335.86,0,0.4907757933966811,173.91416485653644,Standard Retention Push,Automated email re-engagement.
18277.0,306,4,1069.67,2,4,3,243,9,At Risk,1,110.38,0,0.42602654736632206,139.81146625215146,Standard Retention Push,Automated email re-engagement.
18278.0,313,1,240.3,2,2,1,221,5,About to Sleep,1,173.9,0,0.2519467949474169,62.565323777118145,Suppress / Low-Cost Ads,Exclude from paid campaigns to save marketing budget.
18279.0,428,1,231.34,1,2,1,121,4,Hibernating / Lost,0,0.0,1,0.16153223447270437,41.34037858205993,Suppress / Low-Cost Ads,Exclude from paid campaigns to save marketing budget.
18280.0,186,2,488.15,3,3,2,332,8,Loyal Customers,0,0.0,1,0.38304583691523475,135.06684232952048,Cross-Sell Drive,Recommend bundle products based on purchase history.
18281.0,89,2,201.14,4,3,1,431,8,Loyal Customers,0,0.0,1,0.44120273902760165,70.53675343494257,Cross-Sell Drive,Recommend bundle products based on purchase history.
18282.0,35,1,100.21,5,2,1,521,8,Promising / Potential,1,77.84,0,0.47543009561794747,80.20064642361193,Cross-Sell Drive,Recommend bundle products based on purchase history.
18283.0,4,16,1762.44,5,5,4,554,14,Champions,6,974.21,0,0.8542043314166508,269.83017341644273,VIP Loyalty Program,"Early access to new launches, zero discount needed."
18284.0,340,1,461.68,2,2,2,222,6,About to Sleep,0,0.0,1,0.2659994959902441,109.16378999308071,Suppress / Low-Cost Ads,Exclude from paid campaigns to save marketing budget.
18285.0,569,1,427.0,1,2,2,122,5,Hibernating / Lost,0,0.0,1,0.10633992667854708,39.59877756259672,Suppress / Low-Cost Ads,Exclude from paid campaigns to save marketing budget.
18286.0,385,2,1296.43,1,3,4,134,8,Others / Need Attention,0,0.0,1,0.2903845374576558,143.54370318506926,Suppress / Low-Cost Ads,Exclude from paid campaigns to save marketing budget.
18287.0,110,5,3110.99,3,4,5,345,12,Loyal Customers,2,1072.0,0,0.6944637623266119,562.2991129981301,Cross-Sell Drive,Recommend bundle products based on purchase history.
