CustomerID,Recency,Frequency,Monetary,R_Score,F_Score,M_Score,RFM_Segment,RFM_Score_Sum,Customer_Persona
12346.0,234,12,77556.46,3,5,5,355,13,Loyal Customers
12347.0,38,6,4114.18,4,4,5,445,13,Champions
12348.0,157,4,1709.4,3,3,4,334,10,Loyal Customers
12349.0,316,3,2671.14,2,3,4,234,9,At Risk
12350.0,219,1,334.4,3,1,2,312,6,Others / Need Attention
12351.0,284,1,300.93,2,1,2,212,5,About to Sleep
12352.0,171,7,1905.61,3,4,4,344,11,Loyal Customers
12353.0,113,2,406.76,3,2,2,322,7,Promising / Potential
12354.0,141,1,1079.4,3,1,3,313,7,Others / Need Attention
12355.0,123,2,947.61,3,2,3,323,8,Promising / Potential
12356.0,154,5,6315.33,3,4,5,345,12,Loyal Customers
12357.0,297,2,12079.99,2,2,5,225,9,About to Sleep
12358.0,59,4,3203.87,4,3,5,435,12,Loyal Customers
12359.0,98,9,6059.09,4,5,5,455,14,Champions
12360.0,21,7,3209.11,5,4,5,545,14,Champions
12361.0,196,4,511.25,3,3,2,332,8,Loyal Customers
12362.0,29,5,1877.35,5,4,4,544,13,Champions
12363.0,18,2,552.0,5,2,2,522,9,Promising / Potential
12364.0,21,1,623.92,5,1,3,513,9,New Customers
12365.0,200,2,641.38,3,2,3,323,8,Promising / Potential
12366.0,542,1,500.24,1,1,2,112,4,Hibernating / Lost
12368.0,537,1,917.7,1,1,3,113,5,Hibernating / Lost
12369.0,322,3,1791.15,2,3,4,234,9,At Risk
12370.0,183,6,3581.03,3,4,5,345,12,Loyal Customers
12371.0,318,3,2179.42,2,3,4,234,9,At Risk
12372.0,121,2,914.92,3,2,3,323,8,Promising / Potential
12373.0,220,3,1127.65,3,3,3,333,9,Loyal Customers
12374.0,330,3,2246.29,2,3,4,234,9,At Risk
12375.0,7,1,230.3,5,1,1,511,7,New Customers
12376.0,298,2,503.15,2,2,2,222,6,About to Sleep
12377.0,224,4,3426.32,3,3,5,335,11,Loyal Customers
12378.0,38,2,5416.32,4,2,5,425,11,Promising / Potential
12379.0,79,3,1227.82,4,3,4,434,11,Loyal Customers
12380.0,94,8,7559.04,4,5,5,455,14,Champions
12381.0,28,1,1268.74,5,1,4,514,10,New Customers
12383.0,93,5,1850.56,4,4,4,444,12,Champions
12384.0,30,1,292.69,5,1,2,512,8,New Customers
12385.0,288,1,1938.4,2,1,4,214,7,About to Sleep
12386.0,246,2,660.8,2,2,3,223,7,About to Sleep
12387.0,324,1,143.94,2,1,1,211,4,About to Sleep
12388.0,57,6,2788.79,4,4,5,445,13,Champions
12389.0,311,3,1433.33,2,3,4,234,9,At Risk
12391.0,373,5,2312.53,1,4,4,144,9,Can't Lose Them
12392.0,500,1,234.75,1,1,1,111,3,Hibernating / Lost
12393.0,154,5,1877.95,3,4,4,344,11,Loyal Customers
12394.0,126,1,381.08,3,1,2,312,6,Others / Need Attention
12395.0,21,11,3948.21,5,5,5,555,15,Champions
12396.0,583,1,931.43,1,1,3,113,5,Hibernating / Lost
12397.0,44,1,1214.81,4,1,4,414,9,New Customers
12399.0,28,7,1962.3,5,4,4,544,13,Champions
12400.0,323,1,205.25,2,1,1,211,4,About to Sleep
12401.0,212,1,84.3,3,1,1,311,5,Others / Need Attention
12402.0,232,6,1256.9,3,4,4,344,11,Loyal Customers
12403.0,430,1,591.66,1,1,3,113,5,Hibernating / Lost
12404.0,591,1,63.24,1,1,1,111,3,Hibernating / Lost
12405.0,57,1,1710.39,4,1,4,414,9,New Customers
12406.0,92,4,4596.31,4,3,5,435,12,Loyal Customers
12407.0,43,4,1407.36,4,3,4,434,11,Loyal Customers
12408.0,7,7,3586.27,5,4,5,545,14,Champions
12409.0,91,5,18553.7,4,4,5,445,13,Champions
12410.0,217,3,1013.71,3,3,3,333,9,Loyal Customers
12411.0,318,1,346.9,2,1,2,212,5,About to Sleep
12412.0,46,5,2260.79,4,4,4,444,12,Champions
12413.0,145,3,805.25,3,3,3,333,9,Loyal Customers
12414.0,126,6,952.41,3,4,3,343,10,Loyal Customers
12415.0,8,22,121631.72,5,5,5,555,15,Champions
12416.0,565,1,202.56,1,1,1,111,3,Hibernating / Lost
12417.0,15,18,5984.33,5,5,5,555,15,Champions
12418.0,21,4,2021.2,5,3,4,534,12,Loyal Customers
12419.0,294,2,503.01,2,2,2,222,6,About to Sleep
12421.0,23,5,920.12,5,4,3,543,12,Champions
12422.0,4,17,5231.8,5,5,5,555,15,Champions
12423.0,9,9,2413.75,5,5,4,554,14,Champions
12424.0,71,4,3340.03,4,3,5,435,12,Loyal Customers
12425.0,357,1,964.21,1,1,3,113,5,Hibernating / Lost
12426.0,103,2,1345.21,4,2,4,424,10,Promising / Potential
12427.0,280,1,607.0,2,1,3,213,6,About to Sleep
12428.0,29,8,7548.12,5,5,5,555,15,Champions
12429.0,81,7,6580.39,4,4,5,445,13,Champions
12431.0,28,23,9245.09,5,5,5,555,15,Champions
12432.0,79,3,4016.66,4,3,5,435,12,Loyal Customers
12433.0,0,6,13600.62,5,4,5,545,14,Champions
12434.0,169,2,583.54,3,2,3,323,8,Promising / Potential
12435.0,176,5,10075.03,3,4,5,345,12,Loyal Customers
12436.0,8,1,509.01,5,1,2,512,8,New Customers
12437.0,7,32,10543.4,5,5,5,555,15,Champions
12438.0,49,1,890.07,4,1,3,413,8,New Customers
12439.0,591,2,1158.18,1,2,4,124,7,Hibernating / Lost
12440.0,371,2,859.2,1,2,3,123,6,Hibernating / Lost
12441.0,275,1,347.1,2,1,2,212,5,About to Sleep
12443.0,641,1,485.31,1,1,2,112,4,Hibernating / Lost
12444.0,30,2,2627.27,5,2,4,524,11,Promising / Potential
12445.0,329,1,301.58,2,1,2,212,5,About to Sleep
12447.0,152,1,476.49,3,1,2,312,6,Others / Need Attention
12449.0,0,5,3493.18,5,4,5,545,14,Champions
12450.0,65,5,688.2,4,4,3,443,11,Champions
12451.0,127,5,8942.18,3,4,5,345,12,Loyal Customers
12453.0,43,1,707.09,4,1,3,413,8,New Customers
12454.0,304,4,13151.44,2,3,5,235,10,At Risk
12455.0,36,9,5589.45,5,5,5,555,15,Champions
12456.0,40,2,2265.4,4,2,4,424,10,Promising / Potential
12457.0,142,4,1699.93,3,3,4,334,10,Loyal Customers
12458.0,193,3,1272.01,3,3,4,334,10,Loyal Customers
12459.0,514,1,454.36,1,1,2,112,4,Hibernating / Lost
12460.0,365,1,326.65,1,1,2,112,4,Hibernating / Lost
12461.0,3,2,826.88,5,2,3,523,10,Promising / Potential
12462.0,212,1,762.11,3,1,3,313,7,Others / Need Attention
12463.0,84,3,985.79,4,3,3,433,10,Loyal Customers
12464.0,15,6,780.55,5,4,3,543,12,Champions
12465.0,78,1,440.94,4,1,2,412,7,New Customers
12466.0,591,1,56.73,1,1,1,111,3,Hibernating / Lost
12467.0,332,1,132.8,2,1,1,211,4,About to Sleep
12468.0,96,5,3670.74,4,4,5,445,13,Champions
12469.0,431,2,3070.54,1,2,5,125,8,Hibernating / Lost
12470.0,598,1,211.95,1,1,1,111,3,Hibernating / Lost
12471.0,16,68,31256.14,5,5,5,555,15,Champions
12472.0,47,17,16236.08,4,5,5,455,14,Champions
12473.0,23,2,1186.25,5,2,4,524,11,Promising / Potential
12474.0,7,26,9410.72,5,5,5,555,15,Champions
12475.0,318,1,426.26,2,1,2,212,5,About to Sleep
12476.0,50,18,10490.66,4,5,5,455,14,Champions
12477.0,9,6,15890.66,5,4,5,545,14,Champions
12480.0,52,6,4328.17,4,4,5,445,13,Champions
12481.0,88,13,10866.83,4,5,5,455,14,Champions
12482.0,485,29,23691.4,1,5,5,155,11,Can't Lose Them
12483.0,7,17,4259.66,5,5,5,555,15,Champions
12484.0,9,10,5491.58,5,5,5,555,15,Champions
12485.0,438,1,708.1,1,1,3,113,5,Hibernating / Lost
12486.0,340,1,1037.28,2,1,3,213,6,About to Sleep
12487.0,639,1,285.3,1,1,2,112,4,Hibernating / Lost
12489.0,245,1,334.93,3,1,2,312,6,Others / Need Attention
12490.0,2,17,7958.3,5,5,5,555,15,Champions
12492.0,14,2,578.39,5,2,3,523,10,Promising / Potential
12493.0,74,2,433.74,4,2,2,422,8,Promising / Potential
12494.0,70,7,1495.63,4,4,4,444,12,Champions
12495.0,549,1,357.4,1,1,2,112,4,Hibernating / Lost
12496.0,529,2,54.09,1,2,1,121,4,Hibernating / Lost
12497.0,309,2,5205.4,2,2,5,225,9,About to Sleep
12499.0,469,1,393.72,1,1,2,112,4,Hibernating / Lost
12500.0,15,14,3471.23,5,5,5,555,15,Champions
12501.0,245,1,2169.39,3,1,4,314,8,Others / Need Attention
12502.0,4,5,3723.87,5,4,5,545,14,Champions
12503.0,493,1,1126.0,1,1,3,113,5,Hibernating / Lost
12504.0,326,2,297.0,2,2,2,222,6,About to Sleep
12505.0,317,1,955.2,2,1,3,213,6,About to Sleep
12506.0,141,1,73.5,3,1,1,311,5,Others / Need Attention
12507.0,43,4,1844.06,4,3,4,434,11,Loyal Customers
12509.0,193,1,176.5,3,1,1,311,5,Others / Need Attention
12510.0,51,9,5178.02,4,5,5,455,14,Champions
12511.0,337,1,3084.02,2,1,5,215,8,About to Sleep
12513.0,21,1,612.29,5,1,3,513,9,New Customers
12514.0,176,2,1597.76,3,2,4,324,9,Promising / Potential
12515.0,262,1,383.7,2,1,2,212,5,About to Sleep
12516.0,89,3,1919.76,4,3,4,434,11,Loyal Customers
12517.0,35,2,1538.7,5,2,4,524,11,Promising / Potential
12518.0,19,1,324.83,5,1,2,512,8,New Customers
12519.0,385,1,385.7,1,1,2,112,4,Hibernating / Lost
12520.0,51,4,2045.85,4,3,4,434,11,Loyal Customers
12521.0,51,1,599.68,4,1,3,413,8,New Customers
12523.0,16,19,3600.13,5,5,5,555,15,Champions
12524.0,71,15,9762.87,4,5,5,455,14,Champions
12525.0,407,3,973.73,1,3,3,133,7,Others / Need Attention
12526.0,3,1,520.3,5,1,2,512,8,New Customers
12527.0,203,4,671.72,3,3,3,333,9,Loyal Customers
12528.0,23,4,1287.37,5,3,4,534,12,Loyal Customers
12529.0,437,1,316.48,1,1,2,112,4,Hibernating / Lost
12530.0,32,8,3318.63,5,5,5,555,15,Champions
12531.0,595,1,1807.98,1,1,4,114,6,Hibernating / Lost
12533.0,536,2,1367.89,1,2,4,124,7,Hibernating / Lost
12534.0,39,1,1089.18,4,1,3,413,8,New Customers
12535.0,0,2,716.35,5,2,3,523,10,Promising / Potential
12537.0,317,1,732.94,2,1,3,213,6,About to Sleep
12538.0,287,1,276.5,2,1,2,212,5,About to Sleep
12539.0,171,6,10164.09,3,4,5,345,12,Loyal Customers
12540.0,1,27,18101.11,5,5,5,555,15,Champions
12541.0,82,2,536.14,4,2,2,422,8,Promising / Potential
12542.0,393,2,481.88,1,2,2,122,5,Hibernating / Lost
12543.0,357,1,980.25,1,1,3,113,5,Hibernating / Lost
12545.0,168,1,628.15,3,1,3,313,7,Others / Need Attention
12547.0,106,3,383.58,4,3,2,432,9,Loyal Customers
12548.0,75,1,95.2,4,1,1,411,6,New Customers
12549.0,484,6,1575.68,1,4,4,144,9,Can't Lose Them
12551.0,266,1,168.0,2,1,1,211,4,About to Sleep
12553.0,19,9,3336.06,5,5,5,555,15,Champions
12554.0,357,1,468.5,1,1,2,112,4,Hibernating / Lost
12555.0,591,1,129.23,1,1,1,111,3,Hibernating / Lost
12556.0,60,1,312.9,4,1,2,412,7,New Customers
12557.0,67,7,15726.14,4,4,5,445,13,Champions
12559.0,219,2,561.71,3,2,2,322,7,Promising / Potential
12560.0,21,2,1436.31,5,2,4,524,11,Promising / Potential
12561.0,211,1,238.85,3,1,1,311,5,Others / Need Attention
12562.0,35,5,2790.41,5,4,5,545,14,Champions
12563.0,317,1,249.24,2,1,1,211,4,About to Sleep
12564.0,170,1,456.9,3,1,2,312,6,Others / Need Attention
12565.0,197,1,145.92,3,1,1,311,5,Others / Need Attention
12567.0,5,14,12158.56,5,5,5,555,15,Champions
12568.0,553,1,70.0,1,1,1,111,3,Hibernating / Lost
12569.0,1,15,2167.68,5,5,4,554,14,Champions
12570.0,591,1,77.52,1,1,1,111,3,Hibernating / Lost
12571.0,30,1,248.35,5,1,1,511,7,New Customers
12573.0,136,5,717.41,3,4,3,343,10,Loyal Customers
12574.0,224,1,218.45,3,1,1,311,5,Others / Need Attention
12575.0,366,2,622.82,1,2,3,123,6,Hibernating / Lost
12576.0,4,7,1763.44,5,4,4,544,13,Champions
12577.0,268,6,1191.84,2,4,4,244,10,At Risk
12578.0,239,3,3456.6,3,3,5,335,11,Loyal Customers
12580.0,155,2,1052.9,3,2,3,323,8,Promising / Potential
12582.0,147,4,1980.4,3,3,4,334,10,Loyal Customers
12583.0,15,21,11398.27,5,5,5,555,15,Champions
12584.0,36,4,782.59,5,3,3,533,11,Loyal Customers
12585.0,143,2,2040.1,3,2,4,324,9,Promising / Potential
12586.0,283,3,1865.73,2,3,4,234,9,At Risk
12588.0,308,3,743.88,2,3,3,233,8,At Risk
12589.0,53,7,4180.48,4,4,5,445,13,Champions
12590.0,120,2,9864.26,3,2,5,325,10,Promising / Potential
12591.0,226,3,1352.15,3,3,4,334,10,Loyal Customers
12592.0,1,5,2582.66,5,4,4,544,13,Champions
12593.0,17,3,418.1,5,3,2,532,10,Loyal Customers
12594.0,30,13,4281.79,5,5,5,555,15,Champions
12595.0,413,1,299.02,1,1,2,112,4,Hibernating / Lost
12596.0,151,1,269.95,3,1,1,311,5,Others / Need Attention
12597.0,92,2,1428.81,4,2,4,424,10,Promising / Potential
12598.0,70,7,3095.39,4,4,5,445,13,Champions
12599.0,35,12,2121.18,5,5,4,554,14,Champions
12600.0,21,19,4381.44,5,5,5,555,15,Champions
12601.0,98,6,681.26,4,4,3,443,11,Champions
12604.0,170,1,178.5,3,1,1,311,5,Others / Need Attention
12605.0,285,4,1232.95,2,3,4,234,9,At Risk
12606.0,591,1,21.0,1,1,1,111,3,Hibernating / Lost
12608.0,313,1,415.79,2,1,2,212,5,About to Sleep
12609.0,95,8,3109.74,4,5,5,455,14,Champions
12610.0,15,2,1256.25,5,2,4,524,11,Promising / Potential
12613.0,106,9,4953.21,4,5,5,455,14,Champions
12614.0,186,1,315.6,3,1,2,312,6,Others / Need Attention
12615.0,77,5,4084.53,4,4,5,445,13,Champions
12616.0,4,3,1131.1,5,3,3,533,11,Loyal Customers
12619.0,25,6,2227.6,5,4,4,544,13,Champions
12620.0,113,1,561.66,3,1,2,312,6,Others / Need Attention
12621.0,9,30,21281.18,5,5,5,555,15,Champions
12622.0,141,1,180.1,3,1,1,311,5,Others / Need Attention
12623.0,185,7,3747.84,3,4,5,345,12,Loyal Customers
12624.0,15,2,641.13,5,2,3,523,10,Promising / Potential
12625.0,120,4,5164.88,3,3,5,335,11,Loyal Customers
12626.0,21,6,4774.0,5,4,5,545,14,Champions
12627.0,5,5,2727.83,5,4,5,545,14,Champions
12629.0,294,2,1558.22,2,2,4,224,8,About to Sleep
12631.0,365,5,2841.07,1,4,5,145,10,Can't Lose Them
12632.0,429,2,804.88,1,2,3,123,6,Hibernating / Lost
12633.0,38,6,5462.93,4,4,5,445,13,Champions
12634.0,444,2,490.0,1,2,2,122,5,Hibernating / Lost
12635.0,63,3,1924.87,4,3,4,434,11,Loyal Customers
12636.0,647,1,141.0,1,1,1,111,3,Hibernating / Lost
12637.0,0,11,7981.91,5,5,5,555,15,Champions
12638.0,548,1,249.8,1,1,1,111,3,Hibernating / Lost
12639.0,147,3,1312.37,3,3,4,334,10,Loyal Customers
12641.0,24,1,185.9,5,1,1,511,7,New Customers
12642.0,16,1,366.45,5,1,2,512,8,New Customers
12643.0,37,12,8350.42,4,5,5,455,14,Champions
12644.0,38,4,1918.49,4,3,4,434,11,Loyal Customers
12645.0,18,7,3074.98,5,4,5,545,14,Champions
12647.0,35,33,17088.24,5,5,5,555,15,Champions
12648.0,63,4,1112.0,4,3,3,433,10,Loyal Customers
12649.0,16,8,2294.65,5,5,4,554,14,Champions
12651.0,243,4,377.75,3,3,2,332,8,Loyal Customers
12652.0,240,2,1017.03,3,2,3,323,8,Promising / Potential
12653.0,57,3,4160.83,4,3,5,435,12,Loyal Customers
12654.0,106,3,337.75,4,3,2,432,9,Loyal Customers
12655.0,332,1,261.35,2,1,1,211,4,About to Sleep
12656.0,25,6,5177.33,5,4,5,545,14,Champions
12661.0,345,1,162.0,2,1,1,211,4,About to Sleep
12662.0,16,16,5791.9,5,5,5,555,15,Champions
12663.0,533,2,239.4,1,2,1,121,4,Hibernating / Lost
12664.0,52,5,3145.64,4,4,5,445,13,Champions
12665.0,233,3,313.6,3,3,2,332,8,Loyal Customers
12666.0,303,1,1248.42,2,1,4,214,7,About to Sleep
12668.0,168,9,10562.0,3,5,5,355,13,Loyal Customers
12669.0,59,3,2744.03,4,3,5,435,12,Loyal Customers
12670.0,7,5,2398.71,5,4,4,544,13,Champions
12671.0,515,1,2622.48,1,1,4,114,6,Hibernating / Lost
12672.0,238,2,437.05,3,2,2,322,7,Promising / Potential
12673.0,235,2,840.4,3,2,3,323,8,Promising / Potential
12674.0,0,3,1402.0,5,3,4,534,12,Loyal Customers
12675.0,462,2,958.5,1,2,3,123,6,Hibernating / Lost
12676.0,32,9,2509.75,5,5,4,554,14,Champions
12677.0,464,2,395.1,1,2,2,122,5,Hibernating / Lost
12678.0,9,18,24934.98,5,5,5,555,15,Champions
12679.0,114,2,906.38,3,2,3,323,8,Promising / Potential
12680.0,22,1,311.78,5,1,2,512,8,New Customers
12681.0,60,38,26947.32,4,5,5,455,14,Champions
12682.0,9,41,19965.61,5,5,5,555,15,Champions
12683.0,1,18,10842.4,5,5,5,555,15,Champions
12684.0,79,4,1379.48,4,3,4,434,11,Loyal Customers
12685.0,1,2,1606.42,5,2,4,524,11,Promising / Potential
12686.0,280,1,178.28,2,1,1,211,4,About to Sleep
12687.0,389,2,2138.91,1,2,4,124,7,Hibernating / Lost
12688.0,22,1,4873.81,5,1,5,515,11,New Customers
12689.0,36,1,511.03,5,1,2,512,8,New Customers
12690.0,114,1,389.01,3,1,2,312,6,Others / Need Attention
12691.0,54,5,690.9,4,4,3,443,11,Champions
12692.0,546,1,110.95,1,1,1,111,3,Hibernating / Lost
12693.0,36,7,1703.02,5,4,4,544,13,Champions
12694.0,92,2,1413.18,4,2,4,424,10,Promising / Potential
12695.0,16,5,1158.92,5,4,4,544,13,Champions
12696.0,343,2,851.91,2,2,3,223,7,About to Sleep
12697.0,40,2,733.91,4,2,3,423,9,Promising / Potential
12698.0,499,1,339.75,1,1,2,112,4,Hibernating / Lost
12699.0,326,1,638.11,2,1,3,213,6,About to Sleep
12700.0,65,2,2149.05,4,2,4,424,10,Promising / Potential
12701.0,151,5,1985.78,3,4,4,344,11,Loyal Customers
12703.0,542,3,722.98,1,3,3,133,7,Others / Need Attention
12704.0,14,3,1100.92,5,3,3,533,11,Loyal Customers
12705.0,67,9,9056.33,4,5,5,455,14,Champions
12707.0,200,1,603.42,3,1,3,313,7,Others / Need Attention
12708.0,10,15,4632.96,5,5,5,555,15,Champions
12709.0,5,30,28587.61,5,5,5,555,15,Champions
12710.0,5,3,1149.02,5,3,4,534,12,Loyal Customers
12711.0,520,2,1339.05,1,2,4,124,7,Hibernating / Lost
12712.0,15,19,6710.61,5,5,5,555,15,Champions
12714.0,15,11,12774.55,5,5,5,555,15,Champions
12715.0,15,1,353.86,5,1,2,512,8,New Customers
12716.0,42,1,677.9,4,1,3,413,8,New Customers
12717.0,60,3,1308.91,4,3,4,434,11,Loyal Customers
12720.0,3,22,6168.78,5,5,5,555,15,Champions
12721.0,92,6,3055.86,4,4,5,445,13,Champions
12722.0,23,3,929.65,5,3,3,533,11,Loyal Customers
12724.0,82,5,1566.47,4,4,4,444,12,Champions
12725.0,280,4,2694.56,2,3,4,234,9,At Risk
12726.0,93,9,2872.82,4,5,5,455,14,Champions
12727.0,4,9,5036.53,5,5,5,555,15,Champions
12728.0,166,4,851.15,3,3,3,333,9,Loyal Customers
12729.0,22,1,453.01,5,1,2,512,8,New Customers
12730.0,430,1,829.25,1,1,3,113,5,Hibernating / Lost
12731.0,53,13,18204.05,4,5,5,455,14,Champions
12732.0,88,1,236.26,4,1,1,411,6,New Customers
12733.0,143,4,2424.87,3,3,4,334,10,Loyal Customers
12734.0,261,3,639.65,2,3,3,233,8,At Risk
12735.0,224,2,779.57,3,2,3,323,8,Promising / Potential
12736.0,241,1,234.0,3,1,1,311,5,Others / Need Attention
12737.0,407,2,3710.5,1,2,5,125,8,Hibernating / Lost
12738.0,281,1,310.7,2,1,2,212,5,About to Sleep
12739.0,8,3,2689.23,5,3,4,534,12,Loyal Customers
12741.0,438,2,406.07,1,2,2,122,5,Hibernating / Lost
12742.0,534,1,1201.52,1,1,4,114,6,Hibernating / Lost
12743.0,43,2,546.43,4,2,2,422,8,Promising / Potential
12744.0,53,9,18249.74,4,5,5,455,14,Champions
12745.0,395,3,925.41,1,3,3,133,7,Others / Need Attention
12746.0,449,1,254.55,1,1,1,111,3,Hibernating / Lost
12747.0,18,23,7849.93,5,5,5,555,15,Champions
12748.0,0,259,36987.41,5,5,5,555,15,Champions
12749.0,39,7,5561.71,4,4,5,445,13,Champions
12750.0,37,1,275.88,4,1,2,412,7,New Customers
12751.0,353,1,268.27,1,1,1,111,3,Hibernating / Lost
12753.0,44,5,16620.91,4,4,5,445,13,Champions
12754.0,144,3,3010.74,3,3,5,335,11,Loyal Customers
12755.0,189,11,9030.66,3,5,5,355,13,Loyal Customers
12757.0,51,7,5281.08,4,4,5,445,13,Champions
12758.0,25,7,9903.24,5,4,5,545,14,Champions
12759.0,80,7,4571.82,4,4,5,445,13,Champions
12760.0,364,1,347.8,1,1,2,112,4,Hibernating / Lost
12761.0,366,2,782.95,1,2,3,123,6,Hibernating / Lost
12763.0,47,2,814.16,4,2,3,423,9,Promising / Potential
12764.0,225,1,1693.88,3,1,4,314,8,Others / Need Attention
12765.0,381,6,1404.58,1,4,4,144,9,Can't Lose Them
12766.0,58,7,8030.84,4,4,5,445,13,Champions
12767.0,284,1,949.82,2,1,3,213,6,About to Sleep
12768.0,359,1,168.69,1,1,1,111,3,Hibernating / Lost
12769.0,147,1,1143.6,3,1,3,313,7,Others / Need Attention
12770.0,119,2,3246.45,3,2,5,325,10,Promising / Potential
12771.0,394,1,282.3,1,1,2,112,4,Hibernating / Lost
12773.0,473,1,124.25,1,1,1,111,3,Hibernating / Lost
12774.0,444,1,98.7,1,1,1,111,3,Hibernating / Lost
12775.0,98,6,1464.76,4,4,4,444,12,Champions
12776.0,576,1,55.5,1,1,1,111,3,Hibernating / Lost
12777.0,366,1,519.45,1,1,2,112,4,Hibernating / Lost
12778.0,92,7,1445.51,4,4,4,444,12,Champions
12779.0,98,13,5740.32,4,5,5,455,14,Champions
12780.0,507,1,337.4,1,1,2,112,4,Hibernating / Lost
12781.0,193,1,549.26,3,1,2,312,6,Others / Need Attention
12782.0,58,10,4365.99,4,5,5,455,14,Champions
12784.0,438,1,1230.33,1,1,4,114,6,Hibernating / Lost
12785.0,273,3,1100.4,2,3,3,233,8,At Risk
12786.0,518,1,728.5,1,1,3,113,5,Hibernating / Lost
12787.0,0,3,743.18,5,3,3,533,11,Loyal Customers
12788.0,372,4,444.9,1,3,2,132,6,Others / Need Attention
12789.0,421,2,181.5,1,2,1,121,4,Hibernating / Lost
12790.0,101,2,591.85,4,2,3,423,9,Promising / Potential
12791.0,282,6,1056.11,2,4,3,243,9,At Risk
12792.0,165,2,827.01,3,2,3,323,8,Promising / Potential
12793.0,243,3,1017.33,3,3,3,333,9,Loyal Customers
12794.0,7,1,317.0,5,1,2,512,8,New Customers
12796.0,537,1,381.0,1,1,2,112,4,Hibernating / Lost
12797.0,274,2,806.11,2,2,3,223,7,About to Sleep
12798.0,79,2,3140.93,4,2,5,425,11,Promising / Potential
12799.0,438,1,219.35,1,1,1,111,3,Hibernating / Lost
12800.0,379,3,584.25,1,3,3,133,7,Others / Need Attention
12801.0,409,1,1071.82,1,1,3,113,5,Hibernating / Lost
12802.0,95,7,2416.42,4,4,4,444,12,Champions
12803.0,302,1,1092.81,2,1,3,213,6,About to Sleep
12804.0,374,2,327.02,1,2,2,122,5,Hibernating / Lost
12805.0,290,4,1434.95,2,3,4,234,9,At Risk
12806.0,344,4,2878.96,2,3,5,235,10,At Risk
12807.0,292,1,330.35,2,1,2,212,5,About to Sleep
12808.0,93,4,703.8,4,3,3,433,10,Loyal Customers
12809.0,86,3,1755.94,4,3,4,434,11,Loyal Customers
12810.0,443,2,534.99,1,2,2,122,5,Hibernating / Lost
12811.0,169,5,1033.9,3,4,3,343,10,Loyal Customers
12813.0,410,3,1687.8,1,3,4,134,8,Others / Need Attention
12814.0,10,1,125.92,5,1,1,511,7,New Customers
12815.0,56,2,1063.46,4,2,3,423,9,Promising / Potential
12816.0,4,2,572.2,5,2,3,523,10,Promising / Potential
12817.0,190,3,690.98,3,3,3,333,9,Loyal Customers
12818.0,170,1,1542.08,3,1,4,314,8,Others / Need Attention
12819.0,367,1,540.52,1,1,2,112,4,Hibernating / Lost
12820.0,235,8,1917.64,3,5,4,354,12,Loyal Customers
12821.0,123,2,220.8,3,2,1,321,6,Promising / Potential
12823.0,36,17,5966.0,5,5,5,555,15,Champions
12825.0,430,2,518.63,1,2,2,122,5,Hibernating / Lost
12826.0,87,9,2299.65,4,5,4,454,13,Champions
12828.0,8,3,415.51,5,3,2,532,10,Loyal Customers
12829.0,245,3,385.3,3,3,2,332,8,Loyal Customers
12830.0,0,5,6414.32,5,4,5,545,14,Champions
12831.0,171,3,451.11,3,3,2,332,8,Loyal Customers
12832.0,7,1,267.8,5,1,1,511,7,New Customers
12833.0,54,1,417.38,4,1,2,412,7,New Customers
12834.0,191,1,312.38,3,1,2,312,6,Others / Need Attention
12835.0,336,41,6043.31,2,5,5,255,12,At Risk
12836.0,46,14,6085.29,4,5,5,455,14,Champions
12837.0,82,2,688.41,4,2,3,423,9,Promising / Potential
12838.0,282,9,3106.14,2,5,5,255,12,At Risk
12839.0,1,21,7577.7,5,5,5,555,15,Champions
12840.0,52,7,4041.97,4,4,5,445,13,Champions
12841.0,15,32,6369.77,5,5,5,555,15,Champions
12842.0,217,3,1109.73,3,3,3,333,9,Loyal Customers
12843.0,68,29,6578.46,4,5,5,455,14,Champions
12844.0,39,3,497.52,4,3,2,432,9,Loyal Customers
12845.0,176,4,354.09,3,3,2,332,8,Loyal Customers
12846.0,591,1,15.58,1,1,1,111,3,Hibernating / Lost
12847.0,296,1,765.36,2,1,3,213,6,About to Sleep
12848.0,584,1,208.0,1,1,1,111,3,Hibernating / Lost
12849.0,177,5,2744.17,3,4,5,345,12,Loyal Customers
12850.0,354,1,330.0,1,1,2,112,4,Hibernating / Lost
12851.0,5,2,284.13,5,2,2,522,9,Promising / Potential
12852.0,203,1,311.55,3,1,2,312,6,Others / Need Attention
12853.0,43,11,3907.5,4,5,5,455,14,Champions
12854.0,150,6,2479.89,3,4,4,344,11,Loyal Customers
12855.0,281,4,650.94,2,3,3,233,8,At Risk
12857.0,119,6,3688.0,3,4,5,345,12,Loyal Customers
12858.0,292,1,177.92,2,1,1,211,4,About to Sleep
12859.0,367,1,575.1,1,1,3,113,5,Hibernating / Lost
12860.0,602,1,55.47,1,1,1,111,3,Hibernating / Lost
12861.0,528,1,68.25,1,1,1,111,3,Hibernating / Lost
12862.0,334,2,1008.32,2,2,3,223,7,About to Sleep
12863.0,288,5,2271.35,2,4,4,244,10,At Risk
12864.0,47,2,299.57,4,2,2,422,8,Promising / Potential
12865.0,32,3,2736.62,5,3,5,535,13,Loyal Customers
12866.0,192,3,1227.35,3,3,4,334,10,Loyal Customers
12867.0,5,12,6902.21,5,5,5,555,15,Champions
12868.0,94,8,2247.06,4,5,4,454,13,Champions
12869.0,590,1,337.67,1,1,2,112,4,Hibernating / Lost
12870.0,284,3,1676.95,2,3,4,234,9,At Risk
12871.0,116,2,495.38,3,2,2,322,7,Promising / Potential
12872.0,235,12,3685.49,3,5,5,355,13,Loyal Customers
12873.0,191,3,2027.3,3,3,4,334,10,Loyal Customers
12874.0,294,2,948.42,2,2,3,223,7,About to Sleep
12875.0,52,5,1356.99,4,4,4,444,12,Champions
12876.0,105,3,2590.2,4,3,4,434,11,Loyal Customers
12877.0,33,17,2478.63,5,5,4,554,14,Champions
12878.0,145,2,854.99,3,2,3,323,8,Promising / Potential
12879.0,0,1,140.5,5,1,1,511,7,New Customers
12880.0,290,2,640.13,2,2,3,223,7,About to Sleep
12881.0,184,1,298.0,3,1,2,312,6,Others / Need Attention
12885.0,32,1,645.35,5,1,3,513,9,New Customers
12886.0,128,1,775.0,3,1,3,313,7,Others / Need Attention
12887.0,292,1,222.4,2,1,1,211,4,About to Sleep
12888.0,123,2,354.12,3,2,2,322,7,Promising / Potential
12889.0,290,4,385.46,2,3,2,232,7,At Risk
12890.0,296,1,336.8,2,1,2,212,5,About to Sleep
12891.0,94,11,840.5,4,5,3,453,12,Champions
12892.0,305,1,263.38,2,1,1,211,4,About to Sleep
12894.0,484,1,157.35,1,1,1,111,3,Hibernating / Lost
12897.0,113,4,514.25,3,3,2,332,8,Loyal Customers
12898.0,372,2,310.96,1,2,2,122,5,Hibernating / Lost
12899.0,322,1,366.4,2,1,2,212,5,About to Sleep
12900.0,331,1,340.33,2,1,2,212,5,About to Sleep
12901.0,17,19,11639.47,5,5,5,555,15,Champions
12902.0,173,1,138.68,3,1,1,311,5,Others / Need Attention
12903.0,337,1,833.53,2,1,3,213,6,About to Sleep
12904.0,81,1,244.69,4,1,1,411,6,New Customers
12905.0,485,2,1018.42,1,2,3,123,6,Hibernating / Lost
12907.0,304,2,508.91,2,2,2,222,6,About to Sleep
12908.0,85,5,1776.0,4,4,4,444,12,Champions
12909.0,110,6,2452.89,3,4,4,344,11,Loyal Customers
12910.0,43,9,4208.38,4,5,5,455,14,Champions
12911.0,460,1,1680.47,1,1,4,114,6,Hibernating / Lost
12913.0,191,11,5083.62,3,5,5,355,13,Loyal Customers
12914.0,309,1,223.98,2,1,1,211,4,About to Sleep
12915.0,57,4,1174.75,4,3,4,434,11,Loyal Customers
12916.0,47,7,4654.02,4,4,5,445,13,Champions
12917.0,37,6,4359.2,4,4,5,445,13,Champions
12918.0,535,1,10953.5,1,1,5,115,7,Hibernating / Lost
12919.0,25,3,441.65,5,3,2,532,10,Loyal Customers
12920.0,480,3,323.86,1,3,2,132,6,Others / Need Attention
12921.0,7,61,29417.42,5,5,5,555,15,Champions
12922.0,70,1,405.38,4,1,2,412,7,New Customers
12923.0,299,2,612.9,2,2,3,223,7,About to Sleep
12924.0,107,11,2190.97,3,5,4,354,12,Loyal Customers
12925.0,501,1,35.28,1,1,1,111,3,Hibernating / Lost
12926.0,320,4,1548.46,2,3,4,234,9,At Risk
12927.0,303,1,197.31,2,1,1,211,4,About to Sleep
12928.0,56,10,3378.33,4,5,5,455,14,Champions
12929.0,220,1,117.85,3,1,1,311,5,Others / Need Attention
12930.0,80,1,221.56,4,1,1,411,6,New Customers
12931.0,10,53,82822.08,5,5,5,555,15,Champions
12932.0,448,8,1698.56,1,5,4,154,10,Can't Lose Them
12933.0,80,7,1436.99,4,4,4,444,12,Champions
12934.0,645,1,181.65,1,1,1,111,3,Hibernating / Lost
12935.0,18,12,3618.5,5,5,5,555,15,Champions
12937.0,106,7,2021.57,4,4,4,444,12,Champions
12939.0,47,16,21673.08,4,5,5,455,14,Champions
12941.0,633,1,377.49,1,1,2,112,4,Hibernating / Lost
12942.0,40,3,942.65,4,3,3,433,10,Loyal Customers
12943.0,467,2,496.5,1,2,2,122,5,Hibernating / Lost
12944.0,263,1,286.95,2,1,2,212,5,About to Sleep
12945.0,197,2,900.11,3,2,3,323,8,Promising / Potential
12946.0,345,1,324.45,2,1,2,212,5,About to Sleep
12947.0,52,6,1908.03,4,4,4,444,12,Champions
12948.0,14,6,1676.44,5,4,4,544,13,Champions
12949.0,23,21,14808.9,5,5,5,555,15,Champions
12951.0,82,14,2901.43,4,5,5,455,14,Champions
12953.0,431,1,498.96,1,1,2,112,4,Hibernating / Lost
12954.0,547,1,162.45,1,1,1,111,3,Hibernating / Lost
12955.0,1,6,1843.36,5,4,4,544,13,Champions
12956.0,215,4,521.89,3,3,2,332,8,Loyal Customers
12957.0,95,9,6404.72,4,5,5,455,14,Champions
12958.0,309,2,539.49,2,2,2,222,6,About to Sleep
12959.0,393,1,150.95,1,1,1,111,3,Hibernating / Lost
12960.0,322,4,1322.07,2,3,4,234,9,At Risk
12961.0,288,1,211.99,2,1,1,211,4,About to Sleep
12962.0,22,1,170.54,5,1,1,511,7,New Customers
12963.0,274,5,2110.76,2,4,4,244,10,At Risk
12964.0,346,1,132.24,2,1,1,211,4,About to Sleep
12967.0,267,3,4306.92,2,3,5,235,10,At Risk
12968.0,21,1,135.95,5,1,1,511,7,New Customers
12969.0,511,1,122.45,1,1,1,111,3,Hibernating / Lost
12970.0,231,8,1096.53,3,5,3,353,11,Loyal Customers
12971.0,1,94,12948.2,5,5,5,555,15,Champions
12972.0,322,4,1161.2,2,3,4,234,9,At Risk
12973.0,322,1,385.55,2,1,2,212,5,About to Sleep
12974.0,106,2,408.95,4,2,2,422,8,Promising / Potential
12975.0,345,6,2100.09,2,4,4,244,10,At Risk
12976.0,120,8,3156.38,3,5,5,355,13,Loyal Customers
12977.0,65,4,517.63,4,3,2,432,9,Loyal Customers
12978.0,294,5,2502.82,2,4,4,244,10,At Risk
12979.0,638,1,517.7,1,1,2,112,4,Hibernating / Lost
12980.0,66,21,16245.78,4,5,5,455,14,Champions
12981.0,42,1,187.18,4,1,1,411,6,New Customers
12982.0,151,8,2744.81,3,5,5,355,13,Loyal Customers
12983.0,507,1,490.08,1,1,2,112,4,Hibernating / Lost
12986.0,337,10,2729.84,2,5,5,255,12,At Risk
12987.0,106,4,1057.81,4,3,3,433,10,Loyal Customers
12988.0,201,1,535.32,3,1,2,312,6,Others / Need Attention
12989.0,66,26,11096.78,4,5,5,455,14,Champions
12990.0,94,6,809.9,4,4,3,443,11,Champions
12991.0,21,2,564.62,5,2,3,523,10,Promising / Potential
12992.0,634,1,93.35,1,1,1,111,3,Hibernating / Lost
12993.0,29,7,1217.27,5,4,4,544,13,Champions
12994.0,29,2,645.47,5,2,3,523,10,Promising / Potential
12996.0,284,1,355.5,2,1,2,212,5,About to Sleep
12997.0,145,6,1492.49,3,4,4,344,11,Loyal Customers
12998.0,401,3,920.08,1,3,3,133,7,Others / Need Attention
12999.0,105,3,455.88,4,3,2,432,9,Loyal Customers
13000.0,15,4,1032.5,5,3,3,533,11,Loyal Customers
13001.0,67,31,22968.7,4,5,5,455,14,Champions
13002.0,227,3,414.13,3,3,2,332,8,Loyal Customers
13003.0,14,3,149.05,5,3,1,531,9,Loyal Customers
13004.0,23,30,9780.03,5,5,5,555,15,Champions
13005.0,82,4,999.68,4,3,3,433,10,Loyal Customers
13007.0,488,1,175.25,1,1,1,111,3,Hibernating / Lost
13008.0,232,3,612.13,3,3,3,333,9,Loyal Customers
13009.0,581,1,234.0,1,1,1,111,3,Hibernating / Lost
13010.0,283,2,330.12,2,2,2,222,6,About to Sleep
13011.0,281,1,101.1,2,1,1,211,4,About to Sleep
13012.0,57,7,2323.3,4,4,4,444,12,Champions
13013.0,1,25,11500.92,5,5,5,555,15,Champions
13014.0,22,6,3937.28,5,4,5,545,14,Champions
13015.0,106,10,5003.18,4,5,5,455,14,Champions
13016.0,32,1,425.25,5,1,2,512,8,New Customers
13018.0,1,25,7561.17,5,5,5,555,15,Champions
13019.0,288,6,1229.95,2,4,4,244,10,At Risk
13020.0,471,2,618.96,1,2,3,123,6,Hibernating / Lost
13021.0,75,12,3423.33,4,5,5,455,14,Champions
13022.0,338,1,65.3,2,1,1,211,4,About to Sleep
13023.0,38,2,1095.53,4,2,3,423,9,Promising / Potential
13024.0,379,2,555.87,1,2,2,122,5,Hibernating / Lost
13025.0,640,1,323.39,1,1,2,112,4,Hibernating / Lost
13026.0,1,7,1361.92,5,4,4,544,13,Champions
13027.0,22,19,17335.2,5,5,5,555,15,Champions
13029.0,47,4,1453.0,4,3,4,434,11,Loyal Customers
13030.0,277,1,855.48,2,1,3,213,6,About to Sleep
13031.0,316,5,3419.27,2,4,5,245,11,At Risk
13032.0,301,7,1833.37,2,4,4,244,10,At Risk
13033.0,266,2,220.55,2,2,1,221,5,About to Sleep
13034.0,278,2,445.77,2,2,2,222,6,About to Sleep
13035.0,169,2,775.32,3,2,3,323,8,Promising / Potential
13036.0,593,1,307.1,1,1,2,112,4,Hibernating / Lost
13037.0,47,12,3914.95,4,5,5,455,14,Champions
13038.0,92,2,591.76,4,2,3,423,9,Promising / Potential
13039.0,493,4,1010.73,1,3,3,133,7,Others / Need Attention
13041.0,359,4,799.13,1,3,3,133,7,Others / Need Attention
13042.0,507,3,1556.54,1,3,4,134,8,Others / Need Attention
13043.0,182,1,516.42,3,1,2,312,6,Others / Need Attention
13044.0,200,11,4853.9,3,5,5,355,13,Loyal Customers
13045.0,8,3,808.92,5,3,3,533,11,Loyal Customers
13046.0,175,2,517.66,3,2,2,322,7,Promising / Potential
13047.0,36,22,8239.63,5,5,5,555,15,Champions
13048.0,22,8,3623.35,5,5,5,555,15,Champions
13049.0,227,3,905.34,3,3,3,333,9,Loyal Customers
13050.0,15,31,11017.41,5,5,5,555,15,Champions
13051.0,487,2,155.8,1,2,1,121,4,Hibernating / Lost
13052.0,121,7,3168.53,3,4,5,345,12,Loyal Customers
13053.0,530,1,127.65,1,1,1,111,3,Hibernating / Lost
13055.0,122,2,1451.56,3,2,4,324,9,Promising / Potential
13056.0,460,1,209.48,1,1,1,111,3,Hibernating / Lost
13057.0,439,3,722.09,1,3,3,133,7,Others / Need Attention
13058.0,60,1,47.55,4,1,1,411,6,New Customers
13059.0,158,10,2303.17,3,5,4,354,12,Loyal Customers
13060.0,162,1,307.53,3,1,2,312,6,Others / Need Attention
13062.0,100,1,346.98,4,1,2,412,7,New Customers
13063.0,389,1,188.4,1,1,1,111,3,Hibernating / Lost
13064.0,61,4,1220.5,4,3,4,434,11,Loyal Customers
13065.0,282,5,1260.91,2,4,4,244,10,At Risk
13067.0,318,2,393.05,2,2,2,222,6,About to Sleep
13068.0,228,1,165.0,3,1,1,311,5,Others / Need Attention
13069.0,8,34,9121.71,5,5,5,555,15,Champions
13070.0,101,4,751.7,4,3,3,433,10,Loyal Customers
13071.0,521,1,129.22,1,1,1,111,3,Hibernating / Lost
13072.0,175,1,177.15,3,1,1,311,5,Others / Need Attention
13073.0,320,2,418.08,2,2,2,222,6,About to Sleep
13074.0,420,4,1378.74,1,3,4,134,8,Others / Need Attention
13075.0,38,1,919.61,4,1,3,413,8,New Customers
13076.0,366,1,135.4,1,1,1,111,3,Hibernating / Lost
13077.0,199,10,2912.84,3,5,5,355,13,Loyal Customers
13078.0,15,46,23821.66,5,5,5,555,15,Champions
13079.0,0,3,258.58,5,3,1,531,9,Loyal Customers
13080.0,88,4,280.73,4,3,2,432,9,Loyal Customers
13081.0,52,25,49737.89,4,5,5,455,14,Champions
13082.0,35,21,7335.75,5,5,5,555,15,Champions
13083.0,334,1,91.68,2,1,1,211,4,About to Sleep
13084.0,400,1,122.4,1,1,1,111,3,Hibernating / Lost
13085.0,66,8,2433.28,4,5,4,454,13,Champions
13086.0,291,1,439.33,2,1,2,212,5,About to Sleep
13087.0,635,1,313.64,1,1,2,112,4,Hibernating / Lost
13088.0,326,1,236.11,2,1,1,211,4,About to Sleep
13089.0,8,177,101236.52,5,5,5,555,15,Champions
13090.0,45,19,10104.29,4,5,5,455,14,Champions
13091.0,638,2,1976.0,1,2,4,124,7,Hibernating / Lost
13092.0,120,11,2102.2,3,5,4,354,12,Loyal Customers
13093.0,184,55,54943.65,3,5,5,355,13,Loyal Customers
13094.0,38,11,2051.52,4,5,4,454,13,Champions
13096.0,303,1,419.7,2,1,2,212,5,About to Sleep
13097.0,31,26,12022.51,5,5,5,555,15,Champions
13098.0,3,18,15169.46,5,5,5,555,15,Champions
13099.0,8,1,207.36,5,1,1,511,7,New Customers
13101.0,143,4,695.4,3,3,3,333,9,Loyal Customers
13102.0,42,32,10234.53,4,5,5,455,14,Champions
13103.0,346,2,465.7,2,2,2,222,6,About to Sleep
13104.0,42,6,987.06,4,4,3,443,11,Champions
13105.0,345,1,72.0,2,1,1,211,4,About to Sleep
13106.0,42,2,603.46,4,2,3,423,9,Promising / Potential
13107.0,84,7,4656.67,4,4,5,445,13,Champions
13108.0,281,2,1098.52,2,2,3,223,7,About to Sleep
13109.0,66,2,717.34,4,2,3,423,9,Promising / Potential
13110.0,46,10,2511.04,4,5,4,454,13,Champions
13111.0,627,1,321.88,1,1,2,112,4,Hibernating / Lost
13112.0,450,1,20.6,1,1,1,111,3,Hibernating / Lost
13113.0,22,33,17166.83,5,5,5,555,15,Champions
13114.0,639,1,234.38,1,1,1,111,3,Hibernating / Lost
13115.0,93,7,4078.47,4,4,5,445,13,Champions
13116.0,47,1,501.14,4,1,2,412,7,New Customers
13117.0,30,17,2500.67,5,5,4,554,14,Champions
13118.0,117,7,2017.3,3,4,4,344,11,Loyal Customers
13119.0,577,1,134.9,1,1,1,111,3,Hibernating / Lost
13120.0,147,1,30.6,3,1,1,311,5,Others / Need Attention
13121.0,178,1,283.73,3,1,2,312,6,Others / Need Attention
13122.0,3,2,922.39,5,2,3,523,10,Promising / Potential
13123.0,381,2,506.75,1,2,2,122,5,Hibernating / Lost
13124.0,161,3,3490.24,3,3,5,335,11,Loyal Customers
13125.0,432,1,158.57,1,1,1,111,3,Hibernating / Lost
13126.0,162,10,2976.03,3,5,5,355,13,Loyal Customers
13128.0,540,1,263.5,1,1,1,111,3,Hibernating / Lost
13129.0,361,2,233.25,1,2,1,121,4,Hibernating / Lost
13130.0,3,1,64.0,5,1,1,511,7,New Customers
13131.0,96,5,2565.37,4,4,4,444,12,Champions
13132.0,170,1,77.3,3,1,1,311,5,Others / Need Attention
13133.0,182,3,200.45,3,3,1,331,7,Loyal Customers
13134.0,92,5,1567.39,4,4,4,444,12,Champions
13135.0,105,2,3371.45,4,2,5,425,11,Promising / Potential
13136.0,51,11,4893.63,4,5,5,455,14,Champions
13137.0,1,13,5993.33,5,5,5,555,15,Champions
13138.0,42,4,994.3,4,3,3,433,10,Loyal Customers
13139.0,18,4,4848.98,5,3,5,535,13,Loyal Customers
13140.0,17,5,1215.68,5,4,4,544,13,Champions
13141.0,123,16,6680.86,3,5,5,355,13,Loyal Customers
13143.0,493,1,405.1,1,1,2,112,4,Hibernating / Lost
13144.0,241,2,135.35,3,2,1,321,6,Promising / Potential
13145.0,0,6,1304.72,5,4,4,544,13,Champions
13147.0,8,1,118.8,5,1,1,511,7,New Customers
13148.0,42,24,7704.56,4,5,5,455,14,Champions
13149.0,15,3,1132.62,5,3,3,533,11,Loyal Customers
13150.0,393,3,449.97,1,3,2,132,6,Others / Need Attention
13151.0,204,3,2580.74,3,3,4,334,10,Loyal Customers
13152.0,326,7,2146.38,2,4,4,244,10,At Risk
13154.0,308,3,1624.84,2,3,4,234,9,At Risk
13155.0,235,4,1347.62,3,3,4,334,10,Loyal Customers
13156.0,294,3,1586.54,2,3,4,234,9,At Risk
13157.0,50,8,4819.34,4,5,5,455,14,Champions
13158.0,3,5,1508.18,5,4,4,544,13,Champions
13159.0,15,2,851.59,5,2,3,523,10,Promising / Potential
13161.0,222,2,478.88,3,2,2,322,7,Promising / Potential
13162.0,31,16,9275.49,5,5,5,555,15,Champions
13163.0,519,1,17.65,1,1,1,111,3,Hibernating / Lost
13164.0,478,2,372.2,1,2,2,122,5,Hibernating / Lost
13165.0,260,2,784.32,2,2,3,223,7,About to Sleep
13166.0,192,2,884.18,3,2,3,323,8,Promising / Potential
13167.0,39,3,751.37,4,3,3,433,10,Loyal Customers
13168.0,108,4,1528.78,3,3,4,334,10,Loyal Customers
13169.0,161,2,632.4,3,2,3,323,8,Promising / Potential
13171.0,208,1,140.35,3,1,1,311,5,Others / Need Attention
13172.0,309,1,69.6,2,1,1,211,4,About to Sleep
13173.0,276,10,2451.64,2,5,4,254,11,At Risk
13174.0,225,11,8786.08,3,5,5,355,13,Loyal Customers
13175.0,491,2,831.45,1,2,3,123,6,Hibernating / Lost
13177.0,339,1,229.75,2,1,1,211,4,About to Sleep
13178.0,42,18,12725.45,4,5,5,455,14,Champions
13179.0,527,1,572.31,1,1,3,113,5,Hibernating / Lost
13180.0,516,1,86.1,1,1,1,111,3,Hibernating / Lost
13181.0,290,1,359.69,2,1,2,212,5,About to Sleep
13183.0,10,12,5473.38,5,5,5,555,15,Champions
13184.0,39,9,1504.44,4,5,4,454,13,Champions
13185.0,176,1,71.4,3,1,1,311,5,Others / Need Attention
13186.0,2,2,1301.94,5,2,4,524,11,Promising / Potential
13187.0,246,4,367.01,2,3,2,232,7,At Risk
13189.0,24,1,127.0,5,1,1,511,7,New Customers
13190.0,453,3,570.66,1,3,3,133,7,Others / Need Attention
13191.0,567,1,164.69,1,1,1,111,3,Hibernating / Lost
13192.0,4,6,2558.58,5,4,4,544,13,Champions
13194.0,44,2,472.78,4,2,2,422,8,Promising / Potential
13195.0,323,1,172.38,2,1,1,211,4,About to Sleep
13196.0,171,4,1783.19,3,3,4,334,10,Loyal Customers
13197.0,518,1,373.01,1,1,2,112,4,Hibernating / Lost
13198.0,29,7,4582.17,5,4,5,545,14,Champions
13199.0,1,51,11355.93,5,5,5,555,15,Champions
13200.0,35,1,319.32,5,1,2,512,8,New Customers
13201.0,411,4,1240.61,1,3,4,134,8,Others / Need Attention
13202.0,303,7,1580.3,2,4,4,244,10,At Risk
13203.0,29,8,2088.65,5,5,4,554,14,Champions
13204.0,640,1,966.66,1,1,3,113,5,Hibernating / Lost
13205.0,352,1,2803.2,1,1,5,115,7,Hibernating / Lost
13206.0,309,13,8377.32,2,5,5,255,12,At Risk
13207.0,59,3,483.12,4,3,2,432,9,Loyal Customers
13208.0,64,7,1599.67,4,4,4,444,12,Champions
13209.0,37,10,6773.98,4,5,5,455,14,Champions
13210.0,2,1,353.48,5,1,2,512,8,New Customers
13211.0,4,9,2418.54,5,5,4,554,14,Champions
13213.0,37,10,3294.82,4,5,5,455,14,Champions
13214.0,326,7,3264.23,2,4,5,245,11,At Risk
13215.0,311,1,81.6,2,1,1,211,4,About to Sleep
13216.0,176,1,333.74,3,1,2,312,6,Others / Need Attention
13217.0,31,4,666.48,5,3,3,533,11,Loyal Customers
13218.0,36,1,62.64,5,1,1,511,7,New Customers
13219.0,527,1,76.23,1,1,1,111,3,Hibernating / Lost
13220.0,94,4,1243.29,4,3,4,434,11,Loyal Customers
13221.0,149,2,847.41,3,2,3,323,8,Promising / Potential
13222.0,486,1,88.5,1,1,1,111,3,Hibernating / Lost
13223.0,109,6,969.12,3,4,3,343,10,Loyal Customers
13224.0,60,1,1212.26,4,1,4,414,9,New Customers
13225.0,52,14,14095.79,4,5,5,455,14,Champions
13226.0,182,2,312.46,3,2,2,322,7,Promising / Potential
13227.0,110,1,257.7,3,1,1,311,5,Others / Need Attention
13229.0,134,1,160.95,3,1,1,311,5,Others / Need Attention
13230.0,47,28,5787.99,4,5,5,455,14,Champions
13232.0,7,5,1048.3,5,4,3,543,12,Champions
13233.0,245,3,875.58,3,3,3,333,9,Loyal Customers
13234.0,581,2,356.95,1,2,2,122,5,Hibernating / Lost
13235.0,121,1,1031.07,3,1,3,313,7,Others / Need Attention
13236.0,15,1,439.23,5,1,2,512,8,New Customers
13237.0,296,1,643.0,2,1,3,213,6,About to Sleep
13238.0,72,4,624.75,4,3,3,433,10,Loyal Customers
13239.0,170,5,1594.69,3,4,4,344,11,Loyal Customers
13240.0,5,8,1738.52,5,5,4,554,14,Champions
13241.0,320,1,115.58,2,1,1,211,4,About to Sleep
13242.0,21,7,699.4,5,4,3,543,12,Champions
13243.0,112,5,1278.04,3,4,4,344,11,Loyal Customers
13244.0,1,1,121.74,5,1,1,511,7,New Customers
13245.0,341,1,558.72,2,1,2,212,5,About to Sleep
13246.0,85,10,3261.12,4,5,5,455,14,Champions
13248.0,33,2,465.68,5,2,2,522,9,Promising / Potential
13249.0,1,9,1608.93,5,5,4,554,14,Champions
13250.0,369,2,256.04,1,2,1,121,4,Hibernating / Lost
13251.0,311,1,252.68,2,1,1,211,4,About to Sleep
13252.0,303,2,399.3,2,2,2,222,6,About to Sleep
13253.0,65,4,2951.11,4,3,5,435,12,Loyal Customers
13254.0,285,1,51.41,2,1,1,211,4,About to Sleep
13255.0,282,2,730.65,2,2,3,223,7,About to Sleep
13257.0,345,1,149.75,2,1,1,211,4,About to Sleep
13258.0,114,3,561.22,3,3,2,332,8,Loyal Customers
13259.0,306,8,1141.06,2,5,3,253,10,At Risk
13261.0,177,2,944.1,3,2,3,323,8,Promising / Potential
13262.0,172,3,573.45,3,3,3,333,9,Loyal Customers
13263.0,17,27,6121.3,5,5,5,555,15,Champions
13264.0,351,1,722.56,1,1,3,113,5,Hibernating / Lost
13265.0,92,3,1465.66,4,3,4,434,11,Loyal Customers
13266.0,21,15,4836.36,5,5,5,555,15,Champions
13267.0,1,32,8356.11,5,5,5,555,15,Champions
13268.0,78,6,2150.25,4,4,4,444,12,Champions
13269.0,18,21,6526.92,5,5,5,555,15,Champions
13270.0,275,1,1180.0,2,1,4,214,7,About to Sleep
13273.0,22,1,138.98,5,1,1,511,7,New Customers
13274.0,318,1,360.85,2,1,2,212,5,About to Sleep
13275.0,292,2,241.66,2,2,1,221,5,About to Sleep
13276.0,8,4,1485.71,5,3,4,534,12,Loyal Customers
13277.0,25,5,390.8,5,4,2,542,11,Champions
13278.0,308,3,893.12,2,3,3,233,8,At Risk
13280.0,31,7,2322.63,5,4,4,544,13,Champions
13281.0,348,1,350.85,2,1,2,212,5,About to Sleep
13282.0,71,3,954.15,4,3,3,433,10,Loyal Customers
13283.0,94,3,305.2,4,3,2,432,9,Loyal Customers
13284.0,239,1,201.19,3,1,1,311,5,Others / Need Attention
13285.0,70,5,2625.57,4,4,4,444,12,Champions
13286.0,509,1,734.91,1,1,3,113,5,Hibernating / Lost
13287.0,512,3,781.59,1,3,3,133,7,Others / Need Attention
13288.0,352,5,927.61,1,4,3,143,8,Can't Lose Them
13289.0,632,1,307.95,1,1,2,112,4,Hibernating / Lost
13290.0,347,1,208.63,2,1,1,211,4,About to Sleep
13291.0,64,11,3320.84,4,5,5,455,14,Champions
13292.0,193,4,665.14,3,3,3,333,9,Loyal Customers
13293.0,301,6,1192.94,2,4,4,244,10,At Risk
13294.0,98,3,1689.53,4,3,4,434,11,Loyal Customers
13295.0,268,4,1101.97,2,3,3,233,8,At Risk
13296.0,46,6,792.51,4,4,3,443,11,Champions
13297.0,294,3,2278.77,2,3,4,234,9,At Risk
13299.0,177,3,1218.7,3,3,4,334,10,Loyal Customers
13300.0,78,3,1285.51,4,3,4,434,11,Loyal Customers
13301.0,12,4,618.09,5,3,3,533,11,Loyal Customers
13302.0,64,2,159.2,4,2,1,421,7,Promising / Potential
13303.0,309,1,61.72,2,1,1,211,4,About to Sleep
13304.0,260,4,1217.99,2,3,4,234,9,At Risk
13305.0,1,14,3225.1,5,5,5,555,15,Champions
13306.0,339,1,53.65,2,1,1,211,4,About to Sleep
13307.0,29,3,273.34,5,3,2,532,10,Loyal Customers
13308.0,112,2,1099.81,3,2,3,323,8,Promising / Potential
13309.0,115,3,796.22,3,3,3,333,9,Loyal Customers
13310.0,115,4,1226.82,3,3,4,334,10,Loyal Customers
13311.0,59,1,490.11,4,1,2,412,7,New Customers
13312.0,360,1,124.75,1,1,1,111,3,Hibernating / Lost
13313.0,50,10,2808.34,4,5,5,455,14,Champions
13315.0,598,1,310.26,1,1,2,112,4,Hibernating / Lost
13316.0,40,8,10993.82,4,5,5,455,14,Champions
13317.0,107,18,5526.39,3,5,5,355,13,Loyal Customers
13319.0,0,51,18627.42,5,5,5,555,15,Champions
13320.0,15,5,1660.55,5,4,4,544,13,Champions
13324.0,112,15,7190.51,3,5,5,355,13,Loyal Customers
13326.0,341,1,281.76,2,1,2,212,5,About to Sleep
13327.0,21,19,8990.46,5,5,5,555,15,Champions
13328.0,225,1,1308.48,3,1,4,314,8,Others / Need Attention
13329.0,275,7,4628.17,2,4,5,245,11,At Risk
13330.0,1,6,2806.18,5,4,5,545,14,Champions
13331.0,310,1,262.4,2,1,1,211,4,About to Sleep
13333.0,320,3,1015.74,2,3,3,233,8,At Risk
13334.0,99,4,5458.77,4,3,5,435,12,Loyal Customers
13337.0,455,1,1575.26,1,1,4,114,6,Hibernating / Lost
13338.0,66,4,2445.62,4,3,4,434,11,Loyal Customers
13339.0,109,1,860.12,3,1,3,313,7,Others / Need Attention
13340.0,14,10,20593.62,5,5,5,555,15,Champions
13341.0,169,1,775.85,3,1,3,313,7,Others / Need Attention
13343.0,86,1,353.43,4,1,2,412,7,New Customers
13344.0,186,1,1656.15,3,1,4,314,8,Others / Need Attention
13345.0,196,1,389.5,3,1,2,312,6,Others / Need Attention
13346.0,371,6,299.4,1,4,2,142,7,Can't Lose Them
13355.0,31,1,674.7,5,1,3,513,9,New Customers
13357.0,166,5,3838.36,3,4,5,345,12,Loyal Customers
13358.0,177,1,439.03,3,1,2,312,6,Others / Need Attention
13359.0,312,1,603.75,2,1,3,213,6,About to Sleep
13360.0,340,4,1553.65,2,3,4,234,9,At Risk
13361.0,381,2,1450.5,1,2,4,124,7,Hibernating / Lost
13362.0,154,5,3884.86,3,4,5,345,12,Loyal Customers
13363.0,318,1,731.36,2,1,3,213,6,About to Sleep
13365.0,126,1,700.6,3,1,3,313,7,Others / Need Attention
13367.0,340,1,510.2,2,1,2,212,5,About to Sleep
13368.0,165,4,1121.5,3,3,3,333,9,Loyal Customers
13369.0,274,1,616.56,2,1,3,213,6,About to Sleep
13370.0,280,1,1509.74,2,1,4,214,7,About to Sleep
13371.0,414,2,2297.66,1,2,4,124,7,Hibernating / Lost
13373.0,67,5,6330.52,4,4,5,445,13,Champions
13374.0,323,2,422.8,2,2,2,222,6,About to Sleep
13375.0,353,1,1013.58,1,1,3,113,5,Hibernating / Lost
13376.0,8,3,1019.76,5,3,3,533,11,Loyal Customers
13377.0,305,2,1552.88,2,2,4,224,8,About to Sleep
13379.0,45,1,136.29,4,1,1,411,6,New Customers
13380.0,341,1,62.4,2,1,1,211,4,About to Sleep
13381.0,22,10,7046.39,5,5,5,555,15,Champions
13382.0,189,5,1387.58,3,4,4,344,11,Loyal Customers
13383.0,452,1,305.28,1,1,2,112,4,Hibernating / Lost
13384.0,37,6,4284.74,4,4,5,445,13,Champions
13385.0,238,1,534.57,3,1,2,312,6,Others / Need Attention
13386.0,323,2,835.46,2,2,3,223,7,About to Sleep
13387.0,326,1,189.44,2,1,1,211,4,About to Sleep
13388.0,40,3,1185.65,4,3,4,434,11,Loyal Customers
13389.0,141,1,257.89,3,1,1,311,5,Others / Need Attention
13391.0,112,1,59.8,3,1,1,311,5,Others / Need Attention
13392.0,586,1,91.14,1,1,1,111,3,Hibernating / Lost
13393.0,492,4,1131.45,1,3,3,133,7,Others / Need Attention
13394.0,24,16,5645.13,5,5,5,555,15,Champions
13395.0,94,3,1180.23,4,3,4,434,11,Loyal Customers
13396.0,228,1,387.27,3,1,2,312,6,Others / Need Attention
13397.0,19,9,2875.93,5,5,5,555,15,Champions
13398.0,101,2,670.34,4,2,3,423,9,Promising / Potential
13399.0,373,3,275.4,1,3,2,132,6,Others / Need Attention
13400.0,491,1,310.83,1,1,2,112,4,Hibernating / Lost
13402.0,36,4,1535.13,5,3,4,534,12,Loyal Customers
13403.0,296,2,154.5,2,2,1,221,5,About to Sleep
13404.0,121,1,217.81,3,1,1,311,5,Others / Need Attention
13405.0,113,5,1198.81,3,4,4,344,11,Loyal Customers
13406.0,336,2,568.92,2,2,3,223,7,About to Sleep
13407.0,487,3,2244.7,1,3,4,134,8,Others / Need Attention
13408.0,8,85,41453.1,5,5,5,555,15,Champions
13410.0,96,7,1743.94,4,4,4,444,12,Champions
13411.0,16,1,213.55,5,1,1,511,7,New Customers
13412.0,529,1,487.35,1,1,2,112,4,Hibernating / Lost
13413.0,548,6,429.44,1,4,2,142,7,Can't Lose Them
13414.0,42,6,2494.14,4,4,4,444,12,Champions
13415.0,381,4,800.67,1,3,3,133,7,Others / Need Attention
13416.0,645,1,228.3,1,1,1,111,3,Hibernating / Lost
13417.0,114,5,1264.66,3,4,4,344,11,Loyal Customers
13418.0,7,28,10850.3,5,5,5,555,15,Champions
13420.0,58,2,159.85,4,2,1,421,7,Promising / Potential
13421.0,199,7,3077.08,3,4,5,345,12,Loyal Customers
13423.0,337,1,217.03,2,1,1,211,4,About to Sleep
13424.0,358,1,572.77,1,1,3,113,5,Hibernating / Lost
13425.0,17,5,3403.63,5,4,5,545,14,Champions
13426.0,91,17,6084.74,4,5,5,455,14,Champions
13427.0,29,5,888.79,5,4,3,543,12,Champions
13428.0,423,2,281.51,1,2,2,122,5,Hibernating / Lost
13431.0,315,6,2047.14,2,4,4,244,10,At Risk
13432.0,480,2,439.1,1,2,2,122,5,Hibernating / Lost
13433.0,410,4,658.32,1,3,3,133,7,Others / Need Attention
13434.0,5,4,1205.46,5,3,4,534,12,Loyal Customers
13435.0,19,5,1753.46,5,4,4,544,13,Champions
13437.0,8,4,2173.6,5,3,4,534,12,Loyal Customers
13438.0,456,1,46.5,1,1,1,111,3,Hibernating / Lost
13439.0,164,3,986.61,3,3,3,333,9,Loyal Customers
13440.0,332,7,1295.25,2,4,4,244,10,At Risk
13441.0,0,2,720.9,5,2,3,523,10,Promising / Potential
13442.0,576,3,419.87,1,3,2,132,6,Others / Need Attention
13443.0,357,6,1280.16,1,4,4,144,9,Can't Lose Them
13444.0,283,2,631.68,2,2,3,223,7,About to Sleep
13445.0,535,1,241.9,1,1,1,111,3,Hibernating / Lost
13446.0,339,11,3881.89,2,5,5,255,12,At Risk
13448.0,127,11,7124.76,3,5,5,355,13,Loyal Customers
13450.0,33,11,3497.78,5,5,5,555,15,Champions
13451.0,35,10,6678.16,5,5,5,555,15,Champions
13452.0,168,3,729.8,3,3,3,333,9,Loyal Customers
13453.0,74,3,781.69,4,3,3,433,10,Loyal Customers
13454.0,550,1,219.87,1,1,1,111,3,Hibernating / Lost
13455.0,275,5,2540.53,2,4,4,244,10,At Risk
13456.0,64,3,855.06,4,3,3,433,10,Loyal Customers
13457.0,597,2,148.22,1,2,1,121,4,Hibernating / Lost
13458.0,8,12,9991.12,5,5,5,555,15,Champions
13459.0,533,2,1160.41,1,2,4,124,7,Hibernating / Lost
13461.0,47,5,3599.2,4,4,5,445,13,Champions
13462.0,161,5,1153.85,3,4,4,344,11,Loyal Customers
13464.0,303,5,2422.96,2,4,4,244,10,At Risk
13465.0,355,2,931.12,1,2,3,123,6,Hibernating / Lost
13466.0,93,5,1013.35,4,4,3,443,11,Champions
13468.0,1,64,12424.56,5,5,5,555,15,Champions
13469.0,562,1,82.4,1,1,1,111,3,Hibernating / Lost
13470.0,8,2,165.0,5,2,1,521,8,Promising / Potential
13472.0,372,2,592.24,1,2,3,123,6,Hibernating / Lost
13473.0,241,7,2476.38,3,4,4,344,11,Loyal Customers
13474.0,145,3,663.79,3,3,3,333,9,Loyal Customers
13475.0,100,4,1431.78,4,3,4,434,11,Loyal Customers
13476.0,87,5,2061.47,4,4,4,444,12,Champions
13477.0,47,9,2279.14,4,5,4,454,13,Champions
13478.0,378,5,2215.78,1,4,4,144,9,Can't Lose Them
13479.0,109,4,851.37,3,3,3,333,9,Loyal Customers
13480.0,325,2,627.82,2,2,3,223,7,About to Sleep
13481.0,17,10,3387.61,5,5,5,555,15,Champions
13482.0,141,2,336.09,3,2,2,322,7,Promising / Potential
13484.0,150,3,790.72,3,3,3,333,9,Loyal Customers
13485.0,142,11,3019.22,3,5,5,355,13,Loyal Customers
13486.0,37,2,819.61,4,2,3,423,9,Promising / Potential
13487.0,122,4,680.27,3,3,3,333,9,Loyal Customers
13488.0,29,19,13215.95,5,5,5,555,15,Champions
13489.0,14,4,449.52,5,3,2,532,10,Loyal Customers
13490.0,563,1,154.25,1,1,1,111,3,Hibernating / Lost
13491.0,56,26,4439.19,4,5,5,455,14,Champions
13492.0,45,3,1269.84,4,3,4,434,11,Loyal Customers
13493.0,184,2,618.63,3,2,3,323,8,Promising / Potential
13494.0,220,1,316.26,3,1,2,312,6,Others / Need Attention
13495.0,141,8,4401.82,3,5,5,355,13,Loyal Customers
13496.0,268,1,501.01,2,1,2,212,5,About to Sleep
13497.0,191,6,1320.33,3,4,4,344,11,Loyal Customers
13498.0,639,1,327.38,1,1,2,112,4,Hibernating / Lost
13499.0,134,2,463.79,3,2,2,322,7,Promising / Potential
13500.0,31,2,625.93,5,2,3,523,10,Promising / Potential
13501.0,197,3,2885.11,3,3,5,335,11,Loyal Customers
13502.0,183,4,677.66,3,3,3,333,9,Loyal Customers
13503.0,388,5,1688.54,1,4,4,144,9,Can't Lose Them
13505.0,75,3,2583.12,4,3,4,434,11,Loyal Customers
13506.0,225,5,1639.2,3,4,4,344,11,Loyal Customers
13507.0,7,3,2022.79,5,3,4,534,12,Loyal Customers
13508.0,152,2,287.05,3,2,2,322,7,Promising / Potential
13509.0,8,6,840.02,5,4,3,543,12,Champions
13510.0,4,9,3664.54,5,5,5,555,15,Champions
13511.0,585,1,282.76,1,1,2,112,4,Hibernating / Lost
13512.0,169,4,713.39,3,3,3,333,9,Loyal Customers
13513.0,35,3,824.59,5,3,3,533,11,Loyal Customers
13514.0,337,3,663.7,2,3,3,233,8,At Risk
13515.0,26,5,898.66,5,4,3,543,12,Champions
13516.0,147,2,441.85,3,2,2,322,7,Promising / Potential
13517.0,15,2,1612.18,5,2,4,524,11,Promising / Potential
13519.0,351,1,220.46,1,1,1,111,3,Hibernating / Lost
13520.0,46,10,6233.03,4,5,5,455,14,Champions
13523.0,108,4,3505.88,3,3,5,335,11,Loyal Customers
13524.0,10,3,408.86,5,3,2,532,10,Loyal Customers
13525.0,157,1,282.88,3,1,2,312,6,Others / Need Attention
13526.0,647,2,1182.0,1,2,4,124,7,Hibernating / Lost
13527.0,14,9,3762.65,5,5,5,555,15,Champions
13529.0,113,1,181.1,3,1,1,311,5,Others / Need Attention
13530.0,543,1,402.98,1,1,2,112,4,Hibernating / Lost
13531.0,114,6,1738.52,3,4,4,344,11,Loyal Customers
13533.0,91,3,270.79,4,3,1,431,8,Loyal Customers
13534.0,16,31,6222.35,5,5,5,555,15,Champions
13535.0,311,1,89.5,2,1,1,211,4,About to Sleep
13537.0,334,2,717.85,2,2,3,223,7,About to Sleep
13538.0,3,11,2822.63,5,5,5,555,15,Champions
13539.0,149,6,1253.67,3,4,4,344,11,Loyal Customers
13540.0,376,3,632.39,1,3,3,133,7,Others / Need Attention
13541.0,336,2,785.25,2,2,3,223,7,About to Sleep
13542.0,285,17,4006.17,2,5,5,255,12,At Risk
13543.0,543,2,1439.61,1,2,4,124,7,Hibernating / Lost
13544.0,149,5,660.5,3,4,3,343,10,Loyal Customers
13545.0,299,2,374.64,2,2,2,222,6,About to Sleep
13546.0,109,3,653.31,3,3,3,333,9,Loyal Customers
13547.0,317,1,175.53,2,1,1,211,4,About to Sleep
13548.0,5,3,908.99,5,3,3,533,11,Loyal Customers
13549.0,51,6,849.65,4,4,3,443,11,Champions
13550.0,292,1,349.51,2,1,2,212,5,About to Sleep
13551.0,228,2,244.2,3,2,1,321,6,Promising / Potential
13552.0,32,19,6001.76,5,5,5,555,15,Champions
13553.0,583,1,517.8,1,1,2,112,4,Hibernating / Lost
13554.0,289,7,1638.28,2,4,4,244,10,At Risk
13555.0,110,11,6439.96,3,5,5,355,13,Loyal Customers
13556.0,338,2,200.82,2,2,1,221,5,About to Sleep
13557.0,189,12,2688.88,3,5,4,354,12,Loyal Customers
13559.0,421,2,990.0,1,2,3,123,6,Hibernating / Lost
13561.0,124,11,1820.72,3,5,4,354,12,Loyal Customers
13562.0,50,7,4248.58,4,4,5,445,13,Champions
13563.0,49,1,310.88,4,1,2,412,7,New Customers
13564.0,53,37,17249.55,4,5,5,455,14,Champions
13565.0,243,2,284.76,3,2,2,322,7,Promising / Potential
13566.0,343,3,833.41,2,3,3,233,8,At Risk
13567.0,337,4,1083.69,2,3,3,233,8,At Risk
13568.0,82,1,192.85,4,1,1,411,6,New Customers
13569.0,276,3,638.35,2,3,3,233,8,At Risk
13570.0,152,1,239.49,3,1,1,311,5,Others / Need Attention
13571.0,1,21,3538.05,5,5,5,555,15,Champions
13572.0,114,1,1384.25,3,1,4,314,8,Others / Need Attention
13573.0,162,5,653.84,3,4,3,343,10,Loyal Customers
13574.0,320,1,421.25,2,1,2,212,5,About to Sleep
13575.0,42,2,218.75,4,2,1,421,7,Promising / Potential
13576.0,5,23,9675.34,5,5,5,555,15,Champions
13577.0,1,10,2995.48,5,5,5,555,15,Champions
13578.0,318,1,147.66,2,1,1,211,4,About to Sleep
13579.0,278,4,1236.7,2,3,4,234,9,At Risk
13580.0,315,1,107.75,2,1,1,211,4,About to Sleep
13581.0,218,2,280.53,3,2,2,322,7,Promising / Potential
13582.0,298,2,241.68,2,2,1,221,5,About to Sleep
13583.0,64,2,1445.03,4,2,4,424,10,Promising / Potential
13584.0,215,3,392.45,3,3,2,332,8,Loyal Customers
13585.0,439,3,684.54,1,3,3,133,7,Others / Need Attention
13586.0,450,1,131.53,1,1,1,111,3,Hibernating / Lost
13587.0,358,3,961.1,1,3,3,133,7,Others / Need Attention
13588.0,8,4,1420.72,5,3,4,534,12,Loyal Customers
13589.0,88,5,888.09,4,4,3,443,11,Champions
13590.0,59,16,5484.05,4,5,5,455,14,Champions
13591.0,113,6,1753.04,3,4,4,344,11,Loyal Customers
13592.0,114,3,205.51,3,3,1,331,7,Loyal Customers
13593.0,17,14,5523.69,5,5,5,555,15,Champions
13594.0,394,1,136.35,1,1,1,111,3,Hibernating / Lost
13595.0,425,3,818.22,1,3,3,133,7,Others / Need Attention
13597.0,309,2,396.71,2,2,2,222,6,About to Sleep
13598.0,404,4,609.42,1,3,3,133,7,Others / Need Attention
13599.0,65,20,7327.8,4,5,5,455,14,Champions
13600.0,221,2,518.42,3,2,2,322,7,Promising / Potential
13601.0,120,3,865.02,3,3,3,333,9,Loyal Customers
13602.0,290,3,596.28,2,3,3,233,8,At Risk
13604.0,567,1,717.62,1,1,3,113,5,Hibernating / Lost
13605.0,296,2,522.67,2,2,2,222,6,About to Sleep
13606.0,152,2,250.42,3,2,1,321,6,Promising / Potential
13607.0,311,1,400.3,2,1,2,212,5,About to Sleep
13608.0,449,1,236.2,1,1,1,111,3,Hibernating / Lost
13609.0,502,1,167.35,1,1,1,111,3,Hibernating / Lost
13610.0,19,12,1820.21,5,5,4,554,14,Champions
13611.0,79,9,2784.45,4,5,5,455,14,Champions
13612.0,541,1,818.29,1,1,3,113,5,Hibernating / Lost
13613.0,361,5,1039.85,1,4,3,143,8,Can't Lose Them
13614.0,73,4,1543.71,4,3,4,434,11,Loyal Customers
13615.0,227,8,6272.53,3,5,5,355,13,Loyal Customers
13616.0,477,2,288.1,1,2,2,122,5,Hibernating / Lost
13617.0,22,7,1100.27,5,4,3,543,12,Champions
13618.0,82,1,177.34,4,1,1,411,6,New Customers
13619.0,453,2,231.69,1,2,1,121,4,Hibernating / Lost
13620.0,437,1,112.34,1,1,1,111,3,Hibernating / Lost
13621.0,25,1,213.85,5,1,1,511,7,New Customers
13622.0,605,1,658.95,1,1,3,113,5,Hibernating / Lost
13623.0,119,9,2370.63,3,5,4,354,12,Loyal Customers
13624.0,297,1,462.08,2,1,2,212,5,About to Sleep
13625.0,505,1,301.26,1,1,2,112,4,Hibernating / Lost
13626.0,161,2,707.04,3,2,3,323,8,Promising / Potential
13627.0,85,5,1634.43,4,4,4,444,12,Champions
13628.0,585,1,310.14,1,1,2,112,4,Hibernating / Lost
13629.0,8,16,11296.86,5,5,5,555,15,Champions
13630.0,14,5,1361.46,5,4,4,544,13,Champions
13631.0,8,11,3070.42,5,5,5,555,15,Champions
13632.0,82,6,2341.48,4,4,4,444,12,Champions
13634.0,15,14,4282.08,5,5,5,555,15,Champions
13635.0,351,3,1928.13,1,3,4,134,8,Others / Need Attention
13636.0,31,4,646.55,5,3,3,533,11,Loyal Customers
13637.0,96,2,684.85,4,2,3,423,9,Promising / Potential
13639.0,345,1,312.93,2,1,2,212,5,About to Sleep
13640.0,520,1,405.0,1,1,2,112,4,Hibernating / Lost
13641.0,549,5,1016.47,1,4,3,143,8,Can't Lose Them
13642.0,124,4,514.72,3,3,2,332,8,Loyal Customers
13643.0,7,9,1896.73,5,5,4,554,14,Champions
13644.0,14,1,851.09,5,1,3,513,9,New Customers
13645.0,29,1,252.1,5,1,1,511,7,New Customers
13646.0,308,2,326.25,2,2,2,222,6,About to Sleep
13647.0,84,6,2197.42,4,4,4,444,12,Champions
13648.0,309,8,1764.02,2,5,4,254,11,At Risk
13649.0,165,6,1678.88,3,4,4,344,11,Loyal Customers
13650.0,116,6,2197.18,3,4,4,344,11,Loyal Customers
13651.0,290,1,132.65,2,1,1,211,4,About to Sleep
13652.0,165,4,2114.01,3,3,4,334,10,Loyal Customers
13653.0,396,1,152.2,1,1,1,111,3,Hibernating / Lost
13654.0,54,9,5314.94,4,5,5,455,14,Champions
13655.0,23,6,2280.51,5,4,4,544,13,Champions
13656.0,73,4,1078.85,4,3,3,433,10,Loyal Customers
13657.0,110,1,152.34,3,1,1,311,5,Others / Need Attention
13658.0,113,5,4319.63,3,4,5,345,12,Loyal Customers
13659.0,114,12,4894.88,3,5,5,355,13,Loyal Customers
13660.0,309,1,314.59,2,1,2,212,5,About to Sleep
13661.0,512,1,325.24,1,1,2,112,4,Hibernating / Lost
13662.0,121,10,1885.29,3,5,4,354,12,Loyal Customers
13663.0,88,5,2047.51,4,4,4,444,12,Champions
13665.0,295,3,1711.66,2,3,4,234,9,At Risk
13666.0,196,4,107.3,3,3,1,331,7,Loyal Customers
13667.0,58,1,305.02,4,1,2,412,7,New Customers
13668.0,22,30,11661.22,5,5,5,555,15,Champions
13669.0,58,2,243.15,4,2,1,421,7,Promising / Potential
13671.0,303,1,194.95,2,1,1,211,4,About to Sleep
13672.0,210,3,419.92,3,3,2,332,8,Loyal Customers
13674.0,341,1,240.68,2,1,1,211,4,About to Sleep
13675.0,60,2,486.82,4,2,2,422,8,Promising / Potential
13676.0,448,2,243.9,1,2,1,121,4,Hibernating / Lost
13677.0,313,2,556.19,2,2,2,222,6,About to Sleep
13678.0,60,1,232.6,4,1,1,411,6,New Customers
13679.0,402,3,281.26,1,3,2,132,6,Others / Need Attention
13680.0,246,10,10104.84,2,5,5,255,12,At Risk
13681.0,64,1,203.46,4,1,1,411,6,New Customers
13682.0,96,1,59.5,4,1,1,411,6,New Customers
13683.0,366,1,258.6,1,1,1,111,3,Hibernating / Lost
13684.0,194,4,596.98,3,3,3,333,9,Loyal Customers
13686.0,91,3,409.04,4,3,2,432,9,Loyal Customers
13687.0,347,1,11880.84,2,1,5,215,8,About to Sleep
13688.0,544,1,375.5,1,1,2,112,4,Hibernating / Lost
13689.0,353,1,349.5,1,1,2,112,4,Hibernating / Lost
13691.0,305,1,212.78,2,1,1,211,4,About to Sleep
13692.0,122,4,2497.66,3,3,4,334,10,Loyal Customers
13693.0,283,9,2011.82,2,5,4,254,11,At Risk
13694.0,16,132,177354.83,5,5,5,555,15,Champions
13695.0,7,13,2033.67,5,5,4,554,14,Champions
13696.0,330,3,2020.4,2,3,4,234,9,At Risk
13698.0,505,2,465.53,1,2,2,122,5,Hibernating / Lost
13699.0,64,2,764.15,4,2,3,423,9,Promising / Potential
13700.0,1,11,1999.6,5,5,4,554,14,Champions
13701.0,355,1,161.0,1,1,1,111,3,Hibernating / Lost
13702.0,354,1,135.18,1,1,1,111,3,Hibernating / Lost
13703.0,227,2,425.56,3,2,2,322,7,Promising / Potential
13705.0,53,6,1846.15,4,4,4,444,12,Champions
13706.0,211,2,631.17,3,2,3,323,8,Promising / Potential
13707.0,176,5,3365.86,3,4,5,345,12,Loyal Customers
13708.0,180,1,296.88,3,1,2,312,6,Others / Need Attention
13709.0,10,10,4202.91,5,5,5,555,15,Champions
13710.0,332,2,329.04,2,2,2,222,6,About to Sleep
13711.0,127,9,1792.26,3,5,4,354,12,Loyal Customers
13712.0,155,2,766.42,3,2,3,323,8,Promising / Potential
13713.0,317,3,743.26,2,3,3,233,8,At Risk
13714.0,374,1,161.35,1,1,1,111,3,Hibernating / Lost
13715.0,190,17,8483.29,3,5,5,355,13,Loyal Customers
13716.0,178,1,138.28,3,1,1,311,5,Others / Need Attention
13717.0,37,6,1274.28,4,4,4,444,12,Champions
13718.0,155,2,306.55,3,2,2,322,7,Promising / Potential
13719.0,114,8,2112.31,3,5,4,354,12,Loyal Customers
13720.0,25,4,799.9,5,3,3,533,11,Loyal Customers
13721.0,304,1,217.4,2,1,1,211,4,About to Sleep
13722.0,40,10,5635.41,4,5,5,455,14,Champions
13723.0,126,6,1209.2,3,4,4,344,11,Loyal Customers
13724.0,546,1,213.01,1,1,1,111,3,Hibernating / Lost
13725.0,78,7,1865.7,4,4,4,444,12,Champions
13726.0,9,1,292.68,5,1,2,512,8,New Customers
13727.0,520,6,746.57,1,4,3,143,8,Can't Lose Them
13728.0,16,15,2636.05,5,5,4,554,14,Champions
13729.0,344,3,724.73,2,3,3,233,8,At Risk
13730.0,44,2,752.6,4,2,3,423,9,Promising / Potential
13731.0,128,2,610.59,3,2,3,323,8,Promising / Potential
13733.0,319,2,487.03,2,2,2,222,6,About to Sleep
13734.0,417,4,6701.64,1,3,5,135,9,Others / Need Attention
13735.0,84,11,8337.67,4,5,5,455,14,Champions
13736.0,169,6,2391.84,3,4,4,344,11,Loyal Customers
13737.0,109,1,339.6,3,1,2,312,6,Others / Need Attention
13738.0,305,1,440.93,2,1,2,212,5,About to Sleep
13739.0,436,1,75.3,1,1,1,111,3,Hibernating / Lost
13740.0,149,5,1597.77,3,4,4,344,11,Loyal Customers
13741.0,92,2,363.13,4,2,2,422,8,Promising / Potential
13742.0,71,10,2648.72,4,5,4,454,13,Champions
13743.0,16,5,912.12,5,4,3,543,12,Champions
13744.0,4,2,1156.36,5,2,4,524,11,Promising / Potential
13745.0,71,2,777.36,4,2,3,423,9,Promising / Potential
13746.0,322,1,176.69,2,1,1,211,4,About to Sleep
13747.0,282,2,249.4,2,2,1,221,5,About to Sleep
13748.0,4,9,2268.35,5,5,4,554,14,Champions
13750.0,49,10,3271.55,4,5,5,455,14,Champions
13751.0,197,1,296.25,3,1,2,312,6,Others / Need Attention
13752.0,33,7,1590.73,5,4,4,544,13,Champions
13753.0,196,4,2094.57,3,3,4,334,10,Loyal Customers
13754.0,60,3,447.05,4,3,2,432,9,Loyal Customers
13756.0,2,17,6990.31,5,5,5,555,15,Champions
13757.0,583,1,195.55,1,1,1,111,3,Hibernating / Lost
13758.0,110,13,8577.95,3,5,5,355,13,Loyal Customers
13760.0,165,4,1211.94,3,3,4,334,10,Loyal Customers
13761.0,88,5,1373.23,4,4,4,444,12,Champions
13762.0,127,5,2472.48,3,4,4,344,11,Loyal Customers
13763.0,326,2,3502.48,2,2,5,225,9,About to Sleep
13764.0,53,5,2377.13,4,4,4,444,12,Champions
13765.0,562,1,352.82,1,1,2,112,4,Hibernating / Lost
13766.0,404,1,190.35,1,1,1,111,3,Hibernating / Lost
13767.0,17,64,27996.54,5,5,5,555,15,Champions
13768.0,635,2,875.97,1,2,3,123,6,Hibernating / Lost
13769.0,1,18,5180.53,5,5,5,555,15,Champions
13770.0,331,4,785.37,2,3,3,233,8,At Risk
13771.0,108,7,4559.22,3,4,5,345,12,Loyal Customers
13772.0,5,7,2668.31,5,4,4,544,13,Champions
13773.0,305,2,301.54,2,2,2,222,6,About to Sleep
13775.0,499,1,1049.66,1,1,3,113,5,Hibernating / Lost
13776.0,337,2,623.98,2,2,3,223,7,About to Sleep
13777.0,38,52,42861.5,4,5,5,455,14,Champions
13778.0,12,4,1124.49,5,3,3,533,11,Loyal Customers
13779.0,424,1,161.13,1,1,1,111,3,Hibernating / Lost
13780.0,79,2,492.09,4,2,2,422,8,Promising / Potential
13781.0,159,3,778.83,3,3,3,333,9,Loyal Customers
13782.0,33,10,1369.65,5,5,4,554,14,Champions
13783.0,396,4,1542.09,1,3,4,134,8,Others / Need Attention
13784.0,3,12,2571.59,5,5,4,554,14,Champions
13785.0,337,4,542.49,2,3,2,232,7,At Risk
13786.0,276,6,3358.94,2,4,5,245,11,At Risk
13787.0,273,5,1019.86,2,4,3,243,9,At Risk
13788.0,414,1,3.75,1,1,1,111,3,Hibernating / Lost
13789.0,297,1,239.46,2,1,1,211,4,About to Sleep
13791.0,36,2,1516.0,5,2,4,524,11,Promising / Potential
13792.0,196,2,263.0,3,2,1,321,6,Promising / Potential
13793.0,555,1,96.0,1,1,1,111,3,Hibernating / Lost
13794.0,455,1,126.03,1,1,1,111,3,Hibernating / Lost
13795.0,297,4,836.3,2,3,3,233,8,At Risk
13796.0,408,1,289.7,1,1,2,112,4,Hibernating / Lost
13797.0,345,3,1179.45,2,3,4,234,9,At Risk
13798.0,2,95,67844.16,5,5,5,555,15,Champions
13799.0,25,9,2803.57,5,5,5,555,15,Champions
13800.0,218,3,1679.56,3,3,4,334,10,Loyal Customers
13802.0,47,19,26259.11,4,5,5,455,14,Champions
13803.0,164,3,1338.91,3,3,4,334,10,Loyal Customers
13804.0,5,6,2116.14,5,4,4,544,13,Champions
13805.0,38,1,500.24,4,1,2,412,7,New Customers
13807.0,276,3,534.8,2,3,2,232,7,At Risk
13808.0,2,2,723.1,5,2,3,523,10,Promising / Potential
13809.0,214,3,679.7,3,3,3,333,9,Loyal Customers
13811.0,92,3,814.5,4,3,3,433,10,Loyal Customers
13812.0,14,1,278.74,5,1,2,512,8,New Customers
13813.0,43,5,1783.75,4,4,4,444,12,Champions
13814.0,1,3,2257.32,5,3,4,534,12,Loyal Customers
13815.0,81,6,6426.13,4,4,5,445,13,Champions
13817.0,260,1,128.7,2,1,1,211,4,About to Sleep
13818.0,338,1,61.28,2,1,1,211,4,About to Sleep
13819.0,210,6,2642.35,3,4,4,344,11,Loyal Customers
13820.0,327,3,660.65,2,3,3,233,8,At Risk
13821.0,53,6,1410.73,4,4,4,444,12,Champions
13823.0,0,6,3096.21,5,4,5,545,14,Champions
13824.0,44,11,3045.66,4,5,5,455,14,Champions
13825.0,530,2,255.59,1,2,1,121,4,Hibernating / Lost
13826.0,85,1,189.5,4,1,1,411,6,New Customers
13827.0,42,2,300.76,4,2,2,422,8,Promising / Potential
13829.0,330,1,102.0,2,1,1,211,4,About to Sleep
13830.0,490,1,156.85,1,1,1,111,3,Hibernating / Lost
13831.0,47,16,6275.98,4,5,5,455,14,Champions
13832.0,331,1,561.49,2,1,2,212,5,About to Sleep
13833.0,68,2,701.36,4,2,3,423,9,Promising / Potential
13834.0,485,2,324.19,1,2,2,122,5,Hibernating / Lost
13835.0,64,5,798.04,4,4,3,443,11,Champions
13836.0,308,2,620.37,2,2,3,223,7,About to Sleep
13837.0,120,2,271.24,3,2,2,322,7,Promising / Potential
13838.0,26,9,1753.95,5,5,4,554,14,Champions
13839.0,395,1,139.95,1,1,1,111,3,Hibernating / Lost
13840.0,325,1,651.4,2,1,3,213,6,About to Sleep
13841.0,161,1,85.0,3,1,1,311,5,Others / Need Attention
13842.0,64,16,4409.56,4,5,5,455,14,Champions
13843.0,290,1,319.75,2,1,2,212,5,About to Sleep
13846.0,151,3,1106.66,3,3,3,333,9,Loyal Customers
13847.0,628,1,310.72,1,1,2,112,4,Hibernating / Lost
13848.0,1,8,3335.0,5,5,5,555,15,Champions
13849.0,79,4,2524.93,4,3,4,434,11,Loyal Customers
13850.0,38,1,1595.48,4,1,4,414,9,New Customers
13851.0,4,8,4606.46,5,5,5,555,15,Champions
13852.0,519,1,187.35,1,1,1,111,3,Hibernating / Lost
13854.0,1,34,10613.6,5,5,5,555,15,Champions
13855.0,409,4,1310.34,1,3,4,134,8,Others / Need Attention
13856.0,77,11,1142.03,4,5,3,453,12,Champions
13857.0,302,6,1001.01,2,4,3,243,9,At Risk
13859.0,235,2,515.86,3,2,2,322,7,Promising / Potential
13861.0,338,2,273.26,2,2,2,222,6,About to Sleep
13862.0,17,7,2128.03,5,4,4,544,13,Champions
13863.0,156,4,1239.55,3,3,4,334,10,Loyal Customers
13864.0,295,1,662.4,2,1,3,213,6,About to Sleep
13865.0,45,3,383.34,4,3,2,432,9,Loyal Customers
13867.0,127,1,138.85,3,1,1,311,5,Others / Need Attention
13869.0,32,10,8111.57,5,5,5,555,15,Champions
13870.0,10,12,5120.61,5,5,5,555,15,Champions
13871.0,1,13,6095.24,5,5,5,555,15,Champions
13872.0,436,3,919.57,1,3,3,133,7,Others / Need Attention
13873.0,28,8,1038.92,5,5,3,553,13,Champions
13874.0,267,7,2049.15,2,4,4,244,10,At Risk
13875.0,42,13,4452.38,4,5,5,455,14,Champions
13877.0,379,2,332.44,1,2,2,122,5,Hibernating / Lost
13878.0,456,3,1191.53,1,3,4,134,8,Others / Need Attention
13879.0,554,1,395.5,1,1,2,112,4,Hibernating / Lost
13880.0,54,12,2852.65,4,5,5,455,14,Champions
13881.0,4,34,37418.26,5,5,5,555,15,Champions
13883.0,127,14,5628.32,3,5,5,355,13,Loyal Customers
13884.0,186,8,1297.13,3,5,4,354,12,Loyal Customers
13885.0,98,2,506.8,4,2,2,422,8,Promising / Potential
13887.0,113,1,349.55,3,1,2,312,6,Others / Need Attention
13888.0,28,7,2169.05,5,4,4,544,13,Champions
13889.0,1,6,1991.23,5,4,4,544,13,Champions
13890.0,16,6,1544.68,5,4,4,544,13,Champions
13891.0,287,3,863.56,2,3,3,233,8,At Risk
13892.0,155,3,689.2,3,3,3,333,9,Loyal Customers
13893.0,206,1,821.1,3,1,3,313,7,Others / Need Attention
13894.0,219,1,160.85,3,1,1,311,5,Others / Need Attention
13895.0,52,4,2352.75,4,3,4,434,11,Loyal Customers
13896.0,534,1,388.55,1,1,2,112,4,Hibernating / Lost
13897.0,347,2,849.56,2,2,3,223,7,About to Sleep
13898.0,234,2,686.4,3,2,3,323,8,Promising / Potential
13899.0,183,1,298.5,3,1,2,312,6,Others / Need Attention
13900.0,92,6,1610.59,4,4,4,444,12,Champions
13901.0,16,14,5461.42,5,5,5,555,15,Champions
13902.0,541,5,34095.26,1,4,5,145,10,Can't Lose Them
13903.0,309,1,165.45,2,1,1,211,4,About to Sleep
13904.0,203,1,201.12,3,1,1,311,5,Others / Need Attention
13905.0,641,1,312.65,1,1,2,112,4,Hibernating / Lost
13906.0,318,1,42.0,2,1,1,211,4,About to Sleep
13907.0,600,1,136.8,1,1,1,111,3,Hibernating / Lost
13908.0,35,3,1461.61,5,3,4,534,12,Loyal Customers
13909.0,332,2,286.6,2,2,2,222,6,About to Sleep
13911.0,53,19,4091.71,4,5,5,455,14,Champions
13912.0,332,1,124.95,2,1,1,211,4,About to Sleep
13913.0,415,1,42.22,1,1,1,111,3,Hibernating / Lost
13915.0,303,1,70.8,2,1,1,211,4,About to Sleep
13916.0,372,4,1275.81,1,3,4,134,8,Others / Need Attention
13917.0,100,1,65.38,4,1,1,411,6,New Customers
13918.0,162,1,198.2,3,1,1,311,5,Others / Need Attention
13919.0,30,3,1189.02,5,3,4,534,12,Loyal Customers
13920.0,340,4,1774.68,2,3,4,234,9,At Risk
13921.0,311,4,730.7,2,3,3,233,8,At Risk
13922.0,260,3,865.2,2,3,3,233,8,At Risk
13925.0,1,4,678.25,5,3,3,533,11,Loyal Customers
13927.0,346,1,359.27,2,1,2,212,5,About to Sleep
13928.0,15,2,225.45,5,2,1,521,8,Promising / Potential
13929.0,78,11,3494.1,4,5,5,455,14,Champions
13930.0,45,1,210.0,4,1,1,411,6,New Customers
13931.0,4,11,5257.38,5,5,5,555,15,Champions
13932.0,203,1,307.4,3,1,2,312,6,Others / Need Attention
13933.0,18,2,608.79,5,2,3,523,10,Promising / Potential
13934.0,172,1,922.1,3,1,3,313,7,Others / Need Attention
13935.0,505,3,6116.92,1,3,5,135,9,Others / Need Attention
13936.0,88,3,939.66,4,3,3,433,10,Loyal Customers
13937.0,78,2,880.13,4,2,3,423,9,Promising / Potential
13939.0,17,6,1382.62,5,4,4,544,13,Champions
13940.0,25,2,391.06,5,2,2,522,9,Promising / Potential
13941.0,80,13,8840.6,4,5,5,455,14,Champions
13942.0,443,1,320.0,1,1,2,112,4,Hibernating / Lost
13943.0,486,1,246.54,1,1,1,111,3,Hibernating / Lost
13944.0,562,1,200.43,1,1,1,111,3,Hibernating / Lost
13945.0,303,2,854.15,2,2,3,223,7,About to Sleep
13946.0,110,5,1800.63,3,4,4,344,11,Loyal Customers
13948.0,269,4,548.76,2,3,2,232,7,At Risk
13949.0,3,1,537.9,5,1,2,512,8,New Customers
13950.0,155,1,179.31,3,1,1,311,5,Others / Need Attention
13951.0,85,3,674.45,4,3,3,433,10,Loyal Customers
13952.0,126,14,12823.52,3,5,5,355,13,Loyal Customers
13953.0,24,10,5729.36,5,5,5,555,15,Champions
13955.0,63,3,545.17,4,3,2,432,9,Loyal Customers
13956.0,47,3,680.27,4,3,3,433,10,Loyal Customers
13957.0,326,3,458.25,2,3,2,232,7,At Risk
13958.0,288,8,4709.23,2,5,5,255,12,At Risk
13959.0,190,5,815.42,3,4,3,343,10,Loyal Customers
13961.0,301,1,538.4,2,1,2,212,5,About to Sleep
13962.0,154,2,310.85,3,2,2,322,7,Promising / Potential
13963.0,217,17,3011.87,3,5,5,355,13,Loyal Customers
13964.0,296,2,438.9,2,2,2,222,6,About to Sleep
13965.0,385,3,996.61,1,3,3,133,7,Others / Need Attention
13966.0,344,1,390.86,2,1,2,212,5,About to Sleep
13967.0,54,2,166.3,4,2,1,421,7,Promising / Potential
13968.0,332,1,123.66,2,1,1,211,4,About to Sleep
13969.0,16,28,8223.28,5,5,5,555,15,Champions
13970.0,295,2,846.55,2,2,3,223,7,About to Sleep
13971.0,15,12,3895.21,5,5,5,555,15,Champions
13972.0,110,1,145.9,3,1,1,311,5,Others / Need Attention
13973.0,196,1,264.7,3,1,1,311,5,Others / Need Attention
13974.0,491,1,264.13,1,1,1,111,3,Hibernating / Lost
13975.0,37,10,4330.27,4,5,5,455,14,Champions
13976.0,115,4,1192.36,3,3,4,334,10,Loyal Customers
13977.0,320,1,519.81,2,1,2,212,5,About to Sleep
13979.0,302,6,2546.36,2,4,4,244,10,At Risk
13980.0,348,4,599.78,2,3,3,233,8,At Risk
13981.0,324,1,331.14,2,1,2,212,5,About to Sleep
13982.0,72,8,3803.92,4,5,5,455,14,Champions
13983.0,96,17,6186.08,4,5,5,455,14,Champions
13984.0,35,11,1947.42,5,5,4,554,14,Champions
13985.0,16,14,5733.77,5,5,5,555,15,Champions
13987.0,288,2,682.54,2,2,3,223,7,About to Sleep
13988.0,71,5,2533.34,4,4,4,444,12,Champions
13989.0,148,4,1656.65,3,3,4,334,10,Loyal Customers
13990.0,122,1,311.3,3,1,2,312,6,Others / Need Attention
13991.0,52,1,126.35,4,1,1,411,6,New Customers
13992.0,289,2,142.7,2,2,1,221,5,About to Sleep
13993.0,9,16,5556.76,5,5,5,555,15,Champions
13994.0,14,2,419.56,5,2,2,522,9,Promising / Potential
13995.0,24,12,3380.22,5,5,5,555,15,Champions
13996.0,295,2,895.76,2,2,3,223,7,About to Sleep
13997.0,428,3,382.31,1,3,2,132,6,Others / Need Attention
13998.0,355,3,566.7,1,3,3,133,7,Others / Need Attention
13999.0,4,26,8469.42,5,5,5,555,15,Champions
14000.0,120,5,2046.34,3,4,4,344,11,Loyal Customers
14001.0,141,8,3796.15,3,5,5,355,13,Loyal Customers
14002.0,43,2,529.73,4,2,2,422,8,Promising / Potential
14003.0,641,1,209.41,1,1,1,111,3,Hibernating / Lost
14004.0,7,9,4879.07,5,5,5,555,15,Champions
14005.0,42,3,696.56,4,3,3,433,10,Loyal Customers
14006.0,24,7,2196.67,5,4,4,544,13,Champions
14007.0,421,1,79.48,1,1,1,111,3,Hibernating / Lost
14008.0,341,1,509.04,2,1,2,212,5,About to Sleep
14009.0,107,3,1099.91,3,3,3,333,9,Loyal Customers
14010.0,474,2,445.15,1,2,2,122,5,Hibernating / Lost
14011.0,389,2,457.82,1,2,2,122,5,Hibernating / Lost
14012.0,186,1,328.8,3,1,2,312,6,Others / Need Attention
14013.0,19,5,1084.57,5,4,3,543,12,Champions
14014.0,285,2,1443.03,2,2,4,224,8,About to Sleep
14016.0,70,11,11403.41,4,5,5,455,14,Champions
14017.0,480,1,229.75,1,1,1,111,3,Hibernating / Lost
14018.0,554,1,367.15,1,1,2,112,4,Hibernating / Lost
14019.0,7,2,800.53,5,2,3,523,10,Promising / Potential
14020.0,385,2,606.21,1,2,3,123,6,Hibernating / Lost
14021.0,64,7,1716.58,4,4,4,444,12,Champions
14022.0,134,2,792.15,3,2,3,323,8,Promising / Potential
14023.0,159,1,273.14,3,1,2,312,6,Others / Need Attention
14024.0,30,3,645.74,5,3,3,533,11,Loyal Customers
14025.0,373,8,4057.9,1,5,5,155,11,Can't Lose Them
14026.0,379,2,713.11,1,2,3,123,6,Hibernating / Lost
14028.0,459,3,10396.5,1,3,5,135,9,Others / Need Attention
14029.0,53,1,165.2,4,1,1,411,6,New Customers
14030.0,30,18,7559.7,5,5,5,555,15,Champions
14031.0,35,38,33339.34,5,5,5,555,15,Champions
14032.0,77,11,3720.05,4,5,5,455,14,Champions
14033.0,464,1,109.44,1,1,1,111,3,Hibernating / Lost
14034.0,66,2,473.91,4,2,2,422,8,Promising / Potential
14035.0,16,7,2265.96,5,4,4,544,13,Champions
14036.0,193,1,626.65,3,1,3,313,7,Others / Need Attention
14037.0,85,6,836.95,4,4,3,443,11,Champions
14038.0,53,4,2595.92,4,3,4,434,11,Loyal Customers
14039.0,484,1,115.08,1,1,1,111,3,Hibernating / Lost
14040.0,3,33,11778.96,5,5,5,555,15,Champions
14041.0,175,1,141.41,3,1,1,311,5,Others / Need Attention
14042.0,634,1,431.98,1,1,2,112,4,Hibernating / Lost
14043.0,400,2,304.25,1,2,2,122,5,Hibernating / Lost
14044.0,12,9,3012.39,5,5,5,555,15,Champions
14045.0,18,16,11313.03,5,5,5,555,15,Champions
14046.0,193,1,154.99,3,1,1,311,5,Others / Need Attention
14047.0,108,12,3582.34,3,5,5,355,13,Loyal Customers
14048.0,214,3,748.69,3,3,3,333,9,Loyal Customers
14049.0,67,12,10842.7,4,5,5,455,14,Champions
14050.0,15,1,485.98,5,1,2,512,8,New Customers
14051.0,0,30,16095.45,5,5,5,555,15,Champions
14052.0,299,1,255.45,2,1,1,211,4,About to Sleep
14053.0,33,4,572.3,5,4,3,543,12,Champions
14055.0,15,3,1520.96,5,3,4,534,12,Loyal Customers
14056.0,16,17,5382.51,5,5,5,555,15,Champions
14057.0,9,18,7002.86,5,5,5,555,15,Champions
14058.0,371,2,469.19,1,2,2,122,5,Hibernating / Lost
14059.0,175,1,183.6,3,1,1,311,5,Others / Need Attention
14060.0,17,25,7481.44,5,5,5,555,15,Champions
14061.0,416,3,917.43,1,3,3,133,7,Others / Need Attention
14062.0,0,22,23940.02,5,5,5,555,15,Champions
14063.0,347,9,22710.2,2,5,5,255,12,At Risk
14064.0,22,14,3076.36,5,5,5,555,15,Champions
14065.0,298,3,891.02,2,3,3,233,8,At Risk
14066.0,175,1,152.55,3,1,1,311,5,Others / Need Attention
14067.0,5,1,224.67,5,1,1,511,7,New Customers
14068.0,229,4,1528.37,3,4,4,344,11,Loyal Customers
14069.0,423,2,230.06,1,2,1,121,4,Hibernating / Lost
14070.0,593,1,326.55,1,1,2,112,4,Hibernating / Lost
14071.0,169,2,356.81,3,2,2,322,7,Promising / Potential
14072.0,575,1,390.85,1,1,2,112,4,Hibernating / Lost
14074.0,532,1,219.4,1,1,1,111,3,Hibernating / Lost
14075.0,170,4,1100.53,3,4,3,343,10,Loyal Customers
14076.0,38,1,122.47,4,1,1,411,6,New Customers
14077.0,91,4,426.06,4,4,2,442,10,Champions
14078.0,10,9,1692.63,5,5,4,554,14,Champions
14079.0,33,2,618.73,5,2,3,523,10,Promising / Potential
14080.0,322,4,1070.08,2,4,3,243,9,At Risk
14081.0,211,10,5370.1,3,5,5,355,13,Loyal Customers
14082.0,273,2,413.36,2,2,2,222,6,About to Sleep
14083.0,35,9,937.75,5,5,3,553,13,Champions
14084.0,421,1,150.5,1,1,1,111,3,Hibernating / Lost
14085.0,50,27,8904.62,4,5,5,455,14,Champions
14086.0,371,1,39.95,1,1,1,111,3,Hibernating / Lost
14087.0,313,2,651.8,2,2,3,223,7,About to Sleep
14088.0,37,10,39052.88,4,5,5,455,14,Champions
14090.0,233,1,76.32,3,1,1,311,5,Others / Need Attention
14091.0,563,2,9530.08,1,2,5,125,8,Hibernating / Lost
14092.0,8,20,5897.96,5,5,5,555,15,Champions
14094.0,348,1,335.22,2,1,2,212,5,About to Sleep
14095.0,631,1,2.95,1,1,1,111,3,Hibernating / Lost
14096.0,0,3,244.68,5,3,1,531,9,Loyal Customers
14097.0,390,2,422.86,1,2,2,122,5,Hibernating / Lost
14099.0,29,17,4971.46,5,5,5,555,15,Champions
14100.0,46,1,194.9,4,1,1,411,6,New Customers
14101.0,51,12,8929.53,4,5,5,455,14,Champions
14104.0,63,5,771.58,4,4,3,443,11,Champions
14105.0,148,5,5988.83,3,4,5,345,12,Loyal Customers
14106.0,646,1,214.8,1,1,1,111,3,Hibernating / Lost
14107.0,5,10,4636.01,5,5,5,555,15,Champions
14108.0,10,3,738.38,5,3,3,533,11,Loyal Customers
14110.0,28,26,10564.42,5,5,5,555,15,Champions
14111.0,4,3,295.5,5,3,2,532,10,Loyal Customers
14112.0,39,10,4820.26,4,5,5,455,14,Champions
14113.0,263,13,5685.69,2,5,5,255,12,At Risk
14114.0,182,7,1364.09,3,4,4,344,11,Loyal Customers
14115.0,410,2,622.67,1,2,3,123,6,Hibernating / Lost
14116.0,1,2,628.87,5,2,3,523,10,Promising / Potential
14117.0,52,1,90.0,4,1,1,411,6,New Customers
14118.0,337,1,458.45,2,1,2,212,5,About to Sleep
14119.0,284,2,183.37,2,2,1,221,5,About to Sleep
14122.0,315,3,362.42,2,3,2,232,7,At Risk
14123.0,642,1,436.18,1,1,2,112,4,Hibernating / Lost
14126.0,353,1,466.33,1,1,2,112,4,Hibernating / Lost
14127.0,31,6,1900.08,5,4,4,544,13,Champions
14128.0,164,2,592.25,3,2,3,323,8,Promising / Potential
14129.0,4,7,2193.71,5,4,4,544,13,Champions
14130.0,228,4,1882.67,3,4,4,344,11,Loyal Customers
14131.0,557,1,187.87,1,1,1,111,3,Hibernating / Lost
14132.0,22,5,1552.46,5,4,4,544,13,Champions
14133.0,38,4,911.14,4,4,3,443,11,Champions
14134.0,291,15,11123.35,2,5,5,255,12,At Risk
14135.0,14,19,8143.93,5,5,5,555,15,Champions
14136.0,309,5,1570.81,2,4,4,244,10,At Risk
14137.0,604,1,332.7,1,1,2,112,4,Hibernating / Lost
14139.0,399,3,670.98,1,3,3,133,7,Others / Need Attention
14141.0,14,1,285.16,5,1,2,512,8,New Customers
14142.0,282,2,983.15,2,2,3,223,7,About to Sleep
14143.0,42,1,115.8,4,1,1,411,6,New Customers
14144.0,395,1,30.6,1,1,1,111,3,Hibernating / Lost
14145.0,65,6,6709.05,4,4,5,445,13,Champions
14146.0,163,9,7163.03,3,5,5,355,13,Loyal Customers
14147.0,194,8,2289.6,3,5,4,354,12,Loyal Customers
14148.0,142,2,466.29,3,2,2,322,7,Promising / Potential
14149.0,129,1,446.62,3,1,2,312,6,Others / Need Attention
14150.0,268,1,306.18,2,1,2,212,5,About to Sleep
14151.0,582,2,679.45,1,2,3,123,6,Hibernating / Lost
14152.0,143,6,1690.56,3,4,4,344,11,Loyal Customers
14153.0,392,1,233.4,1,1,1,111,3,Hibernating / Lost
14154.0,148,8,6460.7,3,5,5,355,13,Loyal Customers
14155.0,175,1,118.75,3,1,1,311,5,Others / Need Attention
14156.0,2,143,295425.08,5,5,5,555,15,Champions
14157.0,194,4,847.07,3,4,3,343,10,Loyal Customers
14159.0,4,16,6004.89,5,5,5,555,15,Champions
14160.0,519,7,8421.47,1,4,5,145,10,Can't Lose Them
14161.0,124,7,3318.88,3,4,5,345,12,Loyal Customers
14162.0,82,2,289.36,4,2,2,422,8,Promising / Potential
14163.0,61,4,1808.1,4,4,4,444,12,Champions
14165.0,184,1,122.54,3,1,1,311,5,Others / Need Attention
14166.0,414,2,256.85,1,2,1,121,4,Hibernating / Lost
14167.0,74,7,1123.75,4,4,3,443,11,Champions
14168.0,329,2,370.45,2,2,2,222,6,About to Sleep
14169.0,339,2,624.43,2,2,3,223,7,About to Sleep
14170.0,284,3,597.33,2,3,3,233,8,At Risk
14171.0,7,2,498.79,5,2,2,522,9,Promising / Potential
14172.0,514,3,402.72,1,3,2,132,6,Others / Need Attention
14173.0,128,3,249.2,3,3,1,331,7,Loyal Customers
14175.0,80,7,5662.57,4,4,5,445,13,Champions
14176.0,206,5,916.01,3,4,3,343,10,Loyal Customers
14177.0,4,12,1979.34,5,5,4,554,14,Champions
14178.0,7,3,493.36,5,3,2,532,10,Loyal Customers
14180.0,0,30,5829.65,5,5,5,555,15,Champions
14181.0,319,2,310.55,2,2,2,222,6,About to Sleep
14182.0,352,4,678.77,1,4,3,143,8,Can't Lose Them
14183.0,320,2,286.29,2,2,2,222,6,About to Sleep
14185.0,240,1,197.65,3,1,1,311,5,Others / Need Attention
14186.0,336,5,1550.63,2,4,4,244,10,At Risk
14187.0,382,1,123.5,1,1,1,111,3,Hibernating / Lost
14188.0,18,4,1383.46,5,4,4,544,13,Champions
14189.0,5,12,4428.23,5,5,5,555,15,Champions
14190.0,575,1,79.9,1,1,1,111,3,Hibernating / Lost
14191.0,17,9,2391.16,5,5,4,554,14,Champions
14192.0,297,1,293.74,2,1,2,212,5,About to Sleep
14193.0,178,2,779.34,3,2,3,323,8,Promising / Potential
14194.0,15,27,12987.52,5,5,5,555,15,Champions
14195.0,110,6,2615.6,3,4,4,344,11,Loyal Customers
14196.0,15,1,335.52,5,1,2,512,8,New Customers
14197.0,319,1,390.05,2,1,2,212,5,About to Sleep
14198.0,54,7,1225.28,4,4,4,444,12,Champions
14199.0,127,4,1091.7,3,4,3,343,10,Loyal Customers
14200.0,526,1,379.2,1,1,2,112,4,Hibernating / Lost
14201.0,58,8,967.34,4,5,3,453,12,Champions
14202.0,290,3,847.76,2,3,3,233,8,At Risk
14203.0,306,1,339.34,2,1,2,212,5,About to Sleep
14204.0,331,3,901.93,2,3,3,233,8,At Risk
14205.0,173,8,2170.4,3,5,4,354,12,Loyal Customers
14206.0,148,3,1185.01,3,3,4,334,10,Loyal Customers
14207.0,596,1,157.8,1,1,1,111,3,Hibernating / Lost
14208.0,3,2,567.05,5,2,3,523,10,Promising / Potential
14209.0,30,14,4796.17,5,5,5,555,15,Champions
14210.0,14,16,5861.52,5,5,5,555,15,Champions
14211.0,5,15,3291.12,5,5,5,555,15,Champions
14212.0,354,1,1119.66,1,1,3,113,5,Hibernating / Lost
14213.0,313,1,1192.2,2,1,4,214,7,About to Sleep
14214.0,65,3,899.16,4,3,3,433,10,Loyal Customers
14215.0,95,7,2724.88,4,4,5,445,13,Champions
14216.0,323,1,310.74,2,1,2,212,5,About to Sleep
14217.0,8,16,2623.41,5,5,4,554,14,Champions
14219.0,318,2,543.89,2,2,2,222,6,About to Sleep
14220.0,156,4,1515.0,3,4,4,344,11,Loyal Customers
14221.0,22,15,5701.7,5,5,5,555,15,Champions
14222.0,86,1,683.17,4,1,3,413,8,New Customers
14223.0,1,3,991.13,5,3,3,533,11,Loyal Customers
14224.0,19,9,1897.9,5,5,4,554,14,Champions
14225.0,343,4,2037.02,2,4,4,244,10,At Risk
14226.0,119,3,2479.74,3,3,4,334,10,Loyal Customers
14227.0,105,12,5417.27,4,5,5,455,14,Champions
14228.0,346,3,745.5,2,3,3,233,8,At Risk
14229.0,200,6,1808.97,3,4,4,344,11,Loyal Customers
14230.0,344,3,979.8,2,3,3,233,8,At Risk
14231.0,92,4,1235.62,4,4,4,444,12,Champions
14232.0,24,4,1573.33,5,4,4,544,13,Champions
14233.0,120,6,2400.65,3,4,4,344,11,Loyal Customers
14235.0,66,8,4375.99,4,5,5,455,14,Champions
14236.0,281,4,1443.08,2,4,4,244,10,At Risk
14237.0,282,2,632.14,2,2,3,223,7,About to Sleep
14238.0,235,3,434.23,3,3,2,332,8,Loyal Customers
14239.0,3,19,3763.21,5,5,5,555,15,Champions
14240.0,134,2,584.0,3,2,3,323,8,Promising / Potential
14241.0,92,2,333.7,4,2,2,422,8,Promising / Potential
14242.0,143,2,280.55,3,2,2,322,7,Promising / Potential
14243.0,4,15,7148.23,5,5,5,555,15,Champions
14244.0,569,1,366.42,1,1,2,112,4,Hibernating / Lost
14245.0,128,2,1693.45,3,2,4,324,9,Promising / Potential
14246.0,19,3,1474.06,5,3,4,534,12,Loyal Customers
14247.0,187,5,772.66,3,4,3,343,10,Loyal Customers
14248.0,227,3,1032.95,3,3,3,333,9,Loyal Customers
14249.0,319,12,5625.46,2,5,5,255,12,At Risk
14252.0,290,1,350.99,2,1,2,212,5,About to Sleep
14253.0,402,2,363.4,1,2,2,122,5,Hibernating / Lost
14254.0,341,1,601.03,2,1,3,213,6,About to Sleep
14255.0,455,1,1000.63,1,1,3,113,5,Hibernating / Lost
14256.0,169,5,2473.99,3,4,4,344,11,Loyal Customers
14257.0,32,8,5580.57,5,5,5,555,15,Champions
14258.0,60,23,28767.68,4,5,5,455,14,Champions
14259.0,50,1,120.0,4,1,1,411,6,New Customers
14260.0,380,3,824.28,1,3,3,133,7,Others / Need Attention
14262.0,16,3,855.0,5,3,3,533,11,Loyal Customers
14263.0,332,1,322.93,2,1,2,212,5,About to Sleep
14264.0,63,6,1517.36,4,4,4,444,12,Champions
14265.0,18,4,1373.35,5,4,4,544,13,Champions
14266.0,337,1,40.56,2,1,1,211,4,About to Sleep
14267.0,71,3,1516.24,4,3,4,434,11,Loyal Customers
14268.0,379,1,354.85,1,1,2,112,4,Hibernating / Lost
14269.0,348,1,295.73,2,1,2,212,5,About to Sleep
14270.0,240,1,492.65,3,1,2,312,6,Others / Need Attention
14271.0,134,2,219.13,3,2,1,321,6,Promising / Potential
14272.0,163,3,614.94,3,3,3,333,9,Loyal Customers
14273.0,45,3,450.05,4,3,2,432,9,Loyal Customers
14274.0,595,1,256.6,1,1,1,111,3,Hibernating / Lost
14275.0,304,6,1189.38,2,4,4,244,10,At Risk
14276.0,7,7,2102.68,5,4,4,544,13,Champions
14277.0,121,7,14647.04,3,4,5,345,12,Loyal Customers
14278.0,318,1,205.83,2,1,1,211,4,About to Sleep
14279.0,429,2,191.86,1,2,1,121,4,Hibernating / Lost
14280.0,105,1,134.04,4,1,1,411,6,New Customers
14281.0,317,1,245.15,2,1,1,211,4,About to Sleep
14282.0,18,19,6615.76,5,5,5,555,15,Champions
14283.0,372,4,628.44,1,4,3,143,8,Can't Lose Them
14284.0,562,1,704.4,1,1,3,113,5,Hibernating / Lost
14285.0,85,5,1380.31,4,4,4,444,12,Champions
14286.0,151,5,5901.09,3,4,5,345,12,Loyal Customers
14287.0,107,2,83.28,3,2,1,321,6,Promising / Potential
14288.0,122,1,426.6,3,1,2,312,6,Others / Need Attention
14289.0,43,5,832.78,4,4,3,443,11,Champions
14290.0,270,4,2979.47,2,4,5,245,11,At Risk
14291.0,29,19,6376.39,5,5,5,555,15,Champions
14292.0,54,11,6944.53,4,5,5,455,14,Champions
14293.0,56,8,2960.78,4,5,5,455,14,Champions
14294.0,316,1,375.34,2,1,2,212,5,About to Sleep
14295.0,347,4,2196.71,2,4,4,244,10,At Risk
14296.0,330,2,456.4,2,2,2,222,6,About to Sleep
14297.0,183,1,232.6,3,1,1,311,5,Others / Need Attention
14298.0,8,75,80849.7,5,5,5,555,15,Champions
14299.0,16,23,12971.01,5,5,5,555,15,Champions
14301.0,26,4,1992.18,5,4,4,544,13,Champions
14302.0,339,3,742.9,2,3,3,233,8,At Risk
14303.0,316,2,277.94,2,2,2,222,6,About to Sleep
14304.0,131,3,1725.01,3,3,4,334,10,Loyal Customers
14305.0,22,2,1048.45,5,2,3,523,10,Promising / Potential
14306.0,287,4,1058.08,2,4,3,243,9,At Risk
14307.0,43,8,4383.2,4,5,5,455,14,Champions
14308.0,458,2,1147.02,1,2,3,123,6,Hibernating / Lost
14309.0,2,9,3061.98,5,5,5,555,15,Champions
14310.0,341,1,492.1,2,1,2,212,5,About to Sleep
14311.0,151,2,516.45,3,2,2,322,7,Promising / Potential
14312.0,0,10,2525.89,5,5,4,554,14,Champions
14314.0,15,2,229.8,5,2,1,521,8,Promising / Potential
14315.0,38,7,2266.84,4,4,4,444,12,Champions
14316.0,331,5,1370.34,2,4,4,244,10,At Risk
14318.0,369,1,158.02,1,1,1,111,3,Hibernating / Lost
14319.0,333,1,494.85,2,1,2,212,5,About to Sleep
14320.0,115,5,1346.75,3,4,4,344,11,Loyal Customers
14321.0,25,5,1587.96,5,4,4,544,13,Champions
14322.0,338,4,474.1,2,4,2,242,8,At Risk
14323.0,23,2,605.06,5,2,3,523,10,Promising / Potential
14324.0,318,2,701.61,2,2,3,223,7,About to Sleep
14325.0,478,1,245.48,1,1,1,111,3,Hibernating / Lost
14326.0,151,3,940.98,3,3,3,333,9,Loyal Customers
14327.0,72,6,1894.93,4,4,4,444,12,Champions
14328.0,347,1,445.05,2,1,2,212,5,About to Sleep
14329.0,17,12,8397.41,5,5,5,555,15,Champions
14330.0,532,1,200.63,1,1,1,111,3,Hibernating / Lost
14331.0,33,2,462.66,5,2,2,522,9,Promising / Potential
14332.0,56,3,1196.24,4,3,4,434,11,Loyal Customers
14334.0,2,11,4094.98,5,5,5,555,15,Champions
14335.0,5,1,359.25,5,1,2,512,8,New Customers
14336.0,107,3,1114.39,3,3,3,333,9,Loyal Customers
14338.0,70,3,928.1,4,3,3,433,10,Loyal Customers
14339.0,151,2,620.27,3,2,3,323,8,Promising / Potential
14340.0,127,1,134.7,3,1,1,311,5,Others / Need Attention
14341.0,39,16,3424.56,4,5,5,455,14,Champions
14342.0,46,4,669.62,4,4,3,443,11,Champions
14343.0,330,4,1088.91,2,4,3,243,9,At Risk
14344.0,36,20,3333.7,5,5,5,555,15,Champions
14346.0,29,5,2315.75,5,4,4,544,13,Champions
14347.0,645,1,82.6,1,1,1,111,3,Hibernating / Lost
14348.0,169,1,409.57,3,1,2,312,6,Others / Need Attention
14350.0,183,3,972.03,3,3,3,333,9,Loyal Customers
14351.0,73,1,51.0,4,1,1,411,6,New Customers
14352.0,66,4,1078.96,4,4,3,443,11,Champions
14353.0,124,3,376.5,3,3,2,332,8,Loyal Customers
14355.0,274,3,1014.45,2,3,3,233,8,At Risk
14358.0,298,2,400.06,2,2,2,222,6,About to Sleep
14360.0,3,1,1134.69,5,1,3,513,9,New Customers
14361.0,487,1,214.71,1,1,1,111,3,Hibernating / Lost
14363.0,311,2,227.47,2,2,1,221,5,About to Sleep
14364.0,17,8,3717.35,5,5,5,555,15,Champions
14365.0,303,2,634.68,2,2,3,223,7,About to Sleep
14366.0,434,1,136.0,1,1,1,111,3,Hibernating / Lost
14367.0,46,10,5448.45,4,5,5,455,14,Champions
14368.0,228,1,155.0,3,1,1,311,5,Others / Need Attention
14369.0,551,2,469.13,1,2,2,122,5,Hibernating / Lost
14370.0,359,6,1175.78,1,4,4,144,9,Can't Lose Them
14371.0,204,1,100.5,3,1,1,311,5,Others / Need Attention
14372.0,352,2,860.08,1,2,3,123,6,Hibernating / Lost
14373.0,267,1,76.55,2,1,1,211,4,About to Sleep
14374.0,450,1,108.0,1,1,1,111,3,Hibernating / Lost
14375.0,94,3,1132.99,4,3,3,433,10,Loyal Customers
14376.0,592,1,215.46,1,1,1,111,3,Hibernating / Lost
14377.0,100,2,617.05,4,2,3,423,9,Promising / Potential
14378.0,530,1,131.25,1,1,1,111,3,Hibernating / Lost
14379.0,204,3,1031.79,3,3,3,333,9,Loyal Customers
14380.0,591,1,48.96,1,1,1,111,3,Hibernating / Lost
14381.0,360,1,428.66,1,1,2,112,4,Hibernating / Lost
14382.0,299,1,620.73,2,1,3,213,6,About to Sleep
14383.0,72,1,242.09,4,1,1,411,6,New Customers
14384.0,409,1,58.5,1,1,1,111,3,Hibernating / Lost
14386.0,205,1,142.4,3,1,1,311,5,Others / Need Attention
14387.0,18,1,440.76,5,1,2,512,8,New Customers
14388.0,0,14,5765.93,5,5,5,555,15,Champions
14389.0,99,4,1165.69,4,4,4,444,12,Champions
14390.0,53,8,3339.67,4,5,5,455,14,Champions
14391.0,485,1,135.6,1,1,1,111,3,Hibernating / Lost
14392.0,341,1,266.4,2,1,1,211,4,About to Sleep
14393.0,127,1,67.95,3,1,1,311,5,Others / Need Attention
14394.0,473,1,93.8,1,1,1,111,3,Hibernating / Lost
14395.0,86,17,6666.52,4,5,5,455,14,Champions
14396.0,280,6,1744.29,2,4,4,244,10,At Risk
14397.0,2,10,1036.12,5,5,3,553,13,Champions
14398.0,310,2,707.79,2,2,3,223,7,About to Sleep
14399.0,303,8,2113.16,2,5,4,254,11,At Risk
14400.0,58,3,1732.47,4,3,4,434,11,Loyal Customers
14401.0,4,19,5823.8,5,5,5,555,15,Champions
14402.0,561,1,285.6,1,1,2,112,4,Hibernating / Lost
14403.0,39,6,1880.51,4,4,4,444,12,Champions
14404.0,17,12,2772.31,5,5,5,555,15,Champions
14405.0,295,1,195.0,2,1,1,211,4,About to Sleep
14406.0,28,1,156.75,5,1,1,511,7,New Customers
14407.0,16,6,2157.73,5,4,4,544,13,Champions
14408.0,3,10,3801.55,5,5,5,555,15,Champions
14409.0,31,8,3640.37,5,5,5,555,15,Champions
14410.0,1,11,2651.14,5,5,4,554,14,Champions
14411.0,219,1,1063.0,3,1,3,313,7,Others / Need Attention
14412.0,333,1,656.16,2,1,3,213,6,About to Sleep
14413.0,271,4,770.37,2,4,3,243,9,At Risk
14414.0,0,8,2399.33,5,5,4,554,14,Champions
14415.0,7,19,9993.0,5,5,5,555,15,Champions
14417.0,296,1,604.2,2,1,3,213,6,About to Sleep
14418.0,17,1,150.44,5,1,1,511,7,New Customers
14419.0,161,3,510.41,3,3,2,332,8,Loyal Customers
14420.0,8,4,1639.17,5,4,4,544,13,Champions
14421.0,120,5,2111.44,3,4,4,344,11,Loyal Customers
14422.0,79,15,7040.03,4,5,5,455,14,Champions
14423.0,127,3,916.61,3,3,3,333,9,Loyal Customers
14425.0,343,3,661.39,2,3,3,233,8,At Risk
14426.0,49,13,10131.85,4,5,5,455,14,Champions
14427.0,403,2,900.18,1,2,3,123,6,Hibernating / Lost
14428.0,148,2,330.62,3,2,2,322,7,Promising / Potential
14429.0,312,1,516.28,2,1,2,212,5,About to Sleep
14430.0,420,3,1220.9,1,3,4,134,8,Others / Need Attention
14431.0,211,4,2614.2,3,4,4,344,11,Loyal Customers
14433.0,374,1,289.6,1,1,2,112,4,Hibernating / Lost
14435.0,410,1,90.42,1,1,1,111,3,Hibernating / Lost
14436.0,7,2,271.7,5,2,2,522,9,Promising / Potential
14437.0,274,5,958.84,2,4,3,243,9,At Risk
14438.0,215,1,131.9,3,1,1,311,5,Others / Need Attention
14439.0,228,5,9443.04,3,4,5,345,12,Loyal Customers
14440.0,225,10,5466.76,3,5,5,355,13,Loyal Customers
14441.0,3,9,3596.2,5,5,5,555,15,Champions
14442.0,113,7,5367.02,3,4,5,345,12,Loyal Customers
14443.0,47,4,1957.79,4,4,4,444,12,Champions
14444.0,365,1,132.04,1,1,1,111,3,Hibernating / Lost
14445.0,364,1,221.65,1,1,1,111,3,Hibernating / Lost
14446.0,155,2,504.77,3,2,2,322,7,Promising / Potential
14447.0,105,3,1149.53,4,3,4,434,11,Loyal Customers
14448.0,273,1,102.35,2,1,1,211,4,About to Sleep
14449.0,155,6,1977.0,3,4,4,344,11,Loyal Customers
14450.0,89,7,1128.44,4,4,3,443,11,Champions
14451.0,103,11,3006.18,4,5,5,455,14,Champions
14452.0,2,3,528.52,5,3,2,532,10,Loyal Customers
14453.0,99,1,119.93,4,1,1,411,6,New Customers
14454.0,285,5,977.3,2,4,3,243,9,At Risk
14455.0,341,4,628.21,2,4,3,243,9,At Risk
14456.0,40,3,636.65,4,3,3,433,10,Loyal Customers
14457.0,219,1,113.64,3,1,1,311,5,Others / Need Attention
14458.0,289,1,237.42,2,1,1,211,4,About to Sleep
14459.0,64,2,5375.74,4,2,5,425,11,Promising / Potential
14460.0,19,9,1093.5,5,5,3,553,13,Champions
14461.0,57,13,6713.5,4,5,5,455,14,Champions
14462.0,29,10,1800.09,5,5,4,554,14,Champions
14463.0,7,4,786.57,5,4,3,543,12,Champions
14464.0,477,2,111.0,1,2,1,121,4,Hibernating / Lost
14465.0,155,11,3946.03,3,5,5,355,13,Loyal Customers
14466.0,24,11,3954.95,5,5,5,555,15,Champions
14467.0,221,9,1753.93,3,5,4,354,12,Loyal Customers
14468.0,642,1,204.24,1,1,1,111,3,Hibernating / Lost
14469.0,325,4,2112.21,2,4,4,244,10,At Risk
14470.0,196,2,548.49,3,2,2,322,7,Promising / Potential
14471.0,500,2,400.95,1,2,2,122,5,Hibernating / Lost
14472.0,12,9,2228.22,5,5,4,554,14,Champions
14473.0,191,1,85.0,3,1,1,311,5,Others / Need Attention
14474.0,488,1,730.42,1,1,3,113,5,Hibernating / Lost
14475.0,95,3,847.47,4,3,3,433,10,Loyal Customers
14476.0,166,1,215.7,3,1,1,311,5,Others / Need Attention
14477.0,93,5,1183.0,4,4,4,444,12,Champions
14478.0,291,4,1276.66,2,4,4,244,10,At Risk
14479.0,162,4,1299.11,3,4,4,344,11,Loyal Customers
14480.0,311,3,1020.47,2,3,3,233,8,At Risk
14481.0,73,5,2311.49,4,4,4,444,12,Champions
14482.0,8,8,2755.71,5,5,5,555,15,Champions
14483.0,190,2,257.1,3,2,1,321,6,Promising / Potential
14484.0,310,3,749.06,2,3,3,233,8,At Risk
14486.0,420,2,175.5,1,2,1,121,4,Hibernating / Lost
14487.0,277,2,382.38,2,2,2,222,6,About to Sleep
14489.0,116,4,1574.93,3,4,4,344,11,Loyal Customers
14490.0,315,2,1273.47,2,2,4,224,8,About to Sleep
14491.0,84,2,468.13,4,2,2,422,8,Promising / Potential
14492.0,339,7,1921.91,2,4,4,244,10,At Risk
14493.0,64,6,3358.13,4,4,5,445,13,Champions
14494.0,310,2,261.9,2,2,1,221,5,About to Sleep
14495.0,30,2,91.6,5,2,1,521,8,Promising / Potential
14496.0,220,7,2668.23,3,4,4,344,11,Loyal Customers
14497.0,218,2,697.06,3,2,3,323,8,Promising / Potential
14498.0,25,9,3235.74,5,5,5,555,15,Champions
14499.0,42,6,1694.61,4,4,4,444,12,Champions
14500.0,21,2,335.85,5,2,2,522,9,Promising / Potential
14501.0,92,2,251.21,4,2,1,421,7,Promising / Potential
14502.0,58,7,1176.01,4,4,4,444,12,Champions
14503.0,87,1,597.07,4,1,3,413,8,New Customers
14504.0,152,3,542.71,3,3,2,332,8,Loyal Customers
14505.0,18,17,10351.84,5,5,5,555,15,Champions
14506.0,71,5,2110.16,4,4,4,444,12,Champions
14507.0,10,9,2825.94,5,5,5,555,15,Champions
14508.0,285,3,598.52,2,3,3,233,8,At Risk
14509.0,443,1,110.95,1,1,1,111,3,Hibernating / Lost
14510.0,284,3,1007.28,2,3,3,233,8,At Risk
14511.0,1,2,329.89,5,2,2,522,9,Promising / Potential
14512.0,96,7,1223.47,4,4,4,444,12,Champions
14513.0,9,6,788.01,5,4,3,543,12,Champions
14514.0,110,8,3946.74,3,5,5,355,13,Loyal Customers
14515.0,100,8,2412.82,4,5,4,454,13,Champions
14516.0,425,1,163.92,1,1,1,111,3,Hibernating / Lost
14517.0,50,1,252.45,4,1,1,411,6,New Customers
14519.0,592,2,206.09,1,2,1,121,4,Hibernating / Lost
14520.0,199,1,165.0,3,1,1,311,5,Others / Need Attention
14521.0,400,1,199.45,1,1,1,111,3,Hibernating / Lost
14522.0,1,6,1544.78,5,4,4,544,13,Champions
14523.0,17,1,241.09,5,1,1,511,7,New Customers
14524.0,87,9,2118.75,4,5,4,454,13,Champions
14525.0,9,15,6834.58,5,5,5,555,15,Champions
14526.0,298,1,262.4,2,1,1,211,4,About to Sleep
14527.0,7,107,24564.9,5,5,5,555,15,Champions
14529.0,19,1,135.24,5,1,1,511,7,New Customers
14530.0,2,15,5817.61,5,5,5,555,15,Champions
14531.0,388,1,376.34,1,1,2,112,4,Hibernating / Lost
14532.0,145,11,3859.18,3,5,5,355,13,Loyal Customers
14533.0,21,6,2251.63,5,4,4,544,13,Champions
14534.0,4,22,4859.75,5,5,5,555,15,Champions
14535.0,36,8,4820.45,5,5,5,555,15,Champions
14536.0,168,1,171.8,3,1,1,311,5,Others / Need Attention
14537.0,532,1,285.84,1,1,2,112,4,Hibernating / Lost
14538.0,165,4,1089.09,3,4,3,343,10,Loyal Customers
14540.0,218,9,2994.98,3,5,5,355,13,Loyal Customers
14541.0,77,13,2353.68,4,5,4,454,13,Champions
14542.0,94,1,103.25,4,1,1,411,6,New Customers
14543.0,17,36,14541.54,5,5,5,555,15,Champions
14544.0,270,2,2079.9,2,2,4,224,8,About to Sleep
14545.0,583,1,349.25,1,1,2,112,4,Hibernating / Lost
14546.0,110,8,3494.69,3,5,5,355,13,Loyal Customers
14548.0,59,9,2627.49,4,5,4,454,13,Champions
14549.0,220,4,916.55,3,4,3,343,10,Loyal Customers
14550.0,297,2,587.69,2,2,3,223,7,About to Sleep
14551.0,113,6,819.24,3,4,3,343,10,Loyal Customers
14552.0,60,3,511.28,4,3,2,432,9,Loyal Customers
14553.0,127,6,1294.59,3,4,4,344,11,Loyal Customers
14555.0,211,5,2189.43,3,4,4,344,11,Loyal Customers
14556.0,505,3,835.34,1,3,3,133,7,Others / Need Attention
14558.0,563,3,655.5,1,3,3,133,7,Others / Need Attention
14559.0,299,1,75.6,2,1,1,211,4,About to Sleep
14560.0,3,37,5441.46,5,5,5,555,15,Champions
14561.0,71,2,566.99,4,2,3,423,9,Promising / Potential
14562.0,1,15,3994.51,5,5,5,555,15,Champions
14563.0,418,2,679.44,1,2,3,123,6,Hibernating / Lost
14564.0,343,2,2605.62,2,2,4,224,8,About to Sleep
14565.0,4,5,3859.22,5,4,5,545,14,Champions
14566.0,19,4,4092.0,5,4,5,545,14,Champions
14567.0,39,1,800.76,4,1,3,413,8,New Customers
14568.0,344,1,919.7,2,1,3,213,6,About to Sleep
14569.0,361,3,371.59,1,3,2,132,6,Others / Need Attention
14570.0,189,3,613.75,3,3,3,333,9,Loyal Customers
14571.0,334,1,161.65,2,1,1,211,4,About to Sleep
14572.0,19,9,4871.78,5,5,5,555,15,Champions
14573.0,88,13,2621.42,4,5,4,454,13,Champions
14574.0,641,1,143.7,1,1,1,111,3,Hibernating / Lost
14575.0,397,1,460.71,1,1,2,112,4,Hibernating / Lost
14576.0,281,1,70.8,2,1,1,211,4,About to Sleep
14577.0,72,6,1161.18,4,4,4,444,12,Champions
14579.0,341,1,105.56,2,1,1,211,4,About to Sleep
14580.0,427,1,14.85,1,1,1,111,3,Hibernating / Lost
14581.0,453,1,295.2,1,1,2,112,4,Hibernating / Lost
14583.0,53,7,1516.12,4,4,4,444,12,Champions
14584.0,78,8,1747.91,4,5,4,454,13,Champions
14585.0,291,4,986.22,2,4,3,243,9,At Risk
14586.0,185,1,237.36,3,1,1,311,5,Others / Need Attention
14587.0,93,8,1473.53,4,5,4,454,13,Champions
14588.0,487,1,135.39,1,1,1,111,3,Hibernating / Lost
14589.0,280,1,79.5,2,1,1,211,4,About to Sleep
14590.0,333,20,3006.62,2,5,5,255,12,At Risk
14591.0,122,1,250.22,3,1,1,311,5,Others / Need Attention
14593.0,107,11,3433.61,3,5,5,355,13,Loyal Customers
14594.0,282,1,510.0,2,1,2,212,5,About to Sleep
14595.0,222,3,587.65,3,3,3,333,9,Loyal Customers
14596.0,535,1,229.47,1,1,1,111,3,Hibernating / Lost
14597.0,100,5,1483.49,4,4,4,444,12,Champions
14598.0,478,1,162.07,1,1,1,111,3,Hibernating / Lost
14599.0,299,2,474.54,2,2,2,222,6,About to Sleep
14600.0,214,2,865.17,3,2,3,323,8,Promising / Potential
14602.0,565,1,205.36,1,1,1,111,3,Hibernating / Lost
14603.0,183,1,660.0,3,1,3,313,7,Others / Need Attention
14604.0,542,1,143.86,1,1,1,111,3,Hibernating / Lost
14605.0,283,4,937.16,2,4,3,243,9,At Risk
14606.0,2,170,28268.6,5,5,5,555,15,Champions
14607.0,170,9,8063.13,3,5,5,355,13,Loyal Customers
14608.0,271,8,1771.79,2,5,4,254,11,At Risk
14609.0,52,9,1371.0,4,5,4,454,13,Champions
14610.0,304,2,24.35,2,2,1,221,5,About to Sleep
14611.0,352,2,604.33,1,2,3,123,6,Hibernating / Lost
14612.0,324,1,877.7,2,1,3,213,6,About to Sleep
14613.0,589,1,76.32,1,1,1,111,3,Hibernating / Lost
14614.0,295,1,295.13,2,1,2,212,5,About to Sleep
14615.0,303,5,951.76,2,4,3,243,9,At Risk
14616.0,151,5,527.78,3,4,2,342,9,Loyal Customers
14617.0,311,2,190.47,2,2,1,221,5,About to Sleep
14618.0,246,5,1000.68,2,4,3,243,9,At Risk
14619.0,154,2,1291.24,3,2,4,324,9,Promising / Potential
14620.0,114,2,412.78,3,2,2,322,7,Promising / Potential
14621.0,65,7,2215.12,4,4,4,444,12,Champions
14622.0,93,1,320.58,4,1,2,412,7,New Customers
14623.0,25,8,1779.04,5,5,4,554,14,Champions
14624.0,324,4,588.22,2,4,3,243,9,At Risk
14625.0,105,11,4497.88,4,5,5,455,14,Champions
14626.0,31,9,4190.94,5,5,5,555,15,Champions
14627.0,288,1,462.75,2,1,2,212,5,About to Sleep
14628.0,0,5,1998.0,5,4,4,544,13,Champions
14630.0,393,1,338.65,1,1,2,112,4,Hibernating / Lost
14631.0,144,5,1648.79,3,4,4,344,11,Loyal Customers
14632.0,171,1,114.56,3,1,1,311,5,Others / Need Attention
14633.0,175,1,344.9,3,1,2,312,6,Others / Need Attention
14634.0,346,4,2124.46,2,4,4,244,10,At Risk
14635.0,362,1,215.22,1,1,1,111,3,Hibernating / Lost
14636.0,177,1,300.19,3,1,2,312,6,Others / Need Attention
14637.0,586,1,106.68,1,1,1,111,3,Hibernating / Lost
14639.0,29,7,3983.7,5,4,5,545,14,Champions
14640.0,36,8,3043.04,5,5,5,555,15,Champions
14643.0,79,5,1679.89,4,4,4,444,12,Champions
14644.0,207,6,1604.46,3,4,4,344,11,Loyal Customers
14645.0,65,3,876.89,4,3,3,433,10,Loyal Customers
14646.0,1,120,426699.12,5,5,5,555,15,Champions
14647.0,110,2,519.97,3,2,2,322,7,Promising / Potential
14648.0,325,15,4546.86,2,5,5,255,12,At Risk
14649.0,121,7,2942.24,3,4,5,345,12,Loyal Customers
14650.0,498,1,62.5,1,1,1,111,3,Hibernating / Lost
14651.0,120,8,1795.84,3,5,4,354,12,Loyal Customers
14653.0,247,6,2011.8,2,4,4,244,10,At Risk
14654.0,647,1,246.86,1,1,1,111,3,Hibernating / Lost
14655.0,131,4,2756.84,3,4,5,345,12,Loyal Customers
14656.0,78,5,814.65,4,4,3,443,11,Champions
14657.0,64,5,1251.59,4,4,4,444,12,Champions
14658.0,26,1,123.14,5,1,1,511,7,New Customers
14659.0,54,6,1641.55,4,4,4,444,12,Champions
14660.0,9,1,128.95,5,1,1,511,7,New Customers
14662.0,143,6,1170.02,3,4,4,344,11,Loyal Customers
14663.0,339,2,490.6,2,2,2,222,6,About to Sleep
14665.0,205,5,1645.61,3,4,4,344,11,Loyal Customers
14667.0,3,47,18756.96,5,5,5,555,15,Champions
14668.0,354,1,111.63,1,1,1,111,3,Hibernating / Lost
14669.0,150,7,3243.93,3,4,5,345,12,Loyal Customers
14670.0,189,3,602.0,3,3,3,333,9,Loyal Customers
14671.0,458,2,1127.45,1,2,3,123,6,Hibernating / Lost
14672.0,143,4,1113.14,3,4,3,343,10,Loyal Customers
14673.0,276,3,2047.9,2,3,4,234,9,At Risk
14674.0,418,1,173.66,1,1,1,111,3,Hibernating / Lost
14675.0,297,1,462.15,2,1,2,212,5,About to Sleep
14676.0,56,10,7499.47,4,5,5,455,14,Champions
14677.0,501,1,184.91,1,1,1,111,3,Hibernating / Lost
14678.0,488,1,403.39,1,1,2,112,4,Hibernating / Lost
14679.0,290,3,1289.44,2,3,4,234,9,At Risk
14680.0,4,56,54081.22,5,5,5,555,15,Champions
14681.0,120,4,770.15,3,4,3,343,10,Loyal Customers
14682.0,96,6,1514.81,4,4,4,444,12,Champions
14683.0,497,1,146.56,1,1,1,111,3,Hibernating / Lost
14684.0,124,3,751.53,3,3,3,333,9,Loyal Customers
14685.0,485,8,4619.79,1,5,5,155,11,Can't Lose Them
14686.0,323,5,885.83,2,4,3,243,9,At Risk
14687.0,15,3,1402.06,5,3,4,534,12,Loyal Customers
14688.0,1,23,6290.32,5,5,5,555,15,Champions
14689.0,117,1,112.8,3,1,1,311,5,Others / Need Attention
14690.0,60,3,639.34,4,3,3,433,10,Loyal Customers
14691.0,5,2,1274.68,5,2,4,524,11,Promising / Potential
14692.0,46,12,1745.09,4,5,4,454,13,Champions
14693.0,173,7,1165.36,3,4,4,344,11,Loyal Customers
14694.0,526,1,244.31,1,1,1,111,3,Hibernating / Lost
14695.0,428,3,1620.07,1,3,4,134,8,Others / Need Attention
14696.0,28,6,2147.49,5,4,4,544,13,Champions
14697.0,127,2,188.61,3,2,1,321,6,Promising / Potential
14699.0,123,4,702.6,3,4,3,343,10,Loyal Customers
14700.0,98,4,2438.56,4,4,4,444,12,Champions
14701.0,81,13,3971.0,4,5,5,455,14,Champions
14702.0,25,21,5149.78,5,5,5,555,15,Champions
14704.0,51,4,487.82,4,4,2,442,10,Champions
14705.0,107,1,179.0,3,1,1,311,5,Others / Need Attention
14706.0,527,1,390.69,1,1,2,112,4,Hibernating / Lost
14707.0,344,2,139.2,2,2,1,221,5,About to Sleep
14708.0,63,4,1787.09,4,4,4,444,12,Champions
14709.0,2,21,7918.03,5,5,5,555,15,Champions
14710.0,288,9,1316.46,2,5,4,254,11,At Risk
14711.0,0,9,2365.42,5,5,4,554,14,Champions
14712.0,21,2,526.72,5,2,2,522,9,Promising / Potential
14713.0,8,19,4782.12,5,5,5,555,15,Champions
14714.0,316,3,746.05,2,3,3,233,8,At Risk
14715.0,3,7,1567.82,5,4,4,544,13,Champions
14716.0,57,2,424.33,4,2,2,422,8,Promising / Potential
14717.0,642,1,81.3,1,1,1,111,3,Hibernating / Lost
14718.0,319,1,226.42,2,1,1,211,4,About to Sleep
14719.0,88,2,488.12,4,2,2,422,8,Promising / Potential
14720.0,35,1,155.8,5,1,1,511,7,New Customers
14721.0,288,1,115.77,2,1,1,211,4,About to Sleep
14722.0,56,3,513.37,4,3,2,432,9,Loyal Customers
14723.0,267,8,1405.76,2,5,4,254,11,At Risk
14724.0,499,1,345.25,1,1,2,112,4,Hibernating / Lost
14725.0,303,3,597.16,2,3,3,233,8,At Risk
14726.0,563,1,124.75,1,1,1,111,3,Hibernating / Lost
14727.0,183,3,467.93,3,3,2,332,8,Loyal Customers
14728.0,322,1,190.58,2,1,1,211,4,About to Sleep
14729.0,282,3,907.38,2,3,3,233,8,At Risk
14730.0,16,5,904.21,5,4,3,543,12,Champions
14731.0,114,2,251.02,3,2,1,321,6,Promising / Potential
14732.0,52,16,4432.88,4,5,5,455,14,Champions
14733.0,19,14,15643.26,5,5,5,555,15,Champions
14734.0,334,4,1056.42,2,4,3,243,9,At Risk
14735.0,8,47,9770.18,5,5,5,555,15,Champions
14736.0,394,2,401.08,1,2,2,122,5,Hibernating / Lost
14737.0,37,3,3471.37,4,3,5,435,12,Loyal Customers
14738.0,42,7,1265.1,4,4,4,444,12,Champions
14739.0,3,22,10632.8,5,5,5,555,15,Champions
14740.0,106,11,4161.06,4,5,5,455,14,Champions
14741.0,22,5,1362.21,5,4,4,544,13,Champions
14742.0,344,1,579.85,2,1,3,213,6,About to Sleep
14743.0,501,1,50.48,1,1,1,111,3,Hibernating / Lost
14744.0,206,12,3713.13,3,5,5,355,13,Loyal Customers
14745.0,21,12,2571.81,5,5,4,554,14,Champions
14746.0,315,4,593.5,2,4,3,243,9,At Risk
14747.0,158,1,328.2,3,1,2,312,6,Others / Need Attention
14748.0,32,9,2855.34,5,5,5,555,15,Champions
14749.0,388,1,310.15,1,1,2,112,4,Hibernating / Lost
14750.0,645,1,112.03,1,1,1,111,3,Hibernating / Lost
14751.0,593,2,126.45,1,2,1,121,4,Hibernating / Lost
14753.0,369,1,306.36,1,1,2,112,4,Hibernating / Lost
14754.0,204,5,1140.7,3,4,3,343,10,Loyal Customers
14755.0,21,21,7829.95,5,5,5,555,15,Champions
14756.0,291,2,1914.8,2,2,4,224,8,About to Sleep
14758.0,53,7,2864.97,4,4,5,445,13,Champions
14759.0,21,2,870.85,5,2,3,523,10,Promising / Potential
14760.0,206,1,89.2,3,1,1,311,5,Others / Need Attention
14761.0,243,2,289.52,3,2,2,322,7,Promising / Potential
14762.0,172,2,417.57,3,2,2,322,7,Promising / Potential
14765.0,21,2,95.5,5,2,1,521,8,Promising / Potential
14766.0,77,9,5614.08,4,5,5,455,14,Champions
14767.0,383,1,382.81,1,1,2,112,4,Hibernating / Lost
14768.0,36,1,133.2,5,1,1,511,7,New Customers
14769.0,17,15,11585.07,5,5,5,555,15,Champions
14770.0,141,8,3637.64,3,5,5,355,13,Loyal Customers
14771.0,530,2,594.62,1,2,3,123,6,Hibernating / Lost
14772.0,21,1,139.26,5,1,1,511,7,New Customers
14773.0,501,1,140.55,1,1,1,111,3,Hibernating / Lost
14774.0,437,1,241.45,1,1,1,111,3,Hibernating / Lost
14775.0,46,2,1108.02,4,2,3,423,9,Promising / Potential
14776.0,14,12,3032.22,5,5,5,555,15,Champions
14777.0,312,1,307.56,2,1,2,212,5,About to Sleep
14778.0,36,2,730.86,5,2,3,523,10,Promising / Potential
14779.0,189,3,386.15,3,3,2,332,8,Loyal Customers
14782.0,228,1,200.1,3,1,1,311,5,Others / Need Attention
14783.0,568,1,307.3,1,1,2,112,4,Hibernating / Lost
14784.0,232,2,274.62,3,2,2,322,7,Promising / Potential
14786.0,459,1,90.96,1,1,1,111,3,Hibernating / Lost
14787.0,380,1,110.65,1,1,1,111,3,Hibernating / Lost
14788.0,505,1,476.88,1,1,2,112,4,Hibernating / Lost
14790.0,28,8,2145.6,5,5,4,554,14,Champions
14791.0,515,1,303.63,1,1,2,112,4,Hibernating / Lost
14793.0,444,1,396.91,1,1,2,112,4,Hibernating / Lost
14794.0,112,7,1313.53,3,4,4,344,11,Loyal Customers
14795.0,75,1,131.45,4,1,1,411,6,New Customers
14796.0,3,24,9460.52,5,5,5,555,15,Champions
14797.0,416,1,300.31,1,1,2,112,4,Hibernating / Lost
14798.0,53,7,647.97,4,4,3,443,11,Champions
14799.0,646,1,180.45,1,1,1,111,3,Hibernating / Lost
14800.0,18,14,7275.02,5,5,5,555,15,Champions
14802.0,347,2,1502.98,2,2,4,224,8,About to Sleep
14803.0,71,3,845.55,4,3,3,433,10,Loyal Customers
14805.0,222,4,659.24,3,4,3,343,10,Loyal Customers
14806.0,348,1,110.04,2,1,1,211,4,About to Sleep
14807.0,299,2,519.29,2,2,2,222,6,About to Sleep
14808.0,53,6,1846.31,4,4,4,444,12,Champions
14809.0,530,2,686.76,1,2,3,123,6,Hibernating / Lost
14810.0,12,12,2318.47,5,5,4,554,14,Champions
14811.0,296,1,170.5,2,1,1,211,4,About to Sleep
14812.0,507,1,185.8,1,1,1,111,3,Hibernating / Lost
14813.0,278,4,1090.87,2,4,3,243,9,At Risk
14814.0,490,1,160.46,1,1,1,111,3,Hibernating / Lost
14816.0,106,1,271.85,4,1,2,412,7,New Customers
14817.0,109,7,3959.86,3,4,5,345,12,Loyal Customers
14818.0,78,5,922.24,4,4,3,443,11,Champions
14819.0,101,3,282.81,4,3,2,432,9,Loyal Customers
14820.0,82,6,907.24,4,4,3,443,11,Champions
14821.0,275,7,1286.45,2,4,4,244,10,At Risk
14822.0,394,1,157.7,1,1,1,111,3,Hibernating / Lost
14823.0,89,3,321.43,4,3,2,432,9,Loyal Customers
14824.0,0,7,3337.11,5,4,5,545,14,Champions
14825.0,36,19,4037.54,5,5,5,555,15,Champions
14826.0,490,2,385.2,1,2,2,122,5,Hibernating / Lost
14828.0,105,13,9839.46,4,5,5,455,14,Champions
14829.0,93,6,1526.92,4,4,4,444,12,Champions
14831.0,589,3,1676.57,1,3,4,134,8,Others / Need Attention
14832.0,539,1,322.69,1,1,2,112,4,Hibernating / Lost
14833.0,407,1,94.8,1,1,1,111,3,Hibernating / Lost
14834.0,29,3,915.16,5,3,3,533,11,Loyal Customers
14835.0,437,2,297.0,1,2,2,122,5,Hibernating / Lost
14837.0,14,8,3156.38,5,5,5,555,15,Champions
14838.0,332,2,773.67,2,2,3,223,7,About to Sleep
14839.0,327,3,915.28,2,3,3,233,8,At Risk
14840.0,176,2,362.71,3,2,2,322,7,Promising / Potential
14841.0,88,12,6242.81,4,5,5,455,14,Champions
14842.0,4,3,1901.52,5,3,4,534,12,Loyal Customers
14843.0,345,1,211.8,2,1,1,211,4,About to Sleep
14844.0,32,9,5770.3,5,5,5,555,15,Champions
14845.0,508,1,150.0,1,1,1,111,3,Hibernating / Lost
14846.0,336,1,437.4,2,1,2,212,5,About to Sleep
14847.0,57,3,1348.95,4,3,4,434,11,Loyal Customers
14848.0,313,1,310.56,2,1,2,212,5,About to Sleep
14849.0,4,35,13617.44,5,5,5,555,15,Champions
14850.0,220,7,1794.01,3,4,4,344,11,Loyal Customers
14851.0,165,2,524.19,3,2,2,322,7,Promising / Potential
14852.0,5,17,5498.91,5,5,5,555,15,Champions
14853.0,120,4,1115.57,3,4,3,343,10,Loyal Customers
14854.0,42,10,3864.66,4,5,5,455,14,Champions
14855.0,28,7,6520.3,5,4,5,545,14,Champions
14857.0,57,6,3001.25,4,4,5,445,13,Champions
14858.0,414,1,180.75,1,1,1,111,3,Hibernating / Lost
14859.0,113,2,648.76,3,2,3,323,8,Promising / Potential
14861.0,289,9,1254.94,2,5,4,254,11,At Risk
14862.0,57,1,304.1,4,1,2,412,7,New Customers
14865.0,281,3,114.72,2,3,1,231,6,At Risk
14866.0,14,11,7624.22,5,5,5,555,15,Champions
14867.0,94,16,2952.06,4,5,5,455,14,Champions
14868.0,29,8,2527.49,5,5,4,554,14,Champions
14869.0,12,5,2469.85,5,4,4,544,13,Champions
14870.0,170,6,1838.95,3,4,4,344,11,Loyal Customers
14871.0,87,8,1091.34,4,5,3,453,12,Champions
14872.0,392,3,816.6,1,3,3,133,7,Others / Need Attention
14873.0,119,2,854.13,3,2,3,323,8,Promising / Potential
14874.0,444,1,116.18,1,1,1,111,3,Hibernating / Lost
14875.0,16,3,2862.4,5,3,5,535,13,Loyal Customers
14876.0,430,2,256.7,1,2,1,121,4,Hibernating / Lost
14877.0,327,2,437.0,2,2,2,222,6,About to Sleep
14878.0,82,22,3702.72,4,5,5,455,14,Champions
14879.0,593,1,185.06,1,1,1,111,3,Hibernating / Lost
14880.0,94,2,363.27,4,2,2,422,8,Promising / Potential
14882.0,299,12,3038.45,2,5,5,255,12,At Risk
14883.0,72,2,358.48,4,2,2,422,8,Promising / Potential
14884.0,578,1,120.6,1,1,1,111,3,Hibernating / Lost
14885.0,40,3,1598.12,4,3,4,434,11,Loyal Customers
14886.0,161,1,364.8,3,1,2,312,6,Others / Need Attention
14888.0,116,1,369.2,3,1,2,312,6,Others / Need Attention
14889.0,245,1,135.9,3,1,1,311,5,Others / Need Attention
14890.0,162,3,817.25,3,3,3,333,9,Loyal Customers
14891.0,57,4,1106.73,4,4,3,443,11,Champions
14892.0,599,1,202.35,1,1,1,111,3,Hibernating / Lost
14893.0,526,1,571.76,1,1,3,113,5,Hibernating / Lost
14894.0,352,2,837.06,1,2,3,123,6,Hibernating / Lost
14895.0,0,31,21955.62,5,5,5,555,15,Champions
14896.0,113,8,2092.42,3,5,4,354,12,Loyal Customers
14897.0,205,5,1949.66,3,4,4,344,11,Loyal Customers
14898.0,43,13,3215.59,4,5,5,455,14,Champions
14899.0,304,1,1384.88,2,1,4,214,7,About to Sleep
14900.0,431,1,13.92,1,1,1,111,3,Hibernating / Lost
14901.0,10,8,1690.48,5,5,4,554,14,Champions
14902.0,304,2,702.96,2,2,3,223,7,About to Sleep
14903.0,33,4,2411.82,5,4,4,544,13,Champions
14904.0,317,2,615.2,2,2,3,223,7,About to Sleep
14905.0,66,8,1971.39,4,5,4,454,13,Champions
14906.0,354,1,68.44,1,1,1,111,3,Hibernating / Lost
14907.0,8,14,5272.87,5,5,5,555,15,Champions
14908.0,372,1,104.1,1,1,1,111,3,Hibernating / Lost
14909.0,346,3,1404.68,2,3,4,234,9,At Risk
14911.0,2,309,234125.25,5,5,5,555,15,Champions
14912.0,155,5,1504.19,3,4,4,344,11,Loyal Customers
14913.0,92,7,3762.85,4,4,5,445,13,Champions
14915.0,0,11,1811.25,5,5,4,554,14,Champions
14916.0,2,7,2741.73,5,4,5,545,14,Champions
14917.0,505,2,1123.75,1,2,3,123,6,Hibernating / Lost
14918.0,24,9,5955.81,5,5,5,555,15,Champions
14919.0,448,1,359.35,1,1,2,112,4,Hibernating / Lost
14920.0,121,3,1607.17,3,3,4,334,10,Loyal Customers
14921.0,110,1,903.01,3,1,3,313,7,Others / Need Attention
14922.0,302,2,843.74,2,2,3,223,7,About to Sleep
14924.0,154,3,931.01,3,3,3,333,9,Loyal Customers
14926.0,290,2,359.4,2,2,2,222,6,About to Sleep
14927.0,305,1,308.2,2,1,2,212,5,About to Sleep
14928.0,536,1,223.91,1,1,1,111,3,Hibernating / Lost
14929.0,330,1,612.81,2,1,3,213,6,About to Sleep
14930.0,17,6,5246.63,5,4,5,545,14,Champions
14931.0,115,2,586.0,3,2,3,323,8,Promising / Potential
14932.0,274,2,1029.66,2,2,3,223,7,About to Sleep
14933.0,352,4,1770.0,1,4,4,144,9,Can't Lose Them
14934.0,191,4,2441.4,3,4,4,344,11,Loyal Customers
14935.0,206,2,2849.83,3,2,5,325,10,Promising / Potential
14936.0,17,7,9346.67,5,4,5,545,14,Champions
14937.0,39,1,759.56,4,1,3,413,8,New Customers
14938.0,471,2,2322.43,1,2,4,124,7,Hibernating / Lost
14940.0,326,2,531.49,2,2,2,222,6,About to Sleep
14941.0,487,1,182.1,1,1,1,111,3,Hibernating / Lost
14942.0,310,4,746.56,2,4,3,243,9,At Risk
14943.0,572,1,107.62,1,1,1,111,3,Hibernating / Lost
14944.0,3,14,7048.61,5,5,5,555,15,Champions
14945.0,322,1,179.4,2,1,1,211,4,About to Sleep
14947.0,39,5,937.47,4,4,3,443,11,Champions
14948.0,7,4,639.23,5,4,3,543,12,Champions
14949.0,378,4,515.0,1,4,2,142,7,Can't Lose Them
14952.0,115,28,13064.47,3,5,5,355,13,Loyal Customers
14953.0,327,3,723.95,2,3,3,233,8,At Risk
14954.0,612,1,167.27,1,1,1,111,3,Hibernating / Lost
14955.0,641,1,163.77,1,1,1,111,3,Hibernating / Lost
14956.0,330,1,1325.0,2,1,4,214,7,About to Sleep
14957.0,162,2,333.29,3,2,2,322,7,Promising / Potential
14958.0,56,6,957.94,4,4,3,443,11,Champions
14959.0,18,3,537.32,5,3,2,532,10,Loyal Customers
14960.0,80,1,88.3,4,1,1,411,6,New Customers
14961.0,0,20,14283.4,5,5,5,555,15,Champions
14962.0,179,4,366.91,3,4,2,342,9,Loyal Customers
14963.0,92,8,1970.88,4,5,4,454,13,Champions
14964.0,156,1,206.21,3,1,1,311,5,Others / Need Attention
14965.0,5,2,599.0,5,2,3,523,10,Promising / Potential
14966.0,296,5,924.52,2,4,3,243,9,At Risk
14967.0,350,5,1518.81,1,4,4,144,9,Can't Lose Them
14968.0,367,1,357.4,1,1,2,112,4,Hibernating / Lost
14969.0,612,1,906.23,1,1,3,113,5,Hibernating / Lost
14970.0,46,11,4447.04,4,5,5,455,14,Champions
14972.0,37,2,145.07,4,2,1,421,7,Promising / Potential
14973.0,16,3,1314.45,5,3,4,534,12,Loyal Customers
14975.0,330,1,192.45,2,1,1,211,4,About to Sleep
14976.0,10,4,559.96,5,4,2,542,11,Champions
14977.0,634,1,31.93,1,1,1,111,3,Hibernating / Lost
14978.0,144,9,2748.0,3,5,5,355,13,Loyal Customers
14979.0,644,1,439.46,1,1,2,112,4,Hibernating / Lost
14980.0,646,1,150.68,1,1,1,111,3,Hibernating / Lost
14981.0,155,2,372.92,3,2,2,322,7,Promising / Potential
14982.0,481,1,237.78,1,1,1,111,3,Hibernating / Lost
14983.0,598,1,183.2,1,1,1,111,3,Hibernating / Lost
14984.0,89,5,1168.32,4,4,4,444,12,Champions
14985.0,107,2,296.75,3,2,2,322,7,Promising / Potential
14986.0,285,2,566.9,2,2,3,223,7,About to Sleep
14987.0,274,7,1550.65,2,4,4,244,10,At Risk
14988.0,120,7,2066.6,3,4,4,344,11,Loyal Customers
14989.0,570,1,342.4,1,1,2,112,4,Hibernating / Lost
14990.0,521,2,305.42,1,2,2,122,5,Hibernating / Lost
14991.0,339,1,314.67,2,1,2,212,5,About to Sleep
14992.0,351,1,210.5,1,1,1,111,3,Hibernating / Lost
14993.0,472,1,36.13,1,1,1,111,3,Hibernating / Lost
14994.0,291,5,960.63,2,4,3,243,9,At Risk
14995.0,189,1,119.31,3,1,1,311,5,Others / Need Attention
14996.0,390,2,442.29,1,2,2,122,5,Hibernating / Lost
14997.0,87,2,385.68,4,2,2,422,8,Promising / Potential
14998.0,79,4,770.73,4,4,3,443,11,Champions
14999.0,501,1,129.48,1,1,1,111,3,Hibernating / Lost
15001.0,303,2,230.86,2,2,1,221,5,About to Sleep
15002.0,24,9,4817.28,5,5,5,555,15,Champions
15003.0,382,6,1060.7,1,4,3,143,8,Can't Lose Them
15004.0,56,1,1246.32,4,1,4,414,9,New Customers
15005.0,4,48,12312.13,5,5,5,555,15,Champions
15006.0,362,1,323.05,1,1,2,112,4,Hibernating / Lost
15007.0,68,1,156.91,4,1,1,411,6,New Customers
15008.0,389,2,360.0,1,2,2,122,5,Hibernating / Lost
15011.0,304,2,416.6,2,2,2,222,6,About to Sleep
15012.0,282,2,628.64,2,2,3,223,7,About to Sleep
15013.0,396,10,1641.3,1,5,4,154,10,Can't Lose Them
15014.0,85,1,117.73,4,1,1,411,6,New Customers
15015.0,410,13,2365.02,1,5,4,154,10,Can't Lose Them
15016.0,81,5,630.3,4,4,3,443,11,Champions
15018.0,161,2,402.59,3,2,2,322,7,Promising / Potential
15019.0,175,1,266.0,3,1,1,311,5,Others / Need Attention
15020.0,288,1,203.42,2,1,1,211,4,About to Sleep
15021.0,65,8,1988.09,4,5,4,454,13,Champions
15022.0,586,1,281.05,1,1,2,112,4,Hibernating / Lost
15023.0,25,17,10478.24,5,5,5,555,15,Champions
15024.0,22,11,3259.8,5,5,5,555,15,Champions
15025.0,477,1,636.08,1,1,3,113,5,Hibernating / Lost
15026.0,149,4,823.39,3,4,3,343,10,Loyal Customers
15027.0,77,9,3096.42,4,5,5,455,14,Champions
15028.0,277,3,716.55,2,3,3,233,8,At Risk
15029.0,528,1,365.1,1,1,2,112,4,Hibernating / Lost
15030.0,177,7,1614.39,3,4,4,344,11,Loyal Customers
15031.0,19,12,2750.23,5,5,5,555,15,Champions
15032.0,165,8,13780.65,3,5,5,355,13,Loyal Customers
15033.0,18,6,1629.1,5,4,4,544,13,Champions
15034.0,141,11,6669.62,3,5,5,355,13,Loyal Customers
15036.0,86,2,245.69,4,2,1,421,7,Promising / Potential
15037.0,285,2,402.51,2,2,2,222,6,About to Sleep
15038.0,96,7,1121.82,4,4,3,443,11,Champions
15039.0,0,84,38630.79,5,5,5,555,15,Champions
15040.0,450,1,7.49,1,1,1,111,3,Hibernating / Lost
15041.0,79,2,294.02,4,2,2,422,8,Promising / Potential
15042.0,108,2,315.45,3,2,2,322,7,Promising / Potential
15043.0,372,5,2336.8,1,4,4,144,9,Can't Lose Them
15044.0,45,31,13706.38,4,5,5,455,14,Champions
15045.0,60,2,735.66,4,2,3,423,9,Promising / Potential
15046.0,5,21,6583.15,5,5,5,555,15,Champions
15047.0,178,1,343.62,3,1,2,312,6,Others / Need Attention
15048.0,25,3,423.23,5,3,2,532,10,Loyal Customers
15049.0,182,1,121.17,3,1,1,311,5,Others / Need Attention
15050.0,330,2,2411.7,2,2,4,224,8,About to Sleep
15051.0,59,7,2921.29,4,4,5,445,13,Champions
15052.0,228,1,215.78,3,1,1,311,5,Others / Need Attention
15053.0,65,2,478.6,4,2,2,422,8,Promising / Potential
15055.0,383,3,560.07,1,3,2,132,6,Others / Need Attention
15056.0,429,1,133.45,1,1,1,111,3,Hibernating / Lost
15057.0,184,5,3255.96,3,4,5,345,12,Loyal Customers
15058.0,33,12,2530.7,5,5,4,554,14,Champions
15059.0,16,17,3194.45,5,5,5,555,15,Champions
15061.0,36,116,119859.38,5,5,5,555,15,Champions
15062.0,126,7,2411.8,3,4,4,344,11,Loyal Customers
15063.0,122,1,370.8,3,1,2,312,6,Others / Need Attention
15064.0,319,4,1254.41,2,4,4,244,10,At Risk
15065.0,73,4,3027.48,4,4,5,445,13,Champions
15067.0,191,3,2981.17,3,3,5,335,11,Loyal Customers
15068.0,165,3,863.45,3,3,3,333,9,Loyal Customers
15069.0,88,1,1109.53,4,1,3,413,8,New Customers
15070.0,281,3,843.25,2,3,3,233,8,At Risk
15071.0,2,4,1455.56,5,4,4,544,13,Champions
15072.0,388,1,187.52,1,1,1,111,3,Hibernating / Lost
15073.0,94,7,2606.57,4,4,4,444,12,Champions
15074.0,14,3,1566.33,5,3,4,534,12,Loyal Customers
15076.0,81,3,1447.74,4,3,4,434,11,Loyal Customers
15077.0,403,2,2428.08,1,2,4,124,7,Hibernating / Lost
15078.0,14,43,14721.36,5,5,5,555,15,Champions
15079.0,121,11,3767.35,3,5,5,355,13,Loyal Customers
15080.0,336,2,546.25,2,2,2,222,6,About to Sleep
15081.0,117,9,1708.97,3,5,4,354,12,Loyal Customers
15082.0,577,1,93.35,1,1,1,111,3,Hibernating / Lost
15083.0,165,1,88.2,3,1,1,311,5,Others / Need Attention
15084.0,288,2,965.2,2,2,3,223,7,About to Sleep
15085.0,638,1,347.54,1,1,2,112,4,Hibernating / Lost
15086.0,473,2,218.53,1,2,1,121,4,Hibernating / Lost
15087.0,190,1,306.94,3,1,2,312,6,Others / Need Attention
15089.0,3,3,2036.28,5,3,4,534,12,Loyal Customers
15090.0,217,1,381.32,3,1,2,312,6,Others / Need Attention
15091.0,583,2,565.9,1,2,3,123,6,Hibernating / Lost
15092.0,124,3,776.46,3,3,3,333,9,Loyal Customers
15093.0,25,22,13756.19,5,5,5,555,15,Champions
15094.0,372,2,83.0,1,2,1,121,4,Hibernating / Lost
15095.0,12,10,3141.64,5,5,5,555,15,Champions
15097.0,492,2,660.27,1,2,3,123,6,Hibernating / Lost
15098.0,91,3,39916.5,4,3,5,435,12,Loyal Customers
15100.0,242,7,2894.7,3,4,5,345,12,Loyal Customers
15101.0,268,5,1262.69,2,4,4,244,10,At Risk
15102.0,439,2,554.67,1,2,2,122,5,Hibernating / Lost
15104.0,105,2,1027.44,4,2,3,423,9,Promising / Potential
15105.0,43,3,1328.96,4,3,4,434,11,Loyal Customers
15106.0,50,3,1032.83,4,3,3,433,10,Loyal Customers
15107.0,220,9,940.35,3,5,3,353,11,Loyal Customers
15108.0,50,4,1300.25,4,4,4,444,12,Champions
15109.0,154,3,983.1,3,3,3,333,9,Loyal Customers
15110.0,35,4,886.3,5,4,3,543,12,Champions
15111.0,281,3,1451.89,2,3,4,234,9,At Risk
15112.0,520,1,209.4,1,1,1,111,3,Hibernating / Lost
15114.0,2,9,2318.53,5,5,4,554,14,Champions
15115.0,641,1,191.74,1,1,1,111,3,Hibernating / Lost
15116.0,43,2,790.97,4,2,3,423,9,Promising / Potential
15117.0,29,5,1609.92,5,4,4,544,13,Champions
15118.0,43,1,244.8,4,1,1,411,6,New Customers
15119.0,154,1,266.4,3,1,1,311,5,Others / Need Attention
15120.0,42,1,358.82,4,1,2,412,7,New Customers
15121.0,197,1,295.15,3,1,2,312,6,Others / Need Attention
15122.0,23,11,4497.47,5,5,5,555,15,Champions
15123.0,115,4,3526.33,3,4,5,345,12,Loyal Customers
15124.0,100,3,357.38,4,3,2,432,9,Loyal Customers
15125.0,22,21,16291.87,5,5,5,555,15,Champions
15126.0,445,2,449.49,1,2,2,122,5,Hibernating / Lost
15127.0,428,1,304.97,1,1,2,112,4,Hibernating / Lost
15128.0,35,4,1482.92,5,4,4,544,13,Champions
15129.0,15,22,6209.51,5,5,5,555,15,Champions
15130.0,78,1,330.11,4,1,2,412,7,New Customers
15131.0,303,1,80.28,2,1,1,211,4,About to Sleep
15132.0,14,3,842.23,5,3,3,533,11,Loyal Customers
15133.0,36,5,1806.9,5,4,4,544,13,Champions
15134.0,36,6,823.16,5,4,3,543,12,Champions
15135.0,148,2,305.68,3,2,2,322,7,Promising / Potential
15136.0,5,1,582.9,5,1,3,513,9,New Customers
15137.0,429,2,823.4,1,2,3,123,6,Hibernating / Lost
15138.0,302,1,502.52,2,1,2,212,5,About to Sleep
15139.0,148,2,178.96,3,2,1,321,6,Promising / Potential
15140.0,24,6,2617.55,5,4,4,544,13,Champions
15141.0,366,7,1388.47,1,4,4,144,9,Can't Lose Them
15142.0,319,5,2121.18,2,4,4,244,10,At Risk
15143.0,134,2,563.63,3,2,2,322,7,Promising / Potential
15144.0,1,22,9140.71,5,5,5,555,15,Champions
15145.0,136,2,724.03,3,2,3,323,8,Promising / Potential
15146.0,73,2,1327.16,4,2,4,424,10,Promising / Potential
15147.0,149,1,623.5,3,1,3,313,7,Others / Need Attention
15149.0,42,5,1554.61,4,4,4,444,12,Champions
15150.0,18,8,7256.23,5,5,5,555,15,Champions
15151.0,332,2,2085.61,2,2,4,224,8,About to Sleep
15152.0,22,7,2901.35,5,4,5,545,14,Champions
15154.0,387,2,1091.99,1,2,3,123,6,Hibernating / Lost
15155.0,292,1,383.97,2,1,2,212,5,About to Sleep
15157.0,63,4,2223.41,4,4,4,444,12,Champions
15158.0,310,1,204.62,2,1,1,211,4,About to Sleep
15159.0,21,22,12445.69,5,5,5,555,15,Champions
15160.0,266,4,589.27,2,4,3,243,9,At Risk
15161.0,297,1,119.92,2,1,1,211,4,About to Sleep
15162.0,640,1,312.9,1,1,2,112,4,Hibernating / Lost
15163.0,101,1,155.0,4,1,1,411,6,New Customers
15164.0,117,8,1594.05,3,5,4,354,12,Loyal Customers
15165.0,282,1,975.5,2,1,3,213,6,About to Sleep
15166.0,376,1,167.16,1,1,1,111,3,Hibernating / Lost
15167.0,229,5,1659.67,3,4,4,344,11,Loyal Customers
15169.0,291,2,569.22,2,2,3,223,7,About to Sleep
15170.0,315,1,81.15,2,1,1,211,4,About to Sleep
15171.0,240,1,1289.5,3,1,4,314,8,Others / Need Attention
15172.0,44,3,886.74,4,3,3,433,10,Loyal Customers
15173.0,289,7,1494.6,2,4,4,244,10,At Risk
15174.0,231,2,481.46,3,2,2,322,7,Promising / Potential
15176.0,576,1,988.04,1,1,3,113,5,Hibernating / Lost
15177.0,334,1,948.93,2,1,3,213,6,About to Sleep
15178.0,169,1,40.5,3,1,1,311,5,Others / Need Attention
15179.0,142,11,6740.09,3,5,5,355,13,Loyal Customers
15180.0,276,3,904.43,2,3,3,233,8,At Risk
15181.0,84,4,945.72,4,4,3,443,11,Champions
15182.0,63,11,2998.95,4,5,5,455,14,Champions
15183.0,456,3,639.93,1,3,3,133,7,Others / Need Attention
15184.0,99,3,518.42,4,3,2,432,9,Loyal Customers
15186.0,77,4,1221.05,4,4,4,444,12,Champions
15187.0,0,6,1883.88,5,4,4,544,13,Champions
15188.0,634,1,310.43,1,1,2,112,4,Hibernating / Lost
15189.0,0,38,13934.76,5,5,5,555,15,Champions
15190.0,343,1,834.44,2,1,3,213,6,About to Sleep
15191.0,372,3,588.05,1,3,3,133,7,Others / Need Attention
15192.0,28,5,1981.39,5,4,4,544,13,Champions
15194.0,35,24,9280.69,5,5,5,555,15,Champions
15196.0,341,2,316.25,2,2,2,222,6,About to Sleep
15197.0,161,5,1571.15,3,4,4,344,11,Loyal Customers
15198.0,1,5,571.35,5,4,3,543,12,Champions
15199.0,3,9,2821.45,5,5,5,555,15,Champions
15200.0,403,1,549.05,1,1,2,112,4,Hibernating / Lost
15201.0,35,6,1539.67,5,4,4,544,13,Champions
15202.0,329,3,6001.49,2,3,5,235,10,At Risk
15203.0,14,13,3900.7,5,5,5,555,15,Champions
15204.0,266,1,316.58,2,1,2,212,5,About to Sleep
15205.0,36,1,476.3,5,1,2,512,8,New Customers
15206.0,8,3,236.7,5,3,1,531,9,Loyal Customers
15207.0,325,3,683.92,2,3,3,233,8,At Risk
15208.0,72,3,423.92,4,3,2,432,9,Loyal Customers
15209.0,639,1,178.98,1,1,1,111,3,Hibernating / Lost
15210.0,134,3,1176.19,3,3,4,334,10,Loyal Customers
15211.0,274,1,766.14,2,1,3,213,6,About to Sleep
15212.0,150,2,208.28,3,2,1,321,6,Promising / Potential
15213.0,227,2,328.35,3,2,2,322,7,Promising / Potential
15214.0,92,2,651.63,4,2,3,423,9,Promising / Potential
15215.0,5,5,1987.53,5,4,4,544,13,Champions
15216.0,527,1,389.49,1,1,2,112,4,Hibernating / Lost
15217.0,472,1,426.24,1,1,2,112,4,Hibernating / Lost
15218.0,25,19,9625.03,5,5,5,555,15,Champions
15219.0,85,2,685.45,4,2,3,423,9,Promising / Potential
15220.0,24,5,1284.05,5,4,4,544,13,Champions
15221.0,275,4,2465.45,2,4,4,244,10,At Risk
15222.0,227,11,3550.91,3,5,5,355,13,Loyal Customers
15223.0,134,5,1417.95,3,4,4,344,11,Loyal Customers
15224.0,267,5,871.36,2,4,3,243,9,At Risk
15225.0,143,1,409.4,3,1,2,312,6,Others / Need Attention
15226.0,219,1,154.41,3,1,1,311,5,Others / Need Attention
15227.0,124,7,2145.91,3,4,4,344,11,Loyal Customers
15228.0,38,5,4417.59,4,4,5,445,13,Champions
15229.0,495,1,160.5,1,1,1,111,3,Hibernating / Lost
15230.0,148,2,429.6,3,2,2,322,7,Promising / Potential
15231.0,530,1,250.26,1,1,1,111,3,Hibernating / Lost
15232.0,22,2,612.06,5,2,3,523,10,Promising / Potential
15233.0,310,1,59.4,2,1,1,211,4,About to Sleep
15234.0,185,1,197.0,3,1,1,311,5,Others / Need Attention
15235.0,126,16,2937.81,3,5,5,355,13,Loyal Customers
15236.0,207,1,321.05,3,1,2,312,6,Others / Need Attention
15237.0,112,2,1093.65,3,2,3,323,8,Promising / Potential
15238.0,4,2,772.78,5,2,3,523,10,Promising / Potential
15240.0,100,10,3798.79,4,5,5,455,14,Champions
15241.0,36,9,2638.58,5,5,4,554,14,Champions
15242.0,331,1,302.04,2,1,2,212,5,About to Sleep
15243.0,344,1,610.6,2,1,3,213,6,About to Sleep
15244.0,157,2,578.45,3,2,3,323,8,Promising / Potential
15245.0,43,8,4610.84,4,5,5,455,14,Champions
15246.0,147,3,780.4,3,3,3,333,9,Loyal Customers
15247.0,31,3,976.06,5,3,3,533,11,Loyal Customers
15248.0,320,3,1893.93,2,3,4,234,9,At Risk
15249.0,0,16,8216.88,5,5,5,555,15,Champions
15250.0,549,1,60.0,1,1,1,111,3,Hibernating / Lost
15251.0,0,18,19535.37,5,5,5,555,15,Champions
15252.0,92,4,1663.18,4,4,4,444,12,Champions
15253.0,78,4,1310.74,4,4,4,444,12,Champions
15254.0,36,3,1088.35,5,3,3,533,11,Loyal Customers
15255.0,305,8,2838.57,2,5,5,255,12,At Risk
15256.0,57,2,170.4,4,2,1,421,7,Promising / Potential
15257.0,192,2,685.9,3,2,3,323,8,Promising / Potential
15258.0,77,2,623.16,4,2,3,423,9,Promising / Potential
15259.0,421,4,1182.38,1,4,4,144,9,Can't Lose Them
15260.0,9,25,9188.23,5,5,5,555,15,Champions
15261.0,44,4,1508.0,4,4,4,444,12,Champions
15262.0,232,3,418.82,3,3,2,332,8,Loyal Customers
15263.0,15,1,156.51,5,1,1,511,7,New Customers
15264.0,439,1,454.66,1,1,2,112,4,Hibernating / Lost
15265.0,60,4,3345.64,4,4,5,445,13,Champions
15266.0,247,5,852.21,2,4,3,243,9,At Risk
15267.0,64,2,1407.76,4,2,4,424,10,Promising / Potential
15268.0,387,3,961.9,1,3,3,133,7,Others / Need Attention
15269.0,289,2,816.56,2,2,3,223,7,About to Sleep
15270.0,26,19,7995.66,5,5,5,555,15,Champions
15271.0,3,19,3799.09,5,5,5,555,15,Champions
15272.0,359,4,1363.54,1,4,4,144,9,Can't Lose Them
15273.0,508,1,228.96,1,1,1,111,3,Hibernating / Lost
15276.0,303,3,514.22,2,3,2,232,7,At Risk
15277.0,334,1,220.44,2,1,1,211,4,About to Sleep
15278.0,470,4,496.16,1,4,2,142,7,Can't Lose Them
15279.0,263,5,1580.54,2,4,4,244,10,At Risk
15280.0,81,3,406.22,4,3,2,432,9,Loyal Customers
15281.0,45,15,8403.2,4,5,5,455,14,Champions
15282.0,479,1,348.59,1,1,2,112,4,Hibernating / Lost
15283.0,299,3,148.33,2,3,1,231,6,At Risk
15284.0,409,1,24.75,1,1,1,111,3,Hibernating / Lost
15285.0,316,1,94.92,2,1,1,211,4,About to Sleep
15287.0,288,3,369.34,2,3,2,232,7,At Risk
15288.0,64,9,3582.97,4,5,5,455,14,Champions
15289.0,46,4,1351.29,4,4,4,444,12,Champions
15290.0,12,20,5945.65,5,5,5,555,15,Champions
15291.0,3,37,12863.28,5,5,5,555,15,Champions
15292.0,110,1,180.94,3,1,1,311,5,Others / Need Attention
15293.0,574,1,247.5,1,1,1,111,3,Hibernating / Lost
15294.0,319,1,233.35,2,1,1,211,4,About to Sleep
15295.0,563,1,217.24,1,1,1,111,3,Hibernating / Lost
15296.0,18,11,9269.46,5,5,5,555,15,Champions
15298.0,1,18,8017.69,5,5,5,555,15,Champions
15299.0,73,8,6519.54,4,5,5,455,14,Champions
15301.0,22,14,6280.89,5,5,5,555,15,Champions
15302.0,639,1,308.0,1,1,2,112,4,Hibernating / Lost
15303.0,199,3,1224.18,3,3,4,334,10,Loyal Customers
15304.0,73,7,717.05,4,4,3,443,11,Champions
15305.0,464,1,93.6,1,1,1,111,3,Hibernating / Lost
15306.0,1,8,2967.45,5,5,5,555,15,Champions
15307.0,4,1,205.3,5,1,1,511,7,New Customers
15308.0,183,1,310.47,3,1,2,312,6,Others / Need Attention
15309.0,519,4,797.96,1,4,3,143,8,Can't Lose Them
15310.0,387,1,1634.64,1,1,4,114,6,Hibernating / Lost
15311.0,3,182,102158.74,5,5,5,555,15,Champions
15312.0,12,11,2800.14,5,5,5,555,15,Champions
15313.0,19,1,52.0,5,1,1,511,7,New Customers
15314.0,108,3,820.45,3,3,3,333,9,Loyal Customers
15315.0,25,1,233.54,5,1,1,511,7,New Customers
15316.0,235,1,165.0,3,1,1,311,5,Others / Need Attention
15317.0,586,1,129.75,1,1,1,111,3,Hibernating / Lost
15319.0,192,1,204.5,3,1,1,311,5,Others / Need Attention
15321.0,200,10,5120.89,3,5,5,355,13,Loyal Customers
15322.0,385,1,711.18,1,1,3,113,5,Hibernating / Lost
15323.0,471,3,434.6,1,3,2,132,6,Others / Need Attention
15324.0,610,1,140.22,1,1,1,111,3,Hibernating / Lost
15325.0,12,8,1602.01,5,5,4,554,14,Champions
15326.0,242,5,1700.52,3,4,4,344,11,Loyal Customers
15328.0,316,1,107.24,2,1,1,211,4,About to Sleep
15329.0,43,10,2688.63,4,5,4,454,13,Champions
15331.0,408,3,767.91,1,3,3,133,7,Others / Need Attention
15332.0,275,6,6553.74,2,4,5,245,11,At Risk
15333.0,117,1,1028.56,3,1,3,313,7,Others / Need Attention
15334.0,65,3,351.67,4,3,2,432,9,Loyal Customers
15336.0,310,1,240.5,2,1,1,211,4,About to Sleep
15337.0,320,1,373.02,2,1,2,212,5,About to Sleep
15338.0,586,1,283.43,1,1,2,112,4,Hibernating / Lost
15339.0,227,6,1511.67,3,4,4,344,11,Loyal Customers
15340.0,470,1,105.5,1,1,1,111,3,Hibernating / Lost
15341.0,358,1,382.2,1,1,2,112,4,Hibernating / Lost
15342.0,38,1,406.09,4,1,2,412,7,New Customers
15346.0,241,3,596.12,3,3,3,333,9,Loyal Customers
15347.0,275,4,1363.6,2,4,4,244,10,At Risk
15349.0,67,2,473.81,4,2,2,422,8,Promising / Potential
15350.0,282,2,663.25,2,2,3,223,7,About to Sleep
15351.0,278,4,2052.85,2,4,4,244,10,At Risk
15352.0,457,1,114.95,1,1,1,111,3,Hibernating / Lost
15353.0,163,7,3175.95,3,4,5,345,12,Loyal Customers
15354.0,512,3,284.4,1,3,2,132,6,Others / Need Attention
15356.0,14,11,2978.09,5,5,5,555,15,Champions
15358.0,29,35,14343.02,5,5,5,555,15,Champions
15359.0,571,8,181.35,1,5,1,151,7,Can't Lose Them
15361.0,270,4,689.07,2,4,3,243,9,At Risk
15362.0,357,2,613.08,1,2,3,123,6,Hibernating / Lost
15363.0,281,2,1004.11,2,2,3,223,7,About to Sleep
15364.0,4,2,913.19,5,2,3,523,10,Promising / Potential
15365.0,5,8,3204.09,5,5,5,555,15,Champions
15366.0,267,6,1892.11,2,4,4,244,10,At Risk
15367.0,154,9,4619.92,3,5,5,355,13,Loyal Customers
15368.0,303,1,275.8,2,1,2,212,5,About to Sleep
15369.0,401,11,6251.26,1,5,5,155,11,Can't Lose Them
15370.0,50,5,2866.42,4,4,5,445,13,Champions
15371.0,571,1,59.4,1,1,1,111,3,Hibernating / Lost
15372.0,46,8,6017.06,4,5,5,455,14,Champions
15373.0,24,14,2692.38,5,5,4,554,14,Champions
15374.0,37,2,307.32,4,2,2,422,8,Promising / Potential
15375.0,599,1,60.96,1,1,1,111,3,Hibernating / Lost
15376.0,26,2,989.02,5,2,3,523,10,Promising / Potential
15377.0,291,4,1211.75,2,4,4,244,10,At Risk
15378.0,371,2,246.5,1,2,1,121,4,Hibernating / Lost
15379.0,78,8,4877.84,4,5,5,455,14,Champions
15380.0,50,8,2371.36,4,5,4,454,13,Champions
15381.0,122,5,1890.57,3,4,4,344,11,Loyal Customers
15382.0,93,10,9904.96,4,5,5,455,14,Champions
15384.0,78,4,2027.79,4,4,4,444,12,Champions
15385.0,301,2,625.2,2,2,3,223,7,About to Sleep
15386.0,95,1,394.14,4,1,2,412,7,New Customers
15387.0,401,1,468.65,1,1,2,112,4,Hibernating / Lost
15388.0,179,1,140.54,3,1,1,311,5,Others / Need Attention
15389.0,81,5,2733.8,4,4,5,445,13,Champions
15390.0,305,2,1216.66,2,2,4,224,8,About to Sleep
15391.0,493,1,289.87,1,1,2,112,4,Hibernating / Lost
15392.0,269,4,1715.07,2,4,4,244,10,At Risk
15393.0,190,4,783.58,3,4,3,343,10,Loyal Customers
15394.0,113,9,4539.7,3,5,5,355,13,Loyal Customers
15395.0,234,1,107.45,3,1,1,311,5,Others / Need Attention
15396.0,21,2,796.38,5,2,3,523,10,Promising / Potential
15397.0,198,1,94.0,3,1,1,311,5,Others / Need Attention
15400.0,1,8,1302.3,5,5,4,554,14,Champions
15401.0,361,2,216.95,1,2,1,121,4,Hibernating / Lost
15402.0,57,6,1830.54,4,4,4,444,12,Champions
15403.0,400,2,170.88,1,2,1,121,4,Hibernating / Lost
15404.0,284,1,257.06,2,1,1,211,4,About to Sleep
15405.0,98,2,659.84,4,2,3,423,9,Promising / Potential
15406.0,210,3,717.45,3,3,3,333,9,Loyal Customers
15407.0,92,3,740.73,4,3,3,433,10,Loyal Customers
15408.0,173,1,267.18,3,1,1,311,5,Others / Need Attention
15409.0,630,1,131.25,1,1,1,111,3,Hibernating / Lost
15410.0,8,9,4324.29,5,5,5,555,15,Champions
15411.0,33,2,382.21,5,2,2,522,9,Promising / Potential
15412.0,80,1,190.53,4,1,1,411,6,New Customers
15413.0,600,5,6798.72,1,4,5,145,10,Can't Lose Them
15414.0,151,1,36.2,3,1,1,311,5,Others / Need Attention
15415.0,222,1,572.81,3,1,3,313,7,Others / Need Attention
15416.0,64,6,3732.83,4,4,5,445,13,Champions
15418.0,334,2,452.32,2,2,2,222,6,About to Sleep
15420.0,343,6,743.0,2,4,3,243,9,At Risk
15421.0,124,9,3594.34,3,5,5,355,13,Loyal Customers
15422.0,232,7,1619.97,3,4,4,344,11,Loyal Customers
15423.0,490,2,223.39,1,2,1,121,4,Hibernating / Lost
15424.0,163,3,597.78,3,3,3,333,9,Loyal Customers
15425.0,309,4,1944.57,2,4,4,244,10,At Risk
15426.0,166,6,1830.98,3,4,4,344,11,Loyal Customers
15428.0,296,3,668.97,2,3,3,233,8,At Risk
15430.0,376,2,954.75,1,2,3,123,6,Hibernating / Lost
15431.0,411,1,153.24,1,1,1,111,3,Hibernating / Lost
15432.0,450,1,149.57,1,1,1,111,3,Hibernating / Lost
15433.0,122,2,533.3,3,2,2,322,7,Promising / Potential
15434.0,16,9,2112.86,5,5,4,554,14,Champions
15436.0,143,1,489.05,3,1,2,312,6,Others / Need Attention
15437.0,171,2,393.45,3,2,2,322,7,Promising / Potential
15438.0,40,1,156.58,4,1,1,411,6,New Customers
15439.0,313,4,1269.05,2,4,4,244,10,At Risk
15440.0,45,2,237.66,4,2,1,421,7,Promising / Potential
15441.0,305,3,1254.21,2,3,4,234,9,At Risk
15442.0,157,1,594.0,3,1,3,313,7,Others / Need Attention
15443.0,18,9,2623.82,5,5,4,554,14,Champions
15445.0,173,2,284.5,3,2,2,322,7,Promising / Potential
15446.0,285,3,406.95,2,3,2,232,7,At Risk
15447.0,239,5,492.88,3,4,2,342,9,Loyal Customers
15448.0,221,2,788.81,3,2,3,323,8,Promising / Potential
15449.0,94,2,647.7,4,2,3,423,9,Promising / Potential
15451.0,343,2,233.21,2,2,1,221,5,About to Sleep
15452.0,173,4,1507.63,3,4,4,344,11,Loyal Customers
15453.0,1,4,712.8,5,4,3,543,12,Champions
15454.0,271,2,307.69,2,2,2,222,6,About to Sleep
15455.0,506,1,38.25,1,1,1,111,3,Hibernating / Lost
15456.0,192,10,2119.27,3,5,4,354,12,Loyal Customers
15457.0,171,1,237.07,3,1,1,311,5,Others / Need Attention
15458.0,311,1,208.8,2,1,1,211,4,About to Sleep
15459.0,326,2,202.83,2,2,1,221,5,About to Sleep
15460.0,263,1,216.76,2,1,1,211,4,About to Sleep
15461.0,369,2,429.7,1,2,2,122,5,Hibernating / Lost
15462.0,3,4,737.05,5,4,3,543,12,Champions
15464.0,247,1,1048.85,2,1,3,213,6,About to Sleep
15465.0,47,29,11293.16,4,5,5,455,14,Champions
15466.0,298,3,1236.48,2,3,4,234,9,At Risk
15467.0,54,2,402.56,4,2,2,422,8,Promising / Potential
15468.0,301,1,962.97,2,1,3,213,6,About to Sleep
15469.0,29,2,640.0,5,2,3,523,10,Promising / Potential
15470.0,484,1,63.42,1,1,1,111,3,Hibernating / Lost
15471.0,289,2,847.08,2,2,3,223,7,About to Sleep
15472.0,22,1,371.56,5,1,2,512,8,New Customers
15473.0,353,1,274.8,1,1,2,112,4,Hibernating / Lost
15474.0,504,1,163.1,1,1,1,111,3,Hibernating / Lost
15476.0,289,4,2209.98,2,4,4,244,10,At Risk
15477.0,558,1,368.4,1,1,2,112,4,Hibernating / Lost
15478.0,484,1,583.56,1,1,3,113,5,Hibernating / Lost
15479.0,642,1,147.4,1,1,1,111,3,Hibernating / Lost
15480.0,25,5,6279.0,5,4,5,545,14,Champions
15481.0,310,1,1993.34,2,1,4,214,7,About to Sleep
15482.0,74,11,5641.1,4,5,5,455,14,Champions
15483.0,70,10,862.2,4,5,3,453,12,Champions
15484.0,449,2,1061.69,1,2,3,123,6,Hibernating / Lost
15485.0,245,6,4475.14,3,4,5,345,12,Loyal Customers
15486.0,436,1,102.0,1,1,1,111,3,Hibernating / Lost
15487.0,588,1,231.32,1,1,1,111,3,Hibernating / Lost
15488.0,1,5,431.92,5,4,2,542,11,Champions
15489.0,120,6,1633.59,3,4,4,344,11,Loyal Customers
15490.0,339,1,217.6,2,1,1,211,4,About to Sleep
15491.0,4,6,3100.09,5,4,5,545,14,Champions
15493.0,58,7,3631.93,4,4,5,445,13,Champions
15494.0,30,4,3608.2,5,4,5,545,14,Champions
15495.0,288,1,246.5,2,1,1,211,4,About to Sleep
15496.0,540,1,146.14,1,1,1,111,3,Hibernating / Lost
15497.0,228,8,8365.79,3,5,5,355,13,Loyal Customers
15498.0,29,36,21849.55,5,5,5,555,15,Champions
15499.0,632,1,161.6,1,1,1,111,3,Hibernating / Lost
15501.0,313,2,402.5,2,2,2,222,6,About to Sleep
15502.0,32,7,9564.07,5,4,5,545,14,Champions
15503.0,271,2,267.15,2,2,1,221,5,About to Sleep
15504.0,429,3,371.02,1,3,2,132,6,Others / Need Attention
15505.0,22,3,2091.14,5,3,4,534,12,Loyal Customers
15506.0,47,4,1270.12,4,4,4,444,12,Champions
15507.0,80,1,492.36,4,1,2,412,7,New Customers
15508.0,98,6,1000.27,4,4,3,443,11,Champions
15509.0,289,1,166.51,2,1,1,211,4,About to Sleep
15510.0,239,1,250.0,3,1,1,311,5,Others / Need Attention
15512.0,64,4,331.58,4,4,2,442,10,Champions
15513.0,3,33,24344.47,5,5,5,555,15,Champions
15514.0,134,13,5021.03,3,5,5,355,13,Loyal Customers
15515.0,296,1,171.81,2,1,1,211,4,About to Sleep
15517.0,142,1,267.03,3,1,1,311,5,Others / Need Attention
15518.0,33,14,3901.25,5,5,5,555,15,Champions
15519.0,292,2,344.61,2,2,2,222,6,About to Sleep
15521.0,3,15,6433.27,5,5,5,555,15,Champions
15523.0,297,15,16947.98,2,5,5,255,12,At Risk
15524.0,515,1,151.4,1,1,1,111,3,Hibernating / Lost
15525.0,282,2,783.71,2,2,3,223,7,About to Sleep
15527.0,53,20,4476.65,4,5,5,455,14,Champions
15528.0,163,1,229.33,3,1,1,311,5,Others / Need Attention
15529.0,51,9,3515.8,4,5,5,455,14,Champions
15530.0,58,4,1480.1,4,4,4,444,12,Champions
15532.0,40,9,3416.76,4,5,5,455,14,Champions
15534.0,634,1,162.25,1,1,1,111,3,Hibernating / Lost
15535.0,82,6,1087.82,4,4,3,443,11,Champions
15536.0,318,1,259.09,2,1,1,211,4,About to Sleep
15537.0,72,1,110.92,4,1,1,411,6,New Customers
15538.0,446,6,3358.4,1,4,5,145,10,Can't Lose Them
15540.0,284,1,247.38,2,1,1,211,4,About to Sleep
15541.0,23,1,85.13,5,1,1,511,7,New Customers
15542.0,421,3,918.45,1,3,3,133,7,Others / Need Attention
15543.0,197,2,242.84,3,2,1,321,6,Promising / Potential
15544.0,28,18,7388.09,5,5,5,555,15,Champions
15545.0,280,1,270.66,2,1,1,211,4,About to Sleep
15546.0,515,2,1079.1,1,2,3,123,6,Hibernating / Lost
15547.0,19,20,7970.26,5,5,5,555,15,Champions
15548.0,504,1,158.09,1,1,1,111,3,Hibernating / Lost
15549.0,66,7,2284.38,4,4,4,444,12,Champions
15550.0,15,11,2076.45,5,5,4,554,14,Champions
15551.0,303,6,1274.02,2,4,4,244,10,At Risk
15552.0,126,2,252.52,3,2,1,321,6,Promising / Potential
15554.0,186,1,217.2,3,1,1,311,5,Others / Need Attention
15555.0,12,30,10127.12,5,5,5,555,15,Champions
15558.0,548,1,214.13,1,1,1,111,3,Hibernating / Lost
15559.0,477,1,1109.4,1,1,3,113,5,Hibernating / Lost
15560.0,306,2,153.52,2,2,1,221,5,About to Sleep
15561.0,58,7,1583.47,4,4,4,444,12,Champions
15562.0,260,3,673.38,2,3,3,233,8,At Risk
15563.0,109,5,2202.18,3,4,4,344,11,Loyal Customers
15564.0,372,2,70.74,1,2,1,121,4,Hibernating / Lost
15566.0,301,2,227.87,2,2,1,221,5,About to Sleep
15569.0,12,10,3586.35,5,5,5,555,15,Champions
15570.0,50,22,7972.2,4,5,5,455,14,Champions
15571.0,295,10,3401.2,2,5,5,255,12,At Risk
15572.0,18,7,3071.1,5,4,5,545,14,Champions
15573.0,527,3,599.73,1,3,3,133,7,Others / Need Attention
15574.0,86,6,1518.7,4,4,4,444,12,Champions
15575.0,528,1,30.1,1,1,1,111,3,Hibernating / Lost
15577.0,60,5,397.98,4,4,2,442,10,Champions
15578.0,71,1,127.1,4,1,1,411,6,New Customers
15579.0,222,4,1153.5,3,4,4,344,11,Loyal Customers
15580.0,285,8,1381.19,2,5,4,254,11,At Risk
15581.0,29,38,7794.59,5,5,5,555,15,Champions
15582.0,9,2,541.51,5,2,2,522,9,Promising / Potential
15583.0,285,1,107.86,2,1,1,211,4,About to Sleep
15584.0,71,3,707.04,4,3,3,433,10,Loyal Customers
15585.0,85,1,455.3,4,1,2,412,7,New Customers
15586.0,501,3,1139.1,1,3,3,133,7,Others / Need Attention
15587.0,51,5,1065.24,4,4,3,443,11,Champions
15588.0,586,1,579.6,1,1,3,113,5,Hibernating / Lost
15589.0,164,3,478.53,3,3,2,332,8,Loyal Customers
15590.0,291,5,1496.6,2,4,4,244,10,At Risk
15591.0,491,3,217.9,1,3,1,131,5,Others / Need Attention
15594.0,2,2,788.22,5,2,3,523,10,Promising / Potential
15595.0,396,1,357.6,1,1,2,112,4,Hibernating / Lost
15596.0,9,9,3130.04,5,5,5,555,15,Champions
15597.0,484,1,238.8,1,1,1,111,3,Hibernating / Lost
15598.0,336,1,307.34,2,1,2,212,5,About to Sleep
15599.0,113,2,937.15,3,2,3,323,8,Promising / Potential
15600.0,337,4,1199.31,2,4,4,244,10,At Risk
15601.0,31,27,13769.02,5,5,5,555,15,Champions
15602.0,109,12,2475.59,3,5,4,354,12,Loyal Customers
15603.0,557,1,40.0,1,1,1,111,3,Hibernating / Lost
15605.0,161,7,1428.75,3,4,4,344,11,Loyal Customers
15606.0,28,16,4750.21,5,5,5,555,15,Champions
15607.0,245,9,1708.97,3,5,4,354,12,Loyal Customers
15608.0,29,2,977.98,5,2,3,523,10,Promising / Potential
15609.0,93,1,298.48,4,1,2,412,7,New Customers
15611.0,12,21,2352.97,5,5,4,554,14,Champions
15613.0,519,1,433.72,1,1,2,112,4,Hibernating / Lost
15614.0,346,4,3147.36,2,4,5,245,11,At Risk
15615.0,14,43,18342.08,5,5,5,555,15,Champions
15616.0,347,1,317.11,2,1,2,212,5,About to Sleep
15617.0,305,3,828.55,2,3,3,233,8,At Risk
15618.0,1,3,419.04,5,3,2,532,10,Loyal Customers
15620.0,129,3,1264.19,3,3,4,334,10,Loyal Customers
15622.0,106,13,6745.05,4,5,5,455,14,Champions
15623.0,50,8,2437.05,4,5,4,454,13,Champions
15624.0,25,4,588.13,5,4,3,543,12,Champions
15625.0,12,9,3236.4,5,5,5,555,15,Champions
15626.0,238,2,673.6,3,2,3,323,8,Promising / Potential
15627.0,366,2,566.9,1,2,3,123,6,Hibernating / Lost
15628.0,7,13,4407.42,5,5,5,555,15,Champions
15629.0,359,4,2240.9,1,4,4,144,9,Can't Lose Them
15630.0,113,2,691.91,3,2,3,323,8,Promising / Potential
15631.0,551,1,596.67,1,1,3,113,5,Hibernating / Lost
15632.0,30,6,2351.84,5,4,4,544,13,Champions
15633.0,418,13,4352.46,1,5,5,155,11,Can't Lose Them
15634.0,292,1,311.1,2,1,2,212,5,About to Sleep
15635.0,304,1,100.35,2,1,1,211,4,About to Sleep
15636.0,191,3,1026.52,3,3,3,333,9,Loyal Customers
15637.0,322,4,574.23,2,4,3,243,9,At Risk
15638.0,287,6,2265.2,2,4,4,244,10,At Risk
15639.0,43,3,1065.08,4,3,3,433,10,Loyal Customers
15640.0,30,25,20361.26,5,5,5,555,15,Champions
15641.0,14,12,5345.55,5,5,5,555,15,Champions
15642.0,638,1,105.78,1,1,1,111,3,Hibernating / Lost
15643.0,100,3,664.0,4,3,3,433,10,Loyal Customers
15644.0,75,4,813.0,4,4,3,443,11,Champions
15645.0,323,2,443.16,2,2,2,222,6,About to Sleep
15646.0,66,5,974.61,4,4,3,443,11,Champions
15647.0,324,1,169.0,2,1,1,211,4,About to Sleep
15648.0,113,2,657.35,3,2,3,323,8,Promising / Potential
15649.0,245,4,2170.35,3,4,4,344,11,Loyal Customers
15650.0,430,2,553.88,1,2,2,122,5,Hibernating / Lost
15651.0,169,3,840.08,3,3,3,333,9,Loyal Customers
15652.0,0,5,1420.34,5,4,4,544,13,Champions
15653.0,1,2,877.44,5,2,3,523,10,Promising / Potential
15655.0,152,1,560.67,3,1,2,312,6,Others / Need Attention
15656.0,87,3,563.63,4,3,2,432,9,Loyal Customers
15658.0,99,8,2423.47,4,5,4,454,13,Champions
15659.0,295,2,226.04,2,2,1,221,5,About to Sleep
15660.0,44,12,2096.47,4,5,4,454,13,Champions
15661.0,226,8,1215.95,3,5,4,354,12,Loyal Customers
15662.0,570,2,283.73,1,2,2,122,5,Hibernating / Lost
15663.0,15,1,138.14,5,1,1,511,7,New Customers
15664.0,358,3,867.6,1,3,3,133,7,Others / Need Attention
15665.0,77,5,4015.12,4,4,5,445,13,Champions
15666.0,381,2,632.94,1,2,3,123,6,Hibernating / Lost
15668.0,126,1,76.32,3,1,1,311,5,Others / Need Attention
15669.0,12,3,565.54,5,3,3,533,11,Loyal Customers
15670.0,205,2,325.2,3,2,2,322,7,Promising / Potential
15671.0,3,5,1972.89,5,4,4,544,13,Champions
15672.0,634,1,45.3,1,1,1,111,3,Hibernating / Lost
15673.0,65,8,5638.16,4,5,5,455,14,Champions
15674.0,122,12,5881.29,3,5,5,355,13,Loyal Customers
15675.0,64,3,443.74,4,3,2,432,9,Loyal Customers
15676.0,192,1,897.8,3,1,3,313,7,Others / Need Attention
15677.0,330,2,648.4,2,2,3,223,7,About to Sleep
15678.0,304,2,1541.19,2,2,4,224,8,About to Sleep
15679.0,63,2,260.26,4,2,1,421,7,Promising / Potential
15680.0,275,8,3652.79,2,5,5,255,12,At Risk
15681.0,92,12,2266.76,4,5,4,454,13,Champions
15682.0,508,2,318.24,1,2,2,122,5,Hibernating / Lost
15683.0,26,2,524.54,5,2,2,522,9,Promising / Potential
15684.0,456,3,173.95,1,3,1,131,5,Others / Need Attention
15685.0,359,1,55.98,1,1,1,111,3,Hibernating / Lost
15686.0,329,1,90.0,2,1,1,211,4,About to Sleep
15687.0,95,5,1679.45,4,4,4,444,12,Champions
15688.0,327,1,190.57,2,1,1,211,4,About to Sleep
15689.0,28,3,521.03,5,3,2,532,10,Loyal Customers
15690.0,9,1,111.0,5,1,1,511,7,New Customers
15691.0,161,4,571.3,3,4,3,343,10,Loyal Customers
15693.0,568,1,37.5,1,1,1,111,3,Hibernating / Lost
15694.0,85,19,7637.19,4,5,5,455,14,Champions
15695.0,175,4,1131.04,3,4,3,343,10,Loyal Customers
15696.0,129,11,2808.01,3,5,5,355,13,Loyal Customers
15697.0,598,1,246.75,1,1,1,111,3,Hibernating / Lost
15698.0,533,1,46.2,1,1,1,111,3,Hibernating / Lost
15700.0,81,2,696.68,4,2,3,423,9,Promising / Potential
15701.0,19,1,857.0,5,1,3,513,9,New Customers
15702.0,385,2,140.39,1,2,1,121,4,Hibernating / Lost
15703.0,173,1,211.5,3,1,1,311,5,Others / Need Attention
15704.0,49,6,3817.96,4,4,5,445,13,Champions
15705.0,110,1,143.1,3,1,1,311,5,Others / Need Attention
15706.0,25,1,450.05,5,1,2,512,8,New Customers
15708.0,47,8,3714.91,4,5,5,455,14,Champions
15709.0,192,2,327.85,3,2,2,322,7,Promising / Potential
15710.0,326,1,898.87,2,1,3,213,6,About to Sleep
15711.0,465,2,420.25,1,2,2,122,5,Hibernating / Lost
15712.0,18,10,3166.36,5,5,5,555,15,Champions
15713.0,52,4,1010.79,4,4,3,443,11,Champions
15714.0,362,3,453.93,1,3,2,132,6,Others / Need Attention
15715.0,464,5,658.02,1,4,3,143,8,Can't Lose Them
15716.0,54,11,3056.81,4,5,5,455,14,Champions
15717.0,143,5,607.0,3,4,3,343,10,Loyal Customers
15718.0,449,1,293.79,1,1,2,112,4,Hibernating / Lost
15719.0,8,29,9246.12,5,5,5,555,15,Champions
15720.0,459,1,143.19,1,1,1,111,3,Hibernating / Lost
15722.0,17,9,4460.34,5,5,5,555,15,Champions
15723.0,273,4,947.65,2,4,3,243,9,At Risk
15724.0,110,3,310.85,3,3,2,332,8,Loyal Customers
15726.0,299,1,321.91,2,1,2,212,5,About to Sleep
15727.0,16,14,8875.84,5,5,5,555,15,Champions
15728.0,288,2,544.6,2,2,2,222,6,About to Sleep
15729.0,121,3,192.55,3,3,1,331,7,Loyal Customers
15730.0,1,4,1382.92,5,4,4,544,13,Champions
15731.0,462,1,125.3,1,1,1,111,3,Hibernating / Lost
15732.0,121,10,1682.07,3,5,4,354,12,Loyal Customers
15733.0,191,1,162.3,3,1,1,311,5,Others / Need Attention
15734.0,23,4,2263.3,5,4,4,544,13,Champions
15735.0,330,1,327.68,2,1,2,212,5,About to Sleep
15736.0,344,2,1815.72,2,2,4,224,8,About to Sleep
15737.0,56,5,897.93,4,4,3,443,11,Champions
15738.0,5,38,12414.0,5,5,5,555,15,Champions
15741.0,367,2,208.62,1,2,1,121,4,Hibernating / Lost
15742.0,528,1,156.87,1,1,1,111,3,Hibernating / Lost
15743.0,22,2,434.05,5,2,2,522,9,Promising / Potential
15745.0,145,1,302.85,3,1,2,312,6,Others / Need Attention
15746.0,43,1,196.88,4,1,1,411,6,New Customers
15747.0,29,8,2138.04,5,5,4,554,14,Champions
15748.0,358,2,465.45,1,2,2,122,5,Hibernating / Lost
15749.0,144,3,44534.3,3,3,5,335,11,Loyal Customers
15750.0,79,14,5441.54,4,5,5,455,14,Champions
15751.0,369,11,1380.44,1,5,4,154,10,Can't Lose Them
15752.0,2,8,3674.31,5,5,5,555,15,Champions
15753.0,213,1,79.2,3,1,1,311,5,Others / Need Attention
15754.0,155,7,2670.84,3,4,4,344,11,Loyal Customers
15755.0,17,14,4773.7,5,5,5,555,15,Champions
15756.0,61,3,364.84,4,3,2,432,9,Loyal Customers
15757.0,126,5,2487.3,3,4,4,344,11,Loyal Customers
15759.0,127,7,830.93,3,4,3,343,10,Loyal Customers
15760.0,539,2,13916.34,1,2,5,125,8,Hibernating / Lost
15761.0,351,1,143.05,1,1,1,111,3,Hibernating / Lost
15764.0,16,7,4499.73,5,4,5,545,14,Champions
15765.0,575,1,370.63,1,1,2,112,4,Hibernating / Lost
15766.0,365,2,516.0,1,2,2,122,5,Hibernating / Lost
15768.0,24,34,15601.09,5,5,5,555,15,Champions
15769.0,10,39,74315.32,5,5,5,555,15,Champions
15770.0,521,1,321.45,1,1,2,112,4,Hibernating / Lost
15771.0,513,3,1006.54,1,3,3,133,7,Others / Need Attention
15772.0,327,1,280.88,2,1,2,212,5,About to Sleep
15773.0,318,1,138.84,2,1,1,211,4,About to Sleep
15774.0,327,5,1059.14,2,4,3,243,9,At Risk
15775.0,154,2,150.5,3,2,1,321,6,Promising / Potential
15776.0,42,1,241.62,4,1,1,411,6,New Customers
15777.0,150,7,1762.61,3,4,4,344,11,Loyal Customers
15778.0,340,1,307.95,2,1,2,212,5,About to Sleep
15779.0,372,2,124.08,1,2,1,121,4,Hibernating / Lost
15780.0,92,3,475.28,4,3,2,432,9,Loyal Customers
15781.0,46,2,211.3,4,2,1,421,7,Promising / Potential
15782.0,339,1,1399.36,2,1,4,214,7,About to Sleep
15784.0,376,2,848.33,1,2,3,123,6,Hibernating / Lost
15785.0,66,15,5306.79,4,5,5,455,14,Champions
15786.0,23,3,6743.46,5,3,5,535,13,Loyal Customers
15788.0,417,1,221.83,1,1,1,111,3,Hibernating / Lost
15789.0,267,6,1962.01,2,4,4,244,10,At Risk
15791.0,113,4,3218.89,3,4,5,345,12,Loyal Customers
15792.0,308,2,933.84,2,2,3,223,7,About to Sleep
15793.0,177,6,1740.6,3,4,4,344,11,Loyal Customers
15794.0,645,2,777.0,1,2,3,123,6,Hibernating / Lost
15795.0,58,8,1979.87,4,5,4,454,13,Champions
15796.0,18,14,4039.99,5,5,5,555,15,Champions
15797.0,22,6,2821.08,5,4,5,545,14,Champions
15798.0,401,3,1535.37,1,3,4,134,8,Others / Need Attention
15799.0,94,3,1021.39,4,3,3,433,10,Loyal Customers
15800.0,16,7,1242.58,5,4,4,544,13,Champions
15801.0,18,1,137.22,5,1,1,511,7,New Customers
15802.0,51,1,451.42,4,1,2,412,7,New Customers
15803.0,354,3,1513.84,1,3,4,134,8,Others / Need Attention
15804.0,3,5,2554.84,5,4,4,544,13,Champions
15805.0,15,24,8228.75,5,5,5,555,15,Champions
15806.0,66,2,521.88,4,2,2,422,8,Promising / Potential
15807.0,317,2,913.62,2,2,3,223,7,About to Sleep
15808.0,215,21,18409.93,3,5,5,355,13,Loyal Customers
15809.0,93,6,1157.88,4,4,4,444,12,Champions
15810.0,79,7,2968.25,4,4,5,445,13,Champions
15811.0,14,6,3445.7,5,4,5,545,14,Champions
15812.0,16,12,5201.47,5,5,5,555,15,Champions
15813.0,116,2,1303.91,3,2,4,324,9,Promising / Potential
15814.0,302,2,689.11,2,2,3,223,7,About to Sleep
15815.0,49,4,1874.7,4,4,4,444,12,Champions
15816.0,451,2,144.15,1,2,1,121,4,Hibernating / Lost
15817.0,329,3,2766.4,2,3,5,235,10,At Risk
15818.0,497,1,340.5,1,1,2,112,4,Hibernating / Lost
15819.0,40,9,3614.81,4,5,5,455,14,Champions
15820.0,228,1,206.98,3,1,1,311,5,Others / Need Attention
15822.0,268,5,1394.79,2,4,4,244,10,At Risk
15823.0,281,3,3897.17,2,3,5,235,10,At Risk
15824.0,362,2,890.94,1,2,3,123,6,Hibernating / Lost
15825.0,81,1,532.94,4,1,2,412,7,New Customers
15826.0,119,2,1663.97,3,2,4,324,9,Promising / Potential
15827.0,23,27,3556.14,5,5,5,555,15,Champions
15828.0,284,1,1108.82,2,1,3,213,6,About to Sleep
15829.0,8,2,636.14,5,2,3,523,10,Promising / Potential
15831.0,33,2,451.11,5,2,2,522,9,Promising / Potential
15832.0,163,1,836.79,3,1,3,313,7,Others / Need Attention
15833.0,646,1,80.4,1,1,1,111,3,Hibernating / Lost
15834.0,74,6,3331.06,4,4,5,445,13,Champions
15835.0,46,3,675.51,4,3,3,433,10,Loyal Customers
15837.0,394,1,385.03,1,1,2,112,4,Hibernating / Lost
15838.0,17,27,54673.42,5,5,5,555,15,Champions
15839.0,57,1,299.18,4,1,2,412,7,New Customers
15840.0,81,1,241.74,4,1,1,411,6,New Customers
15841.0,127,7,2131.61,3,4,4,344,11,Loyal Customers
15842.0,302,2,548.8,2,2,2,222,6,About to Sleep
15843.0,212,1,118.95,3,1,1,311,5,Others / Need Attention
15845.0,53,8,3241.27,4,5,5,455,14,Champions
15846.0,294,1,107.01,2,1,1,211,4,About to Sleep
15847.0,197,4,613.98,3,4,3,343,10,Loyal Customers
15848.0,530,1,139.94,1,1,1,111,3,Hibernating / Lost
15850.0,77,5,938.75,4,4,3,443,11,Champions
15851.0,435,1,109.73,1,1,1,111,3,Hibernating / Lost
15852.0,95,3,257.26,4,3,1,431,8,Loyal Customers
15854.0,49,18,5002.85,4,5,5,455,14,Champions
15855.0,45,6,1052.72,4,4,3,443,11,Champions
15856.0,4,42,29274.71,5,5,5,555,15,Champions
15857.0,339,1,273.48,2,1,2,212,5,About to Sleep
15858.0,198,10,3337.74,3,5,5,355,13,Loyal Customers
15859.0,341,1,438.46,2,1,2,212,5,About to Sleep
15860.0,7,15,2295.14,5,5,4,554,14,Champions
15861.0,43,7,2366.43,4,4,4,444,12,Champions
15862.0,21,12,2755.14,5,5,5,555,15,Champions
15863.0,101,4,299.06,4,4,2,442,10,Champions
15864.0,7,4,1202.3,5,4,4,544,13,Champions
15865.0,122,3,1667.72,3,3,4,334,10,Loyal Customers
15866.0,10,1,230.53,5,1,1,511,7,New Customers
15867.0,22,28,8201.22,5,5,5,555,15,Champions
15868.0,492,1,94.53,1,1,1,111,3,Hibernating / Lost
15869.0,186,3,323.66,3,3,2,332,8,Loyal Customers
15870.0,305,3,508.52,2,3,2,232,7,At Risk
15871.0,346,1,33.1,2,1,1,211,4,About to Sleep
15872.0,287,2,434.75,2,2,2,222,6,About to Sleep
15873.0,408,4,313.92,1,4,2,142,7,Can't Lose Them
15874.0,86,20,9086.63,4,5,5,455,14,Champions
15875.0,555,1,111.72,1,1,1,111,3,Hibernating / Lost
15876.0,318,2,1449.14,2,2,4,224,8,About to Sleep
15878.0,470,2,330.77,1,2,2,122,5,Hibernating / Lost
15879.0,313,4,1157.3,2,4,4,244,10,At Risk
15880.0,278,1,686.56,2,1,3,213,6,About to Sleep
15881.0,221,5,501.39,3,4,2,342,9,Loyal Customers
15882.0,107,8,1495.98,3,5,4,354,12,Loyal Customers
15884.0,341,2,249.7,2,2,1,221,5,About to Sleep
15885.0,1,15,1951.82,5,5,4,554,14,Champions
15886.0,325,3,871.78,2,3,3,233,8,At Risk
15887.0,315,3,1027.15,2,3,3,233,8,At Risk
15888.0,309,2,260.85,2,2,1,221,5,About to Sleep
15889.0,65,8,1806.28,4,5,4,454,13,Champions
15890.0,303,5,535.65,2,4,2,242,8,At Risk
15891.0,135,1,524.52,3,1,2,312,6,Others / Need Attention
15892.0,578,1,128.2,1,1,1,111,3,Hibernating / Lost
15893.0,390,1,305.28,1,1,2,112,4,Hibernating / Lost
15894.0,162,2,420.29,3,2,2,322,7,Promising / Potential
15895.0,58,1,179.17,4,1,1,411,6,New Customers
15897.0,103,2,222.05,4,2,1,421,7,Promising / Potential
15898.0,135,24,5210.42,3,5,5,355,13,Loyal Customers
15899.0,277,1,112.5,2,1,1,211,4,About to Sleep
15900.0,322,3,549.29,2,3,2,232,7,At Risk
15901.0,63,5,449.83,4,4,2,442,10,Champions
15902.0,289,1,145.01,2,1,1,211,4,About to Sleep
15903.0,136,7,4454.72,3,4,5,345,12,Loyal Customers
15905.0,452,1,114.69,1,1,1,111,3,Hibernating / Lost
15906.0,53,7,1785.66,4,4,4,444,12,Champions
15907.0,85,2,529.52,4,2,2,422,8,Promising / Potential
15908.0,399,2,764.57,1,2,3,123,6,Hibernating / Lost
15909.0,82,1,191.94,4,1,1,411,6,New Customers
15910.0,8,12,2112.98,5,5,4,554,14,Champions
15911.0,532,8,1702.34,1,5,4,154,10,Can't Lose Them
15912.0,87,9,1074.7,4,5,3,453,12,Champions
15913.0,443,1,6.3,1,1,1,111,3,Hibernating / Lost
15914.0,287,2,205.99,2,2,1,221,5,About to Sleep
15915.0,310,1,429.21,2,1,2,212,5,About to Sleep
15916.0,100,10,2747.61,4,5,5,455,14,Champions
15917.0,156,5,560.63,3,4,2,342,9,Loyal Customers
15918.0,99,3,582.88,4,3,3,433,10,Loyal Customers
15919.0,277,1,541.44,2,1,2,212,5,About to Sleep
15920.0,63,9,571.64,4,5,3,453,12,Champions
15921.0,81,4,802.11,4,4,3,443,11,Champions
15922.0,282,1,739.0,2,1,3,213,6,About to Sleep
15923.0,281,1,254.16,2,1,1,211,4,About to Sleep
15924.0,640,1,102.82,1,1,1,111,3,Hibernating / Lost
15925.0,103,1,207.15,4,1,1,411,6,New Customers
15926.0,451,1,134.44,1,1,1,111,3,Hibernating / Lost
15927.0,556,1,123.39,1,1,1,111,3,Hibernating / Lost
15928.0,565,1,293.53,1,1,2,112,4,Hibernating / Lost
15929.0,553,1,594.0,1,1,3,113,5,Hibernating / Lost
15931.0,337,1,239.9,2,1,1,211,4,About to Sleep
15932.0,16,6,1885.95,5,4,4,544,13,Champions
15934.0,326,2,2190.66,2,2,4,224,8,About to Sleep
15935.0,148,2,416.86,3,2,2,322,7,Promising / Potential
15936.0,288,2,282.79,2,2,2,222,6,About to Sleep
15938.0,21,9,734.81,5,5,3,553,13,Champions
15939.0,16,15,8805.63,5,5,5,555,15,Champions
15940.0,220,1,35.8,3,1,1,311,5,Others / Need Attention
15941.0,546,1,405.0,1,1,2,112,4,Hibernating / Lost
15942.0,42,1,337.44,4,1,2,412,7,New Customers
15943.0,558,2,271.29,1,2,2,122,5,Hibernating / Lost
15944.0,185,4,2164.24,3,4,4,344,11,Loyal Customers
15945.0,274,4,827.27,2,4,3,243,9,At Risk
15946.0,411,3,2304.18,1,3,4,134,8,Others / Need Attention
15948.0,333,1,553.85,2,1,2,212,5,About to Sleep
15950.0,15,8,6506.58,5,5,5,555,15,Champions
15951.0,194,2,680.12,3,2,3,323,8,Promising / Potential
15952.0,68,2,327.8,4,3,2,432,9,Loyal Customers
15953.0,120,14,2836.31,3,5,5,355,13,Loyal Customers
15954.0,498,1,190.75,1,1,1,111,3,Hibernating / Lost
15955.0,15,16,6705.75,5,5,5,555,15,Champions
15956.0,460,2,617.6,1,3,3,133,7,Others / Need Attention
15957.0,329,2,501.21,2,3,2,232,7,At Risk
15958.0,312,3,388.64,2,3,2,232,7,At Risk
15959.0,591,3,579.49,1,3,3,133,7,Others / Need Attention
15960.0,283,4,410.95,2,4,2,242,8,At Risk
15961.0,288,1,451.29,2,1,2,212,5,About to Sleep
15962.0,358,1,295.83,1,1,2,112,4,Hibernating / Lost
15964.0,572,1,272.96,1,1,2,112,4,Hibernating / Lost
15965.0,276,10,2323.64,2,5,4,254,11,At Risk
15966.0,359,1,426.53,1,1,2,112,4,Hibernating / Lost
15967.0,227,11,2796.57,3,5,5,355,13,Loyal Customers
15968.0,297,1,418.05,2,1,2,212,5,About to Sleep
15969.0,94,3,769.65,4,3,3,433,10,Loyal Customers
15970.0,212,2,1017.32,3,3,3,333,9,Loyal Customers
15971.0,17,13,3812.43,5,5,5,555,15,Champions
15972.0,365,5,1810.27,1,4,4,144,9,Can't Lose Them
15973.0,275,3,988.44,2,3,3,233,8,At Risk
15974.0,4,6,2895.01,5,4,5,545,14,Champions
15976.0,74,6,1746.64,4,4,4,444,12,Champions
15978.0,341,2,2180.64,2,3,4,234,9,At Risk
15979.0,511,1,329.22,1,1,2,112,4,Hibernating / Lost
15980.0,163,5,4955.0,3,4,5,345,12,Loyal Customers
15981.0,46,19,8412.49,4,5,5,455,14,Champions
15982.0,514,1,324.51,1,1,2,112,4,Hibernating / Lost
15983.0,269,7,3632.07,2,4,5,245,11,At Risk
15984.0,9,27,7770.41,5,5,5,555,15,Champions
15985.0,32,7,2715.28,5,4,5,545,14,Champions
15986.0,290,1,186.3,2,1,1,211,4,About to Sleep
15987.0,29,7,1437.27,5,4,4,544,13,Champions
15988.0,460,2,612.06,1,3,3,133,7,Others / Need Attention
15989.0,284,2,372.51,2,3,2,232,7,At Risk
15990.0,196,6,1619.31,3,4,4,344,11,Loyal Customers
15991.0,443,1,150.55,1,1,1,111,3,Hibernating / Lost
15992.0,305,2,854.61,2,3,3,233,8,At Risk
15994.0,320,2,775.11,2,3,3,233,8,At Risk
15995.0,323,1,696.19,2,1,3,213,6,About to Sleep
15996.0,25,6,1534.08,5,4,4,544,13,Champions
15998.0,80,14,7330.43,4,5,5,455,14,Champions
15999.0,644,1,20.4,1,1,1,111,3,Hibernating / Lost
16001.0,290,1,583.39,2,1,3,213,6,About to Sleep
16002.0,534,1,169.21,1,1,1,111,3,Hibernating / Lost
16003.0,43,8,4672.36,4,5,5,455,14,Champions
16004.0,383,5,2146.39,1,4,4,144,9,Can't Lose Them
16005.0,91,8,2118.91,4,5,4,454,13,Champions
16006.0,120,2,347.17,3,3,2,332,8,Loyal Customers
16007.0,89,5,2106.65,4,4,4,444,12,Champions
16008.0,113,13,5044.5,3,5,5,355,13,Loyal Customers
16009.0,68,1,462.19,4,1,2,412,7,New Customers
16010.0,154,11,1724.06,3,5,4,354,12,Loyal Customers
16011.0,1,25,4713.16,5,5,5,555,15,Champions
16012.0,37,4,2706.62,4,4,5,445,13,Champions
16013.0,7,72,43725.18,5,5,5,555,15,Champions
16014.0,61,4,997.82,4,4,3,443,11,Champions
16016.0,105,7,1842.75,4,4,4,444,12,Champions
16017.0,326,4,1341.95,2,4,4,244,10,At Risk
16018.0,89,3,451.13,4,3,2,432,9,Loyal Customers
16019.0,45,25,16631.86,4,5,5,455,14,Champions
16021.0,304,2,532.25,2,3,2,232,7,At Risk
16022.0,169,1,628.28,3,1,3,313,7,Others / Need Attention
16023.0,101,2,500.69,4,3,2,432,9,Loyal Customers
16024.0,320,2,232.96,2,3,1,231,6,At Risk
16027.0,0,15,2048.36,5,5,4,554,14,Champions
16028.0,504,1,82.2,1,1,1,111,3,Hibernating / Lost
16029.0,2,96,95488.44,5,5,5,555,15,Champions
16030.0,218,1,331.24,3,1,2,312,6,Others / Need Attention
16031.0,1,2,548.94,5,3,2,532,10,Loyal Customers
16032.0,365,6,1970.45,1,4,4,144,9,Can't Lose Them
16033.0,17,23,7898.03,5,5,5,555,15,Champions
16034.0,105,6,928.72,4,4,3,443,11,Champions
16035.0,469,1,217.73,1,1,1,111,3,Hibernating / Lost
16036.0,172,3,1986.65,3,3,4,334,10,Loyal Customers
16037.0,178,5,1509.34,3,4,4,344,11,Loyal Customers
16038.0,86,2,393.33,4,3,2,432,9,Loyal Customers
16039.0,332,2,456.4,2,3,2,232,7,At Risk
16040.0,57,6,1979.53,4,4,4,444,12,Champions
16041.0,50,2,2739.8,4,3,5,435,12,Loyal Customers
16042.0,16,5,1528.13,5,4,4,544,13,Champions
16043.0,120,7,1759.09,3,4,4,344,11,Loyal Customers
16044.0,344,1,340.84,2,1,2,212,5,About to Sleep
16045.0,28,8,3434.93,5,5,5,555,15,Champions
16046.0,471,1,235.78,1,1,1,111,3,Hibernating / Lost
16047.0,591,1,107.14,1,1,1,111,3,Hibernating / Lost
16048.0,282,4,1075.23,2,4,3,243,9,At Risk
16049.0,284,3,787.89,2,3,3,233,8,At Risk
16050.0,82,3,300.7,4,3,2,432,9,Loyal Customers
16051.0,590,1,188.44,1,1,1,111,3,Hibernating / Lost
16053.0,31,5,3247.08,5,4,5,545,14,Champions
16054.0,54,4,2111.88,4,4,4,444,12,Champions
16055.0,129,1,134.8,3,1,1,311,5,Others / Need Attention
16057.0,5,9,3135.96,5,5,5,555,15,Champions
16058.0,315,1,62.7,2,1,1,211,4,About to Sleep
16059.0,72,10,2709.21,4,5,5,455,14,Champions
16060.0,309,3,541.95,2,3,2,232,7,At Risk
16061.0,340,1,89.65,2,1,1,211,4,About to Sleep
16062.0,42,7,2487.97,4,4,4,444,12,Champions
16063.0,169,1,335.32,3,1,2,312,6,Others / Need Attention
16064.0,634,1,111.0,1,1,1,111,3,Hibernating / Lost
16065.0,274,8,2382.62,2,5,4,254,11,At Risk
16066.0,33,1,316.38,5,1,2,512,8,New Customers
16067.0,471,3,3395.29,1,3,5,135,9,Others / Need Attention
16068.0,502,1,122.93,1,1,1,111,3,Hibernating / Lost
16069.0,326,1,457.7,2,1,2,212,5,About to Sleep
16071.0,436,3,750.56,1,3,3,133,7,Others / Need Attention
16072.0,197,4,4328.89,3,4,5,345,12,Loyal Customers
16073.0,206,1,122.4,3,1,1,311,5,Others / Need Attention
16074.0,299,1,265.25,2,1,1,211,4,About to Sleep
16075.0,411,2,736.93,1,3,3,133,7,Others / Need Attention
16076.0,1,5,1357.98,5,4,4,544,13,Champions
16077.0,534,1,2300.4,1,1,4,114,6,Hibernating / Lost
16078.0,192,2,362.99,3,3,2,332,8,Loyal Customers
16080.0,183,3,515.66,3,3,2,332,8,Loyal Customers
16081.0,94,6,2645.65,4,4,4,444,12,Champions
16082.0,579,1,106.75,1,1,1,111,3,Hibernating / Lost
16083.0,9,4,2351.42,5,4,4,544,13,Champions
16084.0,208,1,436.18,3,1,2,312,6,Others / Need Attention
16085.0,145,9,1687.06,3,5,4,354,12,Loyal Customers
16086.0,7,9,2643.3,5,5,4,554,14,Champions
16087.0,298,5,1739.92,2,4,4,244,10,At Risk
16088.0,484,2,1437.43,1,3,4,134,8,Others / Need Attention
16089.0,295,2,271.44,2,3,2,232,7,At Risk
16090.0,533,1,205.91,1,1,1,111,3,Hibernating / Lost
16091.0,63,2,315.06,4,3,2,432,9,Loyal Customers
16092.0,23,6,1587.94,5,4,4,544,13,Champions
16093.0,15,1,17.0,5,1,1,511,7,New Customers
16094.0,128,8,2869.43,3,5,5,355,13,Loyal Customers
16095.0,365,1,447.05,1,1,2,112,4,Hibernating / Lost
16096.0,173,4,1584.97,3,4,4,344,11,Loyal Customers
16097.0,149,1,185.05,3,1,1,311,5,Others / Need Attention
16098.0,37,13,4154.96,4,5,5,455,14,Champions
16099.0,46,6,1433.4,4,4,4,444,12,Champions
16100.0,371,1,582.64,1,1,3,113,5,Hibernating / Lost
16101.0,343,3,1938.46,2,3,4,234,9,At Risk
16102.0,7,2,1392.84,5,3,4,534,12,Loyal Customers
16103.0,66,20,5918.47,4,5,5,455,14,Champions
16104.0,327,8,2476.25,2,5,4,254,11,At Risk
16105.0,157,5,2386.19,3,4,4,344,11,Loyal Customers
16107.0,12,3,1494.12,5,3,4,534,12,Loyal Customers
16108.0,343,3,1393.42,2,3,4,234,9,At Risk
16109.0,127,3,939.48,3,3,3,333,9,Loyal Customers
16110.0,171,3,1175.72,3,3,4,334,10,Loyal Customers
16111.0,337,1,562.48,2,1,2,212,5,About to Sleep
16112.0,52,4,195.74,4,4,1,441,9,Champions
16113.0,92,1,161.38,4,1,1,411,6,New Customers
16114.0,79,1,135.75,4,1,1,411,6,New Customers
16115.0,26,9,1838.85,5,5,4,554,14,Champions
16116.0,120,1,612.78,3,1,3,313,7,Others / Need Attention
16117.0,98,3,654.4,4,3,3,433,10,Loyal Customers
16118.0,561,1,4376.25,1,1,5,115,7,Hibernating / Lost
16119.0,303,6,1297.45,2,4,4,244,10,At Risk
16120.0,331,2,1747.77,2,3,4,234,9,At Risk
16121.0,124,4,897.87,3,4,3,343,10,Loyal Customers
16122.0,21,5,867.18,5,4,3,543,12,Champions
16124.0,226,4,1772.49,3,4,4,344,11,Loyal Customers
16125.0,276,14,4587.65,2,5,5,255,12,At Risk
16126.0,10,14,12065.73,5,5,5,555,15,Champions
16127.0,635,1,145.06,1,1,1,111,3,Hibernating / Lost
16128.0,52,8,2615.53,4,5,4,454,13,Champions
16129.0,316,3,1396.05,2,3,4,234,9,At Risk
16130.0,331,4,987.48,2,4,3,243,9,At Risk
16131.0,24,10,8729.38,5,5,5,555,15,Champions
16132.0,453,2,664.2,1,3,3,133,7,Others / Need Attention
16133.0,10,46,19022.49,5,5,5,555,15,Champions
16134.0,268,4,1810.78,2,4,4,244,10,At Risk
16135.0,171,2,819.45,3,3,3,333,9,Loyal Customers
16136.0,186,2,396.72,3,3,2,332,8,Loyal Customers
16137.0,589,1,422.7,1,1,2,112,4,Hibernating / Lost
16138.0,287,3,910.35,2,3,3,233,8,At Risk
16139.0,21,4,782.11,5,4,3,543,12,Champions
16140.0,280,2,956.56,2,3,3,233,8,At Risk
16141.0,326,1,335.54,2,1,2,212,5,About to Sleep
16142.0,158,1,535.34,3,1,2,312,6,Others / Need Attention
16143.0,17,11,4435.25,5,5,5,555,15,Champions
16144.0,155,1,175.2,3,1,1,311,5,Others / Need Attention
16145.0,8,16,5606.26,5,5,5,555,15,Champions
16146.0,66,4,946.38,4,4,3,443,11,Champions
16147.0,42,5,2398.91,4,4,4,444,12,Champions
16148.0,205,2,386.62,3,3,2,332,8,Loyal Customers
16149.0,51,2,305.38,4,3,2,432,9,Loyal Customers
16150.0,37,8,3751.27,4,5,5,455,14,Champions
16152.0,177,1,1829.04,3,1,4,314,8,Others / Need Attention
16153.0,24,10,4332.8,5,5,5,555,15,Champions
16155.0,290,5,796.9,2,4,3,243,9,At Risk
16156.0,60,16,4541.31,4,5,5,455,14,Champions
16158.0,431,9,628.32,1,5,3,153,9,Can't Lose Them
16159.0,190,4,1232.79,3,4,4,344,11,Loyal Customers
16161.0,49,36,10319.94,4,5,5,455,14,Champions
16162.0,161,1,37.4,3,1,1,311,5,Others / Need Attention
16163.0,141,6,2849.58,3,4,5,345,12,Loyal Customers
16165.0,414,1,79.9,1,1,1,111,3,Hibernating / Lost
16166.0,337,2,435.83,2,3,2,232,7,At Risk
16167.0,323,5,1386.12,2,4,4,244,10,At Risk
16168.0,3,57,9480.99,5,5,5,555,15,Champions
16170.0,21,19,6544.61,5,5,5,555,15,Champions
16172.0,4,8,1884.55,5,5,4,554,14,Champions
16173.0,0,2,635.05,5,3,3,533,11,Loyal Customers
16174.0,35,7,2246.75,5,4,4,544,13,Champions
16175.0,3,7,1836.44,5,4,4,544,13,Champions
16176.0,330,4,2052.69,2,4,4,244,10,At Risk
16177.0,345,7,1915.36,2,4,4,244,10,At Risk
16178.0,47,2,612.6,4,3,3,433,10,Loyal Customers
16180.0,9,13,16249.87,5,5,5,555,15,Champions
16182.0,39,8,8198.0,4,5,5,455,14,Champions
16183.0,303,3,739.1,2,3,3,233,8,At Risk
16184.0,14,5,985.8,5,4,3,543,12,Champions
16185.0,141,2,450.31,3,3,2,332,8,Loyal Customers
16186.0,12,23,7715.7,5,5,5,555,15,Champions
16187.0,8,12,5395.7,5,5,5,555,15,Champions
16188.0,50,4,860.83,4,4,3,443,11,Champions
16190.0,303,7,2508.47,2,4,4,244,10,At Risk
16191.0,171,19,13123.18,3,5,5,355,13,Loyal Customers
16192.0,644,1,351.3,1,1,2,112,4,Hibernating / Lost
16193.0,145,2,630.43,3,3,3,333,9,Loyal Customers
16194.0,284,1,308.6,2,1,2,212,5,About to Sleep
16195.0,632,1,323.25,1,1,2,112,4,Hibernating / Lost
16196.0,397,1,93.3,1,1,1,111,3,Hibernating / Lost
16197.0,378,9,2016.71,1,5,4,154,10,Can't Lose Them
16198.0,346,1,629.36,2,1,3,213,6,About to Sleep
16199.0,301,7,942.75,2,4,3,243,9,At Risk
16200.0,73,11,5113.4,4,5,5,455,14,Champions
16201.0,18,2,552.45,5,3,2,532,10,Loyal Customers
16202.0,269,9,2501.99,2,5,4,254,11,At Risk
16203.0,56,5,899.94,4,4,3,443,11,Champions
16204.0,289,2,538.53,2,3,2,232,7,At Risk
16205.0,88,4,1181.58,4,4,4,444,12,Champions
16206.0,33,12,2475.12,5,5,4,554,14,Champions
16208.0,198,9,3273.78,3,5,5,355,13,Loyal Customers
16209.0,28,8,4001.06,5,5,5,555,15,Champions
16210.0,7,28,28652.17,5,5,5,555,15,Champions
16211.0,330,2,543.57,2,3,2,232,7,At Risk
16212.0,192,3,1101.52,3,3,3,333,9,Loyal Customers
16214.0,79,4,2038.25,4,4,4,444,12,Champions
16216.0,176,1,914.93,3,1,3,313,7,Others / Need Attention
16217.0,144,2,304.25,3,3,2,332,8,Loyal Customers
16218.0,23,12,3990.77,5,5,5,555,15,Champions
16219.0,409,1,40.8,1,1,1,111,3,Hibernating / Lost
16221.0,184,8,1686.02,3,5,4,354,12,Loyal Customers
16222.0,227,2,1345.22,3,3,4,334,10,Loyal Customers
16223.0,283,2,1102.35,2,3,3,233,8,At Risk
16224.0,50,4,1187.12,4,4,4,444,12,Champions
16225.0,58,14,2724.73,4,5,5,455,14,Champions
16226.0,112,5,672.17,3,4,3,343,10,Loyal Customers
16227.0,134,3,1027.22,3,3,3,333,9,Loyal Customers
16228.0,294,3,890.81,2,3,3,233,8,At Risk
16229.0,121,5,2215.46,3,4,4,344,11,Loyal Customers
16230.0,98,2,542.03,4,3,2,432,9,Loyal Customers
16231.0,288,4,1078.22,2,4,3,243,9,At Risk
16232.0,52,6,2447.13,4,4,4,444,12,Champions
16233.0,238,8,1755.53,3,5,4,354,12,Loyal Customers
16234.0,385,3,333.18,1,3,2,132,6,Others / Need Attention
16235.0,95,7,1851.69,4,4,4,444,12,Champions
16237.0,346,1,136.65,2,1,1,211,4,About to Sleep
16238.0,331,1,63.66,2,1,1,211,4,About to Sleep
16239.0,98,5,1425.9,4,4,4,444,12,Champions
16241.0,5,13,3507.58,5,5,5,555,15,Champions
16242.0,74,10,4717.78,4,5,5,455,14,Champions
16244.0,120,2,2579.38,3,3,4,334,10,Loyal Customers
16245.0,30,2,769.7,5,3,3,533,11,Loyal Customers
16246.0,368,2,827.25,1,3,3,133,7,Others / Need Attention
16247.0,79,1,114.56,4,1,1,411,6,New Customers
16249.0,21,4,1440.77,5,4,4,544,13,Champions
16250.0,170,3,791.38,3,3,3,333,9,Loyal Customers
16251.0,421,1,128.31,1,1,1,111,3,Hibernating / Lost
16252.0,291,1,295.09,2,1,2,212,5,About to Sleep
16253.0,164,6,5326.69,3,4,5,345,12,Loyal Customers
16254.0,287,3,985.14,2,3,3,233,8,At Risk
16255.0,4,14,4469.68,5,5,5,555,15,Champions
16256.0,175,3,1629.37,3,3,4,334,10,Loyal Customers
16257.0,85,1,46.95,4,1,1,411,6,New Customers
16258.0,36,14,10480.07,5,5,5,555,15,Champions
16259.0,319,3,361.94,2,3,2,232,7,At Risk
16261.0,22,4,731.0,5,4,3,543,12,Champions
16262.0,287,1,755.15,2,1,3,213,6,About to Sleep
16263.0,332,1,351.01,2,1,2,212,5,About to Sleep
16264.0,347,2,837.53,2,3,3,233,8,At Risk
16265.0,19,10,5550.19,5,5,5,555,15,Champions
16266.0,24,13,1657.18,5,5,4,554,14,Champions
16267.0,500,1,186.66,1,1,1,111,3,Hibernating / Lost
16269.0,346,1,717.57,2,1,3,213,6,About to Sleep
16270.0,262,1,1141.24,2,1,3,213,6,About to Sleep
16271.0,35,8,2926.81,5,5,5,555,15,Champions
16272.0,25,1,411.7,5,1,2,512,8,New Customers
16273.0,557,2,336.04,1,3,2,132,6,Others / Need Attention
16274.0,282,1,715.9,2,1,3,213,6,About to Sleep
16275.0,105,3,2151.11,4,3,4,434,11,Loyal Customers
16276.0,85,3,2629.39,4,3,4,434,11,Loyal Customers
16277.0,642,1,188.69,1,1,1,111,3,Hibernating / Lost
16278.0,9,3,1117.84,5,3,3,533,11,Loyal Customers
16279.0,85,7,4554.58,4,4,5,445,13,Champions
16280.0,634,1,238.05,1,1,1,111,3,Hibernating / Lost
16281.0,332,2,1361.96,2,3,4,234,9,At Risk
16282.0,248,3,1307.58,2,3,4,234,9,At Risk
16283.0,29,6,3419.36,5,4,5,545,14,Champions
16284.0,302,1,205.8,2,1,1,211,4,About to Sleep
16285.0,555,1,176.9,1,1,1,111,3,Hibernating / Lost
16286.0,386,2,328.95,1,3,2,132,6,Others / Need Attention
16287.0,78,5,1006.98,4,4,3,443,11,Champions
16288.0,379,1,129.85,1,1,1,111,3,Hibernating / Lost
16289.0,371,1,136.31,1,1,1,111,3,Hibernating / Lost
16290.0,373,4,2069.3,1,4,4,144,9,Can't Lose Them
16291.0,591,1,117.72,1,1,1,111,3,Hibernating / Lost
16292.0,30,5,1253.76,5,4,4,544,13,Champions
16293.0,0,11,3863.29,5,5,5,555,15,Champions
16294.0,385,1,126.05,1,1,1,111,3,Hibernating / Lost
16296.0,535,4,1313.67,1,4,4,144,9,Can't Lose Them
16297.0,177,1,301.9,3,1,2,312,6,Others / Need Attention
16298.0,95,5,601.8,4,4,3,443,11,Champions
16299.0,386,1,193.65,1,1,1,111,3,Hibernating / Lost
16300.0,339,3,1392.43,2,3,4,234,9,At Risk
16301.0,645,1,107.33,1,1,1,111,3,Hibernating / Lost
16302.0,35,1,233.22,5,1,1,511,7,New Customers
16303.0,24,6,6603.97,5,4,5,545,14,Champions
16304.0,603,1,381.66,1,1,2,112,4,Hibernating / Lost
16305.0,47,1,361.22,4,1,2,412,7,New Customers
16306.0,122,7,1192.82,3,4,4,344,11,Loyal Customers
16307.0,338,3,1194.92,2,3,4,234,9,At Risk
16308.0,16,6,4160.0,5,4,5,545,14,Champions
16309.0,15,2,706.57,5,3,3,533,11,Loyal Customers
16310.0,323,2,460.08,2,3,2,232,7,At Risk
16312.0,341,1,171.15,2,1,1,211,4,About to Sleep
16314.0,298,3,1491.4,2,3,4,234,9,At Risk
16315.0,239,2,402.71,3,3,2,332,8,Loyal Customers
16316.0,66,12,5018.81,4,5,5,455,14,Champions
16317.0,28,5,2192.51,5,4,4,544,13,Champions
16319.0,126,1,404.4,3,1,2,312,6,Others / Need Attention
16320.0,81,6,5628.99,4,4,5,445,13,Champions
16321.0,214,5,454.55,3,4,2,342,9,Loyal Customers
16323.0,105,2,353.66,4,3,2,432,9,Loyal Customers
16324.0,37,3,428.68,4,3,2,432,9,Loyal Customers
16325.0,64,11,3419.28,4,5,5,455,14,Champions
16326.0,5,18,3254.0,5,5,5,555,15,Champions
16327.0,108,14,9356.76,3,5,5,355,13,Loyal Customers
16328.0,472,1,310.83,1,2,2,122,5,Hibernating / Lost
16329.0,336,4,1703.07,2,4,4,244,10,At Risk
16330.0,21,6,431.38,5,4,2,542,11,Champions
16331.0,341,6,2037.7,2,4,4,244,10,At Risk
16332.0,39,7,1076.48,4,4,3,443,11,Champions
16333.0,7,18,15619.6,5,5,5,555,15,Champions
16334.0,401,1,277.48,1,2,2,122,5,Hibernating / Lost
16335.0,460,7,2774.0,1,4,5,145,10,Can't Lose Them
16336.0,329,4,3517.69,2,4,5,245,11,At Risk
16338.0,66,1,214.8,4,2,1,421,7,Promising / Potential
16339.0,193,1,109.95,3,2,1,321,6,Promising / Potential
16340.0,16,3,1526.06,5,3,4,534,12,Loyal Customers
16341.0,110,4,2676.57,3,4,4,344,11,Loyal Customers
16342.0,16,3,283.71,5,3,2,532,10,Loyal Customers
16343.0,316,1,316.59,2,2,2,222,6,About to Sleep
16344.0,67,4,842.42,4,4,3,443,11,Champions
16345.0,392,1,623.33,1,2,3,123,6,Hibernating / Lost
16346.0,294,1,224.51,2,2,1,221,5,About to Sleep
16347.0,297,9,2621.76,2,5,4,254,11,At Risk
16348.0,37,5,1103.91,4,4,3,443,11,Champions
16349.0,199,1,53.5,3,2,1,321,6,Promising / Potential
16350.0,242,6,1514.12,3,4,4,344,11,Loyal Customers
16351.0,241,13,3330.03,3,5,5,355,13,Loyal Customers
16353.0,0,29,6791.56,5,5,5,555,15,Champions
16354.0,288,3,733.71,2,3,3,233,8,At Risk
16355.0,284,1,416.35,2,2,2,222,6,About to Sleep
16356.0,106,6,415.87,4,4,2,442,10,Champions
16357.0,71,3,467.44,4,3,2,432,9,Loyal Customers
16358.0,93,2,1354.3,4,3,4,434,11,Loyal Customers
16359.0,3,14,2358.06,5,5,4,554,14,Champions
16362.0,0,4,592.22,5,4,3,543,12,Champions
16364.0,46,1,347.55,4,2,2,422,8,Promising / Potential
16365.0,32,13,2629.34,5,5,4,554,14,Champions
16366.0,491,3,1220.83,1,3,4,134,8,Others / Need Attention
16367.0,271,2,728.82,2,3,3,233,8,At Risk
16368.0,344,1,142.78,2,2,1,221,5,About to Sleep
16369.0,105,5,1465.6,4,4,4,444,12,Champions
16370.0,26,3,953.11,5,3,3,533,11,Loyal Customers
16371.0,357,1,157.2,1,2,1,121,4,Hibernating / Lost
16372.0,318,3,960.68,2,3,3,233,8,At Risk
16373.0,291,2,309.49,2,3,2,232,7,At Risk
16374.0,171,4,1454.72,3,4,4,344,11,Loyal Customers
16375.0,379,2,104.0,1,3,1,131,5,Others / Need Attention
16377.0,176,2,1308.48,3,3,4,334,10,Loyal Customers
16378.0,156,3,362.95,3,3,2,332,8,Loyal Customers
16381.0,304,2,258.7,2,3,1,231,6,At Risk
16382.0,317,2,353.1,2,3,2,232,7,At Risk
16383.0,177,6,2615.94,3,4,4,344,11,Loyal Customers
16384.0,172,3,1183.55,3,3,4,334,10,Loyal Customers
16385.0,67,4,749.57,4,4,3,443,11,Champions
16386.0,162,2,846.49,3,3,3,333,9,Loyal Customers
16387.0,231,5,918.55,3,4,3,343,10,Loyal Customers
16388.0,562,1,186.05,1,2,1,121,4,Hibernating / Lost
16389.0,114,2,670.17,3,3,3,333,9,Loyal Customers
16390.0,445,3,467.5,1,3,2,132,6,Others / Need Attention
16391.0,309,4,1103.61,2,4,3,243,9,At Risk
16392.0,178,3,763.05,3,3,3,333,9,Loyal Customers
16393.0,3,19,4280.72,5,5,5,555,15,Champions
16394.0,80,3,933.1,4,3,3,433,10,Loyal Customers
16395.0,77,12,3018.2,4,5,5,455,14,Champions
16396.0,385,1,137.8,1,2,1,121,4,Hibernating / Lost
16397.0,537,1,127.88,1,2,1,121,4,Hibernating / Lost
16398.0,63,2,1705.8,4,3,4,434,11,Loyal Customers
16399.0,144,2,411.66,3,3,2,332,8,Loyal Customers
16400.0,3,9,3159.44,5,5,5,555,15,Champions
16401.0,40,18,5206.25,4,5,5,455,14,Champions
16402.0,173,2,511.4,3,3,2,332,8,Loyal Customers
16403.0,221,1,177.5,3,2,1,321,6,Promising / Potential
16405.0,211,2,167.25,3,3,1,331,7,Loyal Customers
16406.0,359,2,389.61,1,3,2,132,6,Others / Need Attention
16407.0,19,12,2224.34,5,5,4,554,14,Champions
16408.0,500,1,231.93,1,2,1,121,4,Hibernating / Lost
16409.0,59,10,4719.43,4,5,5,455,14,Champions
16410.0,643,1,130.32,1,2,1,121,4,Hibernating / Lost
16411.0,278,3,827.04,2,3,3,233,8,At Risk
16412.0,302,4,495.4,2,4,2,242,8,At Risk
16413.0,284,1,266.78,2,2,1,221,5,About to Sleep
16414.0,189,4,484.26,3,4,2,342,9,Loyal Customers
16415.0,492,2,509.09,1,3,2,132,6,Others / Need Attention
16416.0,299,6,1921.48,2,4,4,244,10,At Risk
16417.0,401,1,35.7,1,2,1,121,4,Hibernating / Lost
16418.0,1,4,795.03,5,4,3,543,12,Champions
16419.0,21,8,1487.42,5,5,4,554,14,Champions
16420.0,305,1,75.0,2,2,1,221,5,About to Sleep
16421.0,285,3,526.27,2,3,2,232,7,At Risk
16422.0,8,97,58084.77,5,5,5,555,15,Champions
16424.0,100,2,443.06,4,3,2,432,9,Loyal Customers
16425.0,211,1,302.7,3,2,2,322,7,Promising / Potential
16426.0,1,4,689.83,5,4,3,543,12,Champions
16427.0,172,2,241.06,3,3,1,331,7,Loyal Customers
16428.0,322,3,660.28,2,3,3,233,8,At Risk
16429.0,15,1,284.55,5,2,2,522,9,Promising / Potential
16430.0,290,6,817.09,2,4,3,243,9,At Risk
16431.0,122,3,642.81,3,3,3,333,9,Loyal Customers
16433.0,317,1,200.26,2,2,1,221,5,About to Sleep
16434.0,5,9,2125.83,5,5,4,554,14,Champions
16435.0,421,3,1011.57,1,3,3,133,7,Others / Need Attention
16436.0,577,3,329.34,1,3,2,132,6,Others / Need Attention
16437.0,290,2,301.25,2,3,2,232,7,At Risk
16439.0,631,1,310.7,1,2,2,122,5,Hibernating / Lost
16440.0,123,2,488.76,3,3,2,332,8,Loyal Customers
16441.0,200,4,864.23,3,4,3,343,10,Loyal Customers
16442.0,136,4,719.71,3,4,3,343,10,Loyal Customers
16443.0,429,1,162.24,1,2,1,121,4,Hibernating / Lost
16444.0,4,16,3543.31,5,5,5,555,15,Champions
16445.0,295,3,372.22,2,3,2,232,7,At Risk
16446.0,114,1,2.9,3,2,1,321,6,Promising / Potential
16447.0,44,3,775.14,4,3,3,433,10,Loyal Customers
16448.0,107,2,367.87,3,3,2,332,8,Loyal Customers
16449.0,106,2,707.69,4,3,3,433,10,Loyal Customers
16450.0,58,3,1505.73,4,3,4,434,11,Loyal Customers
16451.0,470,2,746.18,1,3,3,133,7,Others / Need Attention
16452.0,539,2,332.17,1,3,2,132,6,Others / Need Attention
16453.0,439,2,251.71,1,3,1,131,5,Others / Need Attention
16454.0,515,2,24.05,1,3,1,131,5,Others / Need Attention
16455.0,3,10,3866.57,5,5,5,555,15,Champions
16456.0,8,13,6862.91,5,5,5,555,15,Champions
16457.0,127,1,208.36,3,2,1,321,6,Promising / Potential
16458.0,15,23,4384.1,5,5,5,555,15,Champions
16459.0,638,1,71.79,1,2,1,121,4,Hibernating / Lost
16461.0,86,3,1615.22,4,3,4,434,11,Loyal Customers
16462.0,94,2,68.0,4,3,1,431,8,Loyal Customers
16463.0,113,1,319.37,3,2,2,322,7,Promising / Potential
16464.0,51,1,385.0,4,2,2,422,8,Promising / Potential
16465.0,329,2,746.24,2,3,3,233,8,At Risk
16466.0,12,13,3237.31,5,5,5,555,15,Champions
16467.0,417,7,2869.16,1,4,5,145,10,Can't Lose Them
16468.0,379,2,712.62,1,3,3,133,7,Others / Need Attention
16469.0,155,3,455.36,3,3,2,332,8,Loyal Customers
16470.0,24,10,2235.34,5,5,4,554,14,Champions
16471.0,183,4,1189.98,3,4,4,344,11,Loyal Customers
16472.0,343,2,789.6,2,3,3,233,8,At Risk
16473.0,73,4,470.83,4,4,2,442,10,Champions
16474.0,54,1,355.57,4,2,2,422,8,Promising / Potential
16475.0,52,3,459.3,4,3,2,432,9,Loyal Customers
16476.0,340,1,350.35,2,2,2,222,6,About to Sleep
16477.0,40,10,3824.82,4,5,5,455,14,Champions
16481.0,591,1,453.38,1,2,2,122,5,Hibernating / Lost
16483.0,101,1,139.35,4,2,1,421,7,Promising / Potential
16484.0,82,2,404.3,4,3,2,432,9,Loyal Customers
16485.0,341,4,1931.03,2,4,4,244,10,At Risk
16486.0,446,1,134.36,1,2,1,121,4,Hibernating / Lost
16487.0,486,2,209.4,1,3,1,131,5,Others / Need Attention
16488.0,23,2,354.57,5,3,2,532,10,Loyal Customers
16489.0,289,2,303.7,2,3,2,232,7,At Risk
16490.0,345,1,205.41,2,2,1,221,5,About to Sleep
16491.0,322,1,801.66,2,2,3,223,7,About to Sleep
16492.0,449,1,385.56,1,2,2,122,5,Hibernating / Lost
16493.0,82,6,1562.75,4,4,4,444,12,Champions
16494.0,205,1,826.53,3,2,3,323,8,Promising / Potential
16495.0,185,2,246.51,3,3,1,331,7,Loyal Customers
16496.0,116,5,1916.29,3,4,4,344,11,Loyal Customers
16497.0,112,22,5280.29,3,5,5,355,13,Loyal Customers
16498.0,70,2,100.97,4,3,1,431,8,Loyal Customers
16499.0,269,8,2578.34,2,5,4,254,11,At Risk
16500.0,239,4,608.05,3,4,3,343,10,Loyal Customers
16501.0,292,1,1237.23,2,2,4,224,8,About to Sleep
16502.0,529,2,266.5,1,3,1,131,5,Others / Need Attention
16503.0,15,11,3614.34,5,5,5,555,15,Champions
16507.0,481,1,152.76,1,2,1,121,4,Hibernating / Lost
16508.0,539,1,248.8,1,2,1,121,4,Hibernating / Lost
16509.0,205,1,363.7,3,2,2,322,7,Promising / Potential
16510.0,281,6,2100.0,2,4,4,244,10,At Risk
16511.0,53,5,1451.46,4,4,4,444,12,Champions
16515.0,0,9,2839.52,5,5,5,555,15,Champions
16517.0,186,1,162.7,3,2,1,321,6,Promising / Potential
16518.0,193,3,665.75,3,3,3,333,9,Loyal Customers
16519.0,274,3,444.88,2,3,2,232,7,At Risk
16520.0,95,6,2482.62,4,4,4,444,12,Champions
16521.0,324,3,1148.01,2,3,3,233,8,At Risk
16522.0,344,2,433.36,2,3,2,232,7,At Risk
16523.0,4,20,7743.81,5,5,5,555,15,Champions
16524.0,355,2,308.14,1,3,2,132,6,Others / Need Attention
16525.0,8,43,21927.54,5,5,5,555,15,Champions
16526.0,80,2,717.21,4,3,3,433,10,Loyal Customers
16527.0,333,1,1044.38,2,2,3,223,7,About to Sleep
16529.0,99,4,2012.0,4,4,4,444,12,Champions
16530.0,577,1,48.35,1,2,1,121,4,Hibernating / Lost
16531.0,36,8,1738.27,5,5,4,554,14,Champions
16532.0,44,4,6524.64,4,4,5,445,13,Champions
16534.0,551,1,635.9,1,2,3,123,6,Hibernating / Lost
16535.0,294,2,407.84,2,3,2,232,7,At Risk
16536.0,19,1,548.97,5,2,2,522,9,Promising / Potential
16537.0,550,1,23.35,1,2,1,121,4,Hibernating / Lost
16538.0,450,3,399.62,1,3,2,132,6,Others / Need Attention
16539.0,128,9,3396.81,3,5,5,355,13,Loyal Customers
16540.0,323,1,226.7,2,2,1,221,5,About to Sleep
16541.0,644,1,424.03,1,2,2,122,5,Hibernating / Lost
16542.0,310,1,137.7,2,2,1,221,5,About to Sleep
16543.0,500,1,292.21,1,2,2,122,5,Hibernating / Lost
16544.0,428,4,376.7,1,4,2,142,7,Can't Lose Them
16545.0,73,2,689.82,4,3,3,433,10,Loyal Customers
16546.0,199,5,5606.47,3,4,5,345,12,Loyal Customers
16547.0,455,1,111.71,1,2,1,121,4,Hibernating / Lost
16548.0,508,1,30.15,1,2,1,121,4,Hibernating / Lost
16549.0,33,26,9809.07,5,5,5,555,15,Champions
16550.0,17,18,9435.13,5,5,5,555,15,Champions
16551.0,4,7,2237.12,5,4,4,544,13,Champions
16552.0,151,2,475.02,3,3,2,332,8,Loyal Customers
16553.0,72,33,16644.01,4,5,5,455,14,Champions
16554.0,131,7,2318.73,3,4,4,344,11,Loyal Customers
16555.0,18,5,1781.77,5,4,4,544,13,Champions
16556.0,14,16,7255.16,5,5,5,555,15,Champions
16557.0,46,1,101.15,4,2,1,421,7,Promising / Potential
16558.0,1,32,10220.19,5,5,5,555,15,Champions
16559.0,306,1,185.2,2,2,1,221,5,About to Sleep
16560.0,267,7,2539.15,2,4,4,244,10,At Risk
16562.0,385,1,223.86,1,2,1,121,4,Hibernating / Lost
16563.0,309,5,3345.02,2,4,5,245,11,At Risk
16564.0,478,1,87.8,1,2,1,121,4,Hibernating / Lost
16565.0,273,4,773.05,2,4,3,243,9,At Risk
16566.0,79,3,463.88,4,3,2,432,9,Loyal Customers
16567.0,103,2,865.6,4,3,3,433,10,Loyal Customers
16568.0,336,2,1020.9,2,3,3,233,8,At Risk
16569.0,540,4,1331.03,1,4,4,144,9,Can't Lose Them
16570.0,36,16,5829.98,5,5,5,555,15,Champions
16571.0,85,9,3723.84,4,5,5,455,14,Champions
16572.0,36,3,1009.6,5,3,3,533,11,Loyal Customers
16573.0,199,1,292.63,3,2,2,322,7,Promising / Potential
16574.0,332,2,850.34,2,3,3,233,8,At Risk
16576.0,329,2,540.87,2,3,2,232,7,At Risk
16577.0,575,1,380.0,1,2,2,122,5,Hibernating / Lost
16578.0,535,1,156.6,1,2,1,121,4,Hibernating / Lost
16579.0,334,1,295.05,2,2,2,222,6,About to Sleep
16581.0,91,1,105.84,4,2,1,421,7,Promising / Potential
16582.0,22,1,313.62,5,2,2,522,9,Promising / Potential
16583.0,282,2,531.4,2,3,2,232,7,At Risk
16584.0,163,4,2839.53,3,4,5,345,12,Loyal Customers
16585.0,502,2,341.59,1,3,2,132,6,Others / Need Attention
16586.0,157,3,1462.78,3,3,4,334,10,Loyal Customers
16587.0,141,1,225.15,3,2,1,321,6,Promising / Potential
16588.0,295,4,1361.28,2,4,4,244,10,At Risk
16589.0,15,3,367.8,5,3,2,532,10,Loyal Customers
16590.0,309,2,605.9,2,3,3,233,8,At Risk
16592.0,45,22,5908.56,4,5,5,455,14,Champions
16593.0,98,7,996.61,4,4,3,443,11,Champions
16595.0,285,4,1450.02,2,4,4,244,10,At Risk
16596.0,275,3,450.13,2,3,2,232,7,At Risk
16598.0,194,1,145.05,3,2,1,321,6,Promising / Potential
16599.0,294,1,172.8,2,2,1,221,5,About to Sleep
16600.0,162,9,1577.35,3,5,4,354,12,Loyal Customers
16601.0,299,2,439.45,2,3,2,232,7,At Risk
16602.0,297,1,235.25,2,2,1,221,5,About to Sleep
16603.0,0,1,296.62,5,2,2,522,9,Promising / Potential
16604.0,471,2,432.45,1,3,2,132,6,Others / Need Attention
16605.0,633,1,60.48,1,2,1,121,4,Hibernating / Lost
16606.0,313,2,357.66,2,3,2,232,7,At Risk
16607.0,37,21,4626.74,4,5,5,455,14,Champions
16608.0,362,2,1288.72,1,3,4,134,8,Others / Need Attention
16609.0,44,5,2710.04,4,4,5,445,13,Champions
16610.0,128,1,75.66,3,2,1,321,6,Promising / Potential
16611.0,95,6,1785.13,4,4,4,444,12,Champions
16612.0,28,8,2928.07,5,5,5,555,15,Champions
16614.0,91,3,1179.79,4,3,4,434,11,Loyal Customers
16615.0,535,1,291.5,1,2,2,122,5,Hibernating / Lost
16616.0,66,1,210.1,4,2,1,421,7,Promising / Potential
16617.0,144,1,151.85,3,2,1,321,6,Promising / Potential
16618.0,119,4,1441.29,3,4,4,344,11,Loyal Customers
16619.0,172,4,1938.33,3,4,4,344,11,Loyal Customers
16620.0,169,5,1675.73,3,4,4,344,11,Loyal Customers
16621.0,56,3,609.41,4,3,3,433,10,Loyal Customers
16622.0,452,1,225.4,1,2,1,121,4,Hibernating / Lost
16623.0,154,4,1015.24,3,4,3,343,10,Loyal Customers
16624.0,106,1,426.43,4,2,2,422,8,Promising / Potential
16625.0,183,5,1654.03,3,4,4,344,11,Loyal Customers
16626.0,22,7,2165.34,5,4,4,544,13,Champions
16628.0,15,6,1749.89,5,4,4,544,13,Champions
16629.0,5,1,236.78,5,2,1,521,8,Promising / Potential
16630.0,316,1,106.8,2,2,1,221,5,About to Sleep
16631.0,390,7,1892.52,1,4,4,144,9,Can't Lose Them
16632.0,394,2,406.4,1,3,2,132,6,Others / Need Attention
16633.0,23,3,1168.26,5,3,4,534,12,Loyal Customers
16634.0,131,6,1814.61,3,4,4,344,11,Loyal Customers
16635.0,315,1,473.0,2,2,2,222,6,About to Sleep
16636.0,347,4,3802.04,2,4,5,245,11,At Risk
16637.0,32,2,530.55,5,3,2,532,10,Loyal Customers
16638.0,8,14,2300.75,5,5,4,554,14,Champions
16639.0,115,3,961.62,3,3,3,333,9,Loyal Customers
16640.0,306,1,179.4,2,2,1,221,5,About to Sleep
16641.0,14,2,554.5,5,3,2,532,10,Loyal Customers
16642.0,116,2,696.85,3,3,3,333,9,Loyal Customers
16643.0,154,2,923.11,3,3,3,333,9,Loyal Customers
16644.0,86,2,833.78,4,3,3,433,10,Loyal Customers
16645.0,644,1,160.39,1,2,1,121,4,Hibernating / Lost
16646.0,358,1,678.8,1,2,3,123,6,Hibernating / Lost
16647.0,78,4,541.9,4,4,2,442,10,Champions
16648.0,364,2,382.14,1,3,2,132,6,Others / Need Attention
16649.0,429,1,306.58,1,2,2,122,5,Hibernating / Lost
16650.0,329,6,1397.69,2,4,4,244,10,At Risk
16651.0,495,1,136.2,1,2,1,121,4,Hibernating / Lost
16652.0,18,14,15302.29,5,5,5,555,15,Champions
16654.0,50,8,1711.47,4,5,4,454,13,Champions
16655.0,40,10,4622.74,4,5,5,455,14,Champions
16656.0,4,26,15324.05,5,5,5,555,15,Champions
16657.0,57,2,446.11,4,3,2,432,9,Loyal Customers
16658.0,277,6,814.07,2,4,3,243,9,At Risk
16659.0,98,1,39.12,4,2,1,421,7,Promising / Potential
16660.0,119,5,996.26,3,4,3,343,10,Loyal Customers
16661.0,449,4,986.63,1,4,3,143,8,Can't Lose Them
16662.0,303,1,163.8,2,2,1,221,5,About to Sleep
16663.0,638,1,165.0,1,2,1,121,4,Hibernating / Lost
16664.0,478,1,109.2,1,2,1,121,4,Hibernating / Lost
16665.0,271,1,135.4,2,2,1,221,5,About to Sleep
16666.0,530,1,106.96,1,2,1,121,4,Hibernating / Lost
16667.0,193,1,203.35,3,2,1,321,6,Promising / Potential
16668.0,25,12,822.22,5,5,3,553,13,Champions
16670.0,15,17,7174.22,5,5,5,555,15,Champions
16671.0,73,1,1382.88,4,2,4,424,10,Promising / Potential
16672.0,8,17,6911.84,5,5,5,555,15,Champions
16673.0,588,1,188.83,1,2,1,121,4,Hibernating / Lost
16674.0,7,1,122.2,5,2,1,521,8,Promising / Potential
16675.0,350,2,608.86,1,3,3,133,7,Others / Need Attention
16676.0,122,5,1868.28,3,4,4,344,11,Loyal Customers
16677.0,320,2,880.62,2,3,3,233,8,At Risk
16678.0,7,8,2137.3,5,5,4,554,14,Champions
16679.0,275,3,793.06,2,3,3,233,8,At Risk
16680.0,437,2,637.75,1,3,3,133,7,Others / Need Attention
16681.0,53,5,1484.18,4,4,4,444,12,Champions
16682.0,1,3,810.22,5,3,3,533,11,Loyal Customers
16683.0,442,1,320.25,1,2,2,122,5,Hibernating / Lost
16684.0,42,45,114372.71,4,5,5,455,14,Champions
16686.0,7,15,4487.8,5,5,5,555,15,Champions
16687.0,299,1,157.63,2,2,1,221,5,About to Sleep
16690.0,110,3,213.95,3,3,1,331,7,Loyal Customers
16691.0,327,2,178.83,2,3,1,231,6,At Risk
16692.0,165,4,1914.7,3,4,4,344,11,Loyal Customers
16693.0,180,4,875.01,3,4,3,343,10,Loyal Customers
16694.0,632,1,98.3,1,2,1,121,4,Hibernating / Lost
16695.0,470,2,193.15,1,3,1,131,5,Others / Need Attention
16696.0,44,4,657.9,4,4,3,443,11,Champions
16697.0,150,1,112.75,3,2,1,321,6,Promising / Potential
16698.0,135,2,1998.0,3,3,4,334,10,Loyal Customers
16699.0,289,7,994.6,2,4,3,243,9,At Risk
16700.0,30,22,8187.11,5,5,5,555,15,Champions
16701.0,38,23,8568.85,4,5,5,455,14,Champions
16702.0,324,4,1110.83,2,4,3,243,9,At Risk
16704.0,527,2,695.66,1,3,3,133,7,Others / Need Attention
16705.0,7,32,39260.41,5,5,5,555,15,Champions
16706.0,7,2,411.55,5,3,2,532,10,Loyal Customers
16707.0,309,4,551.11,2,4,2,242,8,At Risk
16709.0,108,13,8042.18,3,5,5,355,13,Loyal Customers
16710.0,47,19,5709.94,4,5,5,455,14,Champions
16711.0,49,7,2127.32,4,4,4,444,12,Champions
16712.0,4,10,3121.42,5,5,5,555,15,Champions
16713.0,24,28,11608.33,5,5,5,555,15,Champions
16714.0,127,4,1529.8,3,4,4,344,11,Loyal Customers
16715.0,471,1,323.8,1,2,2,122,5,Hibernating / Lost
16716.0,175,3,2149.68,3,3,4,334,10,Loyal Customers
16717.0,4,12,4687.51,5,5,5,555,15,Champions
16718.0,278,5,3647.53,2,4,5,245,11,At Risk
16719.0,57,12,3469.31,4,5,5,455,14,Champions
16720.0,285,2,640.24,2,3,3,233,8,At Risk
16721.0,171,1,292.47,3,2,2,322,7,Promising / Potential
16722.0,8,19,7914.85,5,5,5,555,15,Champions
16723.0,0,4,1301.63,5,4,4,544,13,Champions
16724.0,313,1,147.35,2,2,1,221,5,About to Sleep
16725.0,211,14,1882.11,3,5,4,354,12,Loyal Customers
16726.0,105,6,1501.58,4,4,4,444,12,Champions
16727.0,273,4,1437.42,2,4,4,244,10,At Risk
16728.0,75,3,550.0,4,3,2,432,9,Loyal Customers
16729.0,8,17,5363.43,5,5,5,555,15,Champions
16730.0,143,2,480.94,3,3,2,332,8,Loyal Customers
16731.0,557,1,174.05,1,2,1,121,4,Hibernating / Lost
16732.0,312,3,3783.89,2,3,5,235,10,At Risk
16733.0,438,1,259.68,1,2,1,121,4,Hibernating / Lost
16734.0,23,2,306.16,5,3,2,532,10,Loyal Customers
16735.0,7,13,5964.3,5,5,5,555,15,Champions
16736.0,414,5,2956.56,1,4,5,145,10,Can't Lose Them
16737.0,486,1,417.6,1,2,2,122,5,Hibernating / Lost
16738.0,206,1,3.75,3,2,1,321,6,Promising / Potential
16739.0,85,2,786.43,4,3,3,433,10,Loyal Customers
16740.0,304,1,236.81,2,2,1,221,5,About to Sleep
16741.0,534,1,173.06,1,2,1,121,4,Hibernating / Lost
16742.0,401,13,2387.71,1,5,4,154,10,Can't Lose Them
16743.0,22,13,3901.03,5,5,5,555,15,Champions
16744.0,5,3,403.51,5,3,2,532,10,Loyal Customers
16745.0,7,16,6372.7,5,5,5,555,15,Champions
16746.0,9,36,15789.82,5,5,5,555,15,Champions
16748.0,126,12,3031.63,3,5,5,355,13,Loyal Customers
16749.0,500,2,4387.08,1,3,5,135,9,Others / Need Attention
16750.0,30,3,416.12,5,3,2,532,10,Loyal Customers
16752.0,281,1,415.0,2,2,2,222,6,About to Sleep
16754.0,281,29,67502.47,2,5,5,255,12,At Risk
16755.0,23,7,2900.58,5,4,5,545,14,Champions
16756.0,123,7,1312.37,3,4,4,344,11,Loyal Customers
16757.0,227,2,270.48,3,3,1,331,7,Loyal Customers
16760.0,339,1,228.0,2,2,1,221,5,About to Sleep
16761.0,5,1,316.62,5,2,2,522,9,Promising / Potential
16762.0,53,1,314.15,4,2,2,422,8,Promising / Potential
16763.0,107,2,964.7,3,3,3,333,9,Loyal Customers
16764.0,8,4,782.55,5,4,3,543,12,Champions
16765.0,203,2,454.75,3,3,2,332,8,Loyal Customers
16766.0,182,2,1145.6,3,3,3,333,9,Loyal Customers
16767.0,2,11,7318.7,5,5,5,555,15,Champions
16768.0,12,8,1516.52,5,5,4,554,14,Champions
16769.0,169,4,1141.75,3,4,3,343,10,Loyal Customers
16770.0,145,8,1818.51,3,5,4,354,12,Loyal Customers
16771.0,184,8,3376.74,3,5,5,355,13,Loyal Customers
16772.0,332,3,3723.55,2,3,5,235,10,At Risk
16773.0,345,2,249.65,2,3,1,231,6,At Risk
16774.0,25,7,1475.13,5,4,4,544,13,Champions
16775.0,31,13,2535.78,5,5,4,554,14,Champions
16776.0,324,1,231.57,2,2,1,221,5,About to Sleep
16777.0,166,4,1258.66,3,4,4,344,11,Loyal Customers
16778.0,183,1,93.18,3,2,1,321,6,Promising / Potential
16779.0,15,46,29033.25,5,5,5,555,15,Champions
16780.0,9,3,605.55,5,3,3,533,11,Loyal Customers
16781.0,281,2,934.25,2,3,3,233,8,At Risk
16782.0,47,34,9800.86,4,5,5,455,14,Champions
16783.0,345,1,391.95,2,2,2,222,6,About to Sleep
16784.0,285,4,788.93,2,4,3,243,9,At Risk
16785.0,318,1,533.78,2,2,2,222,6,About to Sleep
16786.0,302,1,51.84,2,2,1,221,5,About to Sleep
16787.0,306,4,1035.43,2,4,3,243,9,At Risk
16788.0,32,5,1950.3,5,4,4,544,13,Champions
16791.0,31,13,3117.18,5,5,5,555,15,Champions
16792.0,191,5,623.46,3,4,3,343,10,Loyal Customers
16794.0,17,9,1496.7,5,5,4,554,14,Champions
16795.0,274,3,2492.39,2,3,4,234,9,At Risk
16797.0,302,5,1827.77,2,4,4,244,10,At Risk
16798.0,463,3,848.71,1,3,3,133,7,Others / Need Attention
16799.0,341,2,495.98,2,3,2,232,7,At Risk
16801.0,72,4,1619.73,4,4,4,444,12,Champions
16802.0,588,2,582.61,1,3,3,133,7,Others / Need Attention
16804.0,179,1,118.05,3,2,1,321,6,Promising / Potential
16805.0,82,5,1097.24,4,4,3,443,11,Champions
16806.0,12,4,801.49,5,4,3,543,12,Champions
16807.0,51,6,2123.88,4,4,4,444,12,Champions
16808.0,8,2,288.42,5,3,2,532,10,Loyal Customers
16809.0,45,7,1283.43,4,4,4,444,12,Champions
16810.0,101,2,842.04,4,3,3,433,10,Loyal Customers
16812.0,269,4,2392.0,2,4,4,244,10,At Risk
16813.0,5,7,1187.64,5,4,4,544,13,Champions
16814.0,17,31,11197.3,5,5,5,555,15,Champions
16815.0,362,2,410.97,1,3,2,132,6,Others / Need Attention
16816.0,12,4,417.06,5,4,2,542,11,Champions
16817.0,94,11,2379.58,4,5,4,454,13,Champions
16818.0,2,9,2528.47,5,5,4,554,14,Champions
16819.0,374,2,182.59,1,3,1,131,5,Others / Need Attention
16820.0,4,1,497.61,5,2,2,522,9,Promising / Potential
16821.0,290,1,113.35,2,2,1,221,5,About to Sleep
16822.0,595,1,181.39,1,2,1,121,4,Hibernating / Lost
16823.0,136,7,2260.09,3,4,4,344,11,Loyal Customers
16824.0,73,2,448.5,4,3,2,432,9,Loyal Customers
16825.0,94,4,1370.41,4,4,4,444,12,Champions
16827.0,302,5,392.13,2,4,2,242,8,At Risk
16828.0,2,2,128.5,5,3,1,531,9,Loyal Customers
16829.0,65,2,513.32,4,3,2,432,9,Loyal Customers
16830.0,351,3,881.59,1,3,3,133,7,Others / Need Attention
16831.0,473,1,91.8,1,2,1,121,4,Hibernating / Lost
16832.0,93,5,417.61,4,4,2,442,10,Champions
16833.0,168,5,1973.8,3,4,4,344,11,Loyal Customers
16834.0,136,2,898.96,3,3,3,333,9,Loyal Customers
16835.0,37,6,1538.41,4,4,4,444,12,Champions
16836.0,25,3,621.82,5,3,3,533,11,Loyal Customers
16837.0,66,9,1911.74,4,5,4,454,13,Champions
16838.0,106,4,1159.61,4,4,4,444,12,Champions
16839.0,18,32,16585.42,5,5,5,555,15,Champions
16840.0,512,2,139.85,1,3,1,131,5,Others / Need Attention
16841.0,46,11,3697.3,4,5,5,455,14,Champions
16842.0,9,3,1264.19,5,3,4,534,12,Loyal Customers
16843.0,2,32,18184.1,5,5,5,555,15,Champions
16844.0,471,2,614.34,1,3,3,133,7,Others / Need Attention
16845.0,527,1,253.88,1,2,1,121,4,Hibernating / Lost
16846.0,486,2,628.09,1,3,3,133,7,Others / Need Attention
16847.0,527,1,421.45,1,2,2,122,5,Hibernating / Lost
16848.0,285,3,1130.2,2,3,3,233,8,At Risk
16849.0,95,1,124.57,4,2,1,421,7,Promising / Potential
16850.0,242,1,332.41,3,2,2,322,7,Promising / Potential
16852.0,85,1,113.06,4,2,1,421,7,Promising / Potential
16854.0,326,2,1408.96,2,3,4,234,9,At Risk
16856.0,326,2,323.09,2,3,2,232,7,At Risk
16857.0,351,1,352.8,1,2,2,122,5,Hibernating / Lost
16858.0,277,10,4668.28,2,5,5,255,12,At Risk
16859.0,53,7,1932.41,4,4,4,444,12,Champions
16860.0,361,3,1610.62,1,3,4,134,8,Others / Need Attention
16861.0,67,4,843.63,4,4,3,443,11,Champions
16862.0,456,4,662.33,1,4,3,143,8,Can't Lose Them
16863.0,275,2,659.97,2,3,3,233,8,At Risk
16864.0,343,2,409.25,2,3,2,232,7,At Risk
16865.0,310,1,130.95,2,2,1,221,5,About to Sleep
16866.0,49,3,207.74,4,3,1,431,8,Loyal Customers
16867.0,598,1,76.74,1,2,1,121,4,Hibernating / Lost
16868.0,303,3,393.39,2,3,2,232,7,At Risk
16869.0,74,2,387.68,4,3,2,432,9,Loyal Customers
16870.0,378,1,450.16,1,2,2,122,5,Hibernating / Lost
16871.0,119,4,2037.82,3,4,4,344,11,Loyal Customers
16872.0,14,5,997.79,5,4,3,543,12,Champions
16873.0,36,10,11365.24,5,5,5,555,15,Champions
16874.0,288,1,217.74,2,2,1,221,5,About to Sleep
16875.0,53,10,3277.2,4,5,5,455,14,Champions
16876.0,312,1,136.01,2,2,1,221,5,About to Sleep
16877.0,61,2,188.98,4,3,1,431,8,Loyal Customers
16880.0,8,7,1430.8,5,4,4,544,13,Champions
16882.0,148,2,215.7,3,3,1,331,7,Loyal Customers
16883.0,96,19,2396.59,4,5,4,454,13,Champions
16884.0,465,2,644.08,1,3,3,133,7,Others / Need Attention
16885.0,266,2,429.88,2,3,2,232,7,At Risk
16886.0,365,1,134.0,1,2,1,121,4,Hibernating / Lost
16887.0,309,2,465.84,2,3,2,232,7,At Risk
16888.0,309,3,437.15,2,3,2,232,7,At Risk
16889.0,103,6,2530.9,4,4,4,444,12,Champions
16890.0,385,3,285.41,1,3,2,132,6,Others / Need Attention
16891.0,4,9,1807.26,5,5,4,554,14,Champions
16892.0,92,3,339.54,4,3,2,432,9,Loyal Customers
16893.0,275,2,401.77,2,3,2,232,7,At Risk
16894.0,411,3,1324.06,1,3,4,134,8,Others / Need Attention
16895.0,347,4,902.28,2,4,3,243,9,At Risk
16896.0,464,1,103.95,1,2,1,121,4,Hibernating / Lost
16897.0,208,2,289.78,3,3,2,332,8,Loyal Customers
16898.0,86,4,827.03,4,4,3,443,11,Champions
16899.0,58,5,949.64,4,4,3,443,11,Champions
16901.0,638,1,204.26,1,2,1,121,4,Hibernating / Lost
16902.0,25,1,1706.88,5,2,4,524,11,Promising / Potential
16903.0,289,2,689.04,2,3,3,233,8,At Risk
16904.0,3,19,4427.17,5,5,5,555,15,Champions
16905.0,145,13,2785.65,3,5,5,355,13,Loyal Customers
16906.0,95,6,1263.97,4,4,4,444,12,Champions
16907.0,57,8,1438.13,4,5,4,454,13,Champions
16908.0,631,1,252.59,1,2,1,121,4,Hibernating / Lost
16910.0,0,1,111.78,5,2,1,521,8,Promising / Potential
16911.0,544,2,255.25,1,3,1,131,5,Others / Need Attention
16912.0,43,11,3463.31,4,5,5,455,14,Champions
16913.0,199,3,423.91,3,3,2,332,8,Loyal Customers
16915.0,36,9,1303.89,5,5,4,554,14,Champions
16916.0,281,3,745.22,2,3,3,233,8,At Risk
16917.0,185,2,1857.83,3,3,4,334,10,Loyal Customers
16918.0,4,13,2967.17,5,5,5,555,15,Champions
16919.0,65,24,5125.91,4,5,5,455,14,Champions
16920.0,320,1,355.45,2,2,2,222,6,About to Sleep
16921.0,351,2,276.88,1,3,2,132,6,Others / Need Attention
16922.0,481,1,611.08,1,2,3,123,6,Hibernating / Lost
16923.0,8,27,11052.26,5,5,5,555,15,Champions
16925.0,449,1,125.65,1,2,1,121,4,Hibernating / Lost
16926.0,280,5,1421.35,2,4,4,244,10,At Risk
16927.0,24,3,543.05,5,3,2,532,10,Loyal Customers
16928.0,3,27,3669.18,5,5,5,555,15,Champions
16929.0,36,2,428.88,5,3,2,532,10,Loyal Customers
16931.0,12,16,3548.2,5,5,5,555,15,Champions
16932.0,332,2,278.77,2,3,2,232,7,At Risk
16933.0,148,8,2842.75,3,5,5,355,13,Loyal Customers
16934.0,292,4,1160.06,2,4,4,244,10,At Risk
16935.0,290,3,535.1,2,3,2,232,7,At Risk
16936.0,294,1,288.49,2,2,2,222,6,About to Sleep
16937.0,408,1,202.1,1,2,1,121,4,Hibernating / Lost
16938.0,88,8,6717.55,4,5,5,455,14,Champions
16939.0,397,3,449.0,1,3,2,132,6,Others / Need Attention
16940.0,78,7,5246.14,4,4,5,445,13,Champions
16941.0,520,1,33.0,1,2,1,121,4,Hibernating / Lost
16942.0,45,7,1449.14,4,4,4,444,12,Champions
16943.0,120,5,1299.49,3,4,4,344,11,Loyal Customers
16944.0,518,1,101.36,1,2,1,121,4,Hibernating / Lost
16945.0,7,27,7209.72,5,5,5,555,15,Champions
16946.0,292,5,1222.04,2,4,4,244,10,At Risk
16947.0,144,5,955.21,3,4,3,343,10,Loyal Customers
16948.0,47,7,868.77,4,4,3,443,11,Champions
16949.0,94,4,893.75,4,4,3,443,11,Champions
16950.0,33,9,3384.22,5,5,5,555,15,Champions
16951.0,43,3,1277.75,4,3,4,434,11,Loyal Customers
16952.0,18,5,798.78,5,4,3,543,12,Champions
16954.0,33,15,5242.18,5,5,5,555,15,Champions
16955.0,93,6,1309.41,4,4,4,444,12,Champions
16957.0,148,2,416.64,3,3,2,332,8,Loyal Customers
16958.0,344,1,809.44,2,2,3,223,7,About to Sleep
16960.0,161,6,1737.91,3,4,4,344,11,Loyal Customers
16961.0,25,3,794.56,5,3,3,533,11,Loyal Customers
16962.0,318,1,251.04,2,2,1,221,5,About to Sleep
16963.0,96,1,110.55,4,2,1,421,7,Promising / Potential
16964.0,642,2,207.85,1,3,1,131,5,Others / Need Attention
16965.0,135,1,201.19,3,2,1,321,6,Promising / Potential
16966.0,79,4,1486.56,4,4,4,444,12,Champions
16967.0,98,1,319.02,4,2,2,422,8,Promising / Potential
16968.0,16,1,253.31,5,2,1,521,8,Promising / Potential
16969.0,43,2,478.96,4,3,2,432,9,Loyal Customers
16970.0,535,1,71.4,1,2,1,121,4,Hibernating / Lost
16972.0,291,2,786.25,2,3,3,233,8,At Risk
16973.0,295,1,127.0,2,2,1,221,5,About to Sleep
16974.0,431,2,365.5,1,3,2,132,6,Others / Need Attention
16975.0,332,3,926.12,2,3,3,233,8,At Risk
16976.0,176,1,251.52,3,2,1,321,6,Promising / Potential
16977.0,304,4,496.0,2,4,2,242,8,At Risk
16978.0,575,2,424.55,1,3,2,132,6,Others / Need Attention
16979.0,56,5,1563.39,4,4,4,444,12,Champions
16980.0,164,3,1473.33,3,3,4,334,10,Loyal Customers
16983.0,5,9,2969.27,5,5,5,555,15,Champions
16984.0,39,8,9499.58,4,5,5,455,14,Champions
16985.0,66,20,9037.58,4,5,5,455,14,Champions
16986.0,354,9,3015.55,1,5,5,155,11,Can't Lose Them
16987.0,79,7,1540.3,4,4,4,444,12,Champions
16988.0,288,1,256.55,2,2,1,221,5,About to Sleep
16989.0,7,2,890.7,5,3,3,533,11,Loyal Customers
16990.0,127,2,344.0,3,3,2,332,8,Loyal Customers
16991.0,330,1,1041.21,2,2,3,223,7,About to Sleep
16992.0,7,11,4834.54,5,5,5,555,15,Champions
16993.0,372,2,1950.95,1,3,4,134,8,Others / Need Attention
16996.0,30,8,1708.43,5,5,4,554,14,Champions
16997.0,197,3,702.0,3,3,3,333,9,Loyal Customers
16998.0,58,5,402.0,4,4,2,442,10,Champions
17000.0,305,2,406.3,2,3,2,232,7,At Risk
17001.0,0,16,5444.72,5,5,5,555,15,Champions
17002.0,124,6,2071.34,3,4,4,344,11,Loyal Customers
17003.0,311,4,830.16,2,4,3,243,9,At Risk
17004.0,1,3,2018.62,5,3,4,534,12,Loyal Customers
17005.0,379,2,742.36,1,3,3,133,7,Others / Need Attention
17006.0,301,4,854.54,2,4,3,243,9,At Risk
17007.0,64,6,805.61,4,4,3,443,11,Champions
17008.0,338,1,81.36,2,2,1,221,5,About to Sleep
17009.0,460,1,242.06,1,2,1,121,4,Hibernating / Lost
17011.0,556,2,400.8,1,3,2,132,6,Others / Need Attention
17012.0,634,1,384.16,1,2,2,122,5,Hibernating / Lost
17015.0,94,1,524.5,4,2,2,422,8,Promising / Potential
17016.0,485,1,552.4,1,2,2,122,5,Hibernating / Lost
17017.0,71,23,10847.63,4,5,5,455,14,Champions
17018.0,234,5,1772.6,3,4,4,344,11,Loyal Customers
17019.0,170,10,3735.52,3,5,5,355,13,Loyal Customers
17020.0,451,2,935.62,1,3,3,133,7,Others / Need Attention
17021.0,351,6,1182.22,1,4,4,144,9,Can't Lose Them
17022.0,341,1,189.0,2,2,1,221,5,About to Sleep
17023.0,326,3,800.18,2,3,3,233,8,At Risk
17024.0,8,2,56.25,5,3,1,531,9,Loyal Customers
17025.0,282,4,1313.84,2,4,4,244,10,At Risk
17026.0,94,3,208.98,4,3,1,431,8,Loyal Customers
17027.0,88,7,1092.7,4,4,3,443,11,Champions
17028.0,490,3,1593.83,1,3,4,134,8,Others / Need Attention
17029.0,19,7,2137.3,5,4,4,544,13,Champions
17031.0,63,5,2619.45,4,4,4,444,12,Champions
17032.0,456,8,3004.6,1,5,5,155,11,Can't Lose Them
17033.0,123,3,910.75,3,3,3,333,9,Loyal Customers
17034.0,196,3,680.2,3,3,3,333,9,Loyal Customers
17035.0,154,4,613.59,3,4,3,343,10,Loyal Customers
17036.0,292,1,176.9,2,2,1,221,5,About to Sleep
17038.0,324,1,630.77,2,2,3,223,7,About to Sleep
17039.0,513,1,1954.99,1,2,4,124,7,Hibernating / Lost
17040.0,46,2,463.25,4,3,2,432,9,Loyal Customers
17041.0,17,5,1355.6,5,4,4,544,13,Champions
17042.0,30,4,922.82,5,4,3,543,12,Champions
17043.0,87,6,1206.34,4,4,4,444,12,Champions
17044.0,283,11,11013.82,2,5,5,255,12,At Risk
17045.0,22,5,827.68,5,4,3,543,12,Champions
17046.0,66,5,1906.07,4,4,4,444,12,Champions
17047.0,114,5,1937.76,3,4,4,344,11,Loyal Customers
17048.0,26,7,2071.68,5,4,4,544,13,Champions
17049.0,26,15,6894.15,5,5,5,555,15,Champions
17050.0,5,11,4691.79,5,5,5,555,15,Champions
17051.0,103,4,714.39,4,4,3,443,11,Champions
17053.0,39,1,498.48,4,2,2,422,8,Promising / Potential
17054.0,46,4,1207.32,4,4,4,444,12,Champions
17055.0,354,1,239.55,1,2,1,121,4,Hibernating / Lost
17056.0,647,1,128.6,1,2,1,121,4,Hibernating / Lost
17057.0,505,1,294.74,1,2,2,122,5,Hibernating / Lost
17058.0,108,2,819.66,3,3,3,333,9,Loyal Customers
17059.0,19,8,4757.59,5,5,5,555,15,Champions
17060.0,175,1,234.24,3,2,1,321,6,Promising / Potential
17061.0,19,10,4658.83,5,5,5,555,15,Champions
17062.0,222,6,1208.22,3,4,4,344,11,Loyal Customers
17063.0,72,10,2849.26,4,5,5,455,14,Champions
17064.0,91,2,461.3,4,3,2,432,9,Loyal Customers
17065.0,546,2,194.7,1,3,1,131,5,Others / Need Attention
17066.0,635,1,228.34,1,2,1,121,4,Hibernating / Lost
17067.0,633,3,454.54,1,3,2,132,6,Others / Need Attention
17068.0,3,42,8148.23,5,5,5,555,15,Champions
17069.0,64,10,4580.37,4,5,5,455,14,Champions
17070.0,23,2,445.32,5,3,2,532,10,Loyal Customers
17071.0,43,10,2774.59,4,5,5,455,14,Champions
17072.0,534,1,282.05,1,2,2,122,5,Hibernating / Lost
17073.0,18,1,453.79,5,2,2,522,9,Promising / Potential
17074.0,471,1,203.05,1,2,1,121,4,Hibernating / Lost
17075.0,162,9,2103.68,3,5,4,354,12,Loyal Customers
17076.0,182,5,735.87,3,4,3,343,10,Loyal Customers
17077.0,487,1,306.0,1,2,2,122,5,Hibernating / Lost
17080.0,178,6,746.23,3,4,3,343,10,Loyal Customers
17081.0,304,4,674.23,2,4,3,243,9,At Risk
17082.0,227,5,3365.12,3,4,5,345,12,Loyal Customers
17083.0,18,9,4049.79,5,5,5,555,15,Champions
17084.0,305,1,2253.22,2,2,4,224,8,About to Sleep
17085.0,32,28,7891.41,5,5,5,555,15,Champions
17087.0,646,1,221.53,1,2,1,121,4,Hibernating / Lost
17088.0,91,2,1399.11,4,3,4,434,11,Loyal Customers
17089.0,295,1,128.45,2,2,1,221,5,About to Sleep
17090.0,7,10,1917.3,5,5,4,554,14,Champions
17091.0,7,17,6675.34,5,5,5,555,15,Champions
17092.0,35,9,4450.25,5,5,5,555,15,Champions
17093.0,501,1,235.88,1,2,1,121,4,Hibernating / Lost
17094.0,231,2,402.2,3,3,2,332,8,Loyal Customers
17095.0,208,6,1792.05,3,4,4,344,11,Loyal Customers
17096.0,52,9,3180.99,4,5,5,455,14,Champions
17097.0,9,7,1025.56,5,4,3,543,12,Champions
17098.0,290,3,591.07,2,3,3,233,8,At Risk
17099.0,442,1,582.17,1,2,3,123,6,Hibernating / Lost
17101.0,87,4,1115.9,4,4,3,443,11,Champions
17102.0,170,1,25.5,3,2,1,321,6,Promising / Potential
17103.0,631,1,424.3,1,2,2,122,5,Hibernating / Lost
17104.0,332,1,474.03,2,2,2,222,6,About to Sleep
17105.0,68,2,665.78,4,3,3,433,10,Loyal Customers
17106.0,298,1,491.23,2,2,2,222,6,About to Sleep
17107.0,64,7,11594.05,4,4,5,445,13,Champions
17108.0,572,1,174.95,1,2,1,121,4,Hibernating / Lost
17109.0,141,4,875.01,3,4,3,343,10,Loyal Customers
17110.0,74,3,510.7,4,3,2,432,9,Loyal Customers
17111.0,334,1,227.97,2,2,1,221,5,About to Sleep
17112.0,411,1,205.17,1,2,1,121,4,Hibernating / Lost
17113.0,483,6,2322.59,1,4,4,144,9,Can't Lose Them
17114.0,47,6,603.59,4,4,3,443,11,Champions
17115.0,91,6,2536.81,4,4,4,444,12,Champions
17116.0,557,1,389.78,1,2,2,122,5,Hibernating / Lost
17117.0,197,1,116.2,3,2,1,321,6,Promising / Potential
17118.0,226,1,157.02,3,2,1,321,6,Promising / Potential
17120.0,142,1,307.46,3,2,2,322,7,Promising / Potential
17121.0,311,1,314.74,2,2,2,222,6,About to Sleep
17122.0,28,4,570.5,5,4,3,543,12,Champions
17123.0,70,3,977.17,4,3,3,433,10,Loyal Customers
17124.0,94,1,298.89,4,2,2,422,8,Promising / Potential
17126.0,61,9,2070.44,4,5,4,454,13,Champions
17127.0,337,5,1155.03,2,4,4,244,10,At Risk
17128.0,243,1,157.09,3,2,1,321,6,Promising / Potential
17129.0,429,1,31.85,1,2,1,121,4,Hibernating / Lost
17132.0,361,2,1272.8,1,3,4,134,8,Others / Need Attention
17133.0,99,8,12208.88,4,5,5,455,14,Champions
17134.0,15,3,637.1,5,3,3,533,11,Loyal Customers
17135.0,198,5,1314.98,3,4,4,344,11,Loyal Customers
17136.0,571,1,231.68,1,2,1,121,4,Hibernating / Lost
17137.0,325,6,1133.63,2,4,3,243,9,At Risk
17138.0,184,7,4417.27,3,4,5,345,12,Loyal Customers
17139.0,31,20,15767.81,5,5,5,555,15,Champions
17140.0,156,1,465.32,3,2,2,322,7,Promising / Potential
17141.0,327,4,754.33,2,4,3,243,9,At Risk
17142.0,148,4,1283.75,3,4,4,344,11,Loyal Customers
17143.0,326,2,924.11,2,3,3,233,8,At Risk
17145.0,421,4,3120.91,1,4,5,145,10,Can't Lose Them
17146.0,14,13,5860.24,5,5,5,555,15,Champions
17147.0,115,7,2458.47,3,4,4,344,11,Loyal Customers
17149.0,360,1,143.1,1,2,1,121,4,Hibernating / Lost
17150.0,285,6,1375.65,2,4,4,244,10,At Risk
17151.0,644,1,231.9,1,2,1,121,4,Hibernating / Lost
17152.0,103,4,2016.5,4,4,4,444,12,Champions
17155.0,86,6,784.06,4,4,3,443,11,Champions
17156.0,400,1,591.87,1,2,3,123,6,Hibernating / Lost
17157.0,85,18,4994.36,4,5,5,455,14,Champions
17158.0,141,4,1411.58,3,4,4,344,11,Loyal Customers
17159.0,80,3,1089.16,4,3,3,433,10,Loyal Customers
17160.0,18,16,9692.31,5,5,5,555,15,Champions
17161.0,353,1,856.01,1,2,3,123,6,Hibernating / Lost
17162.0,40,9,1463.66,4,5,4,454,13,Champions
17163.0,354,2,406.68,1,3,2,132,6,Others / Need Attention
17164.0,60,3,1270.42,4,3,4,434,11,Loyal Customers
17165.0,193,6,1794.32,3,4,4,344,11,Loyal Customers
17166.0,112,1,127.59,3,2,1,321,6,Promising / Potential
17167.0,288,3,867.11,2,3,3,233,8,At Risk
17168.0,407,1,400.2,1,2,2,122,5,Hibernating / Lost
17169.0,92,2,629.63,4,3,3,433,10,Loyal Customers
17170.0,283,2,178.68,2,3,1,231,6,At Risk
17171.0,198,2,384.59,3,3,2,332,8,Loyal Customers
17172.0,339,2,638.81,2,3,3,233,8,At Risk
17173.0,25,2,961.26,5,3,3,533,11,Loyal Customers
17174.0,126,1,59.9,3,2,1,321,6,Promising / Potential
17175.0,50,3,1132.63,4,3,3,433,10,Loyal Customers
17176.0,110,3,902.32,3,3,3,333,9,Loyal Customers
17177.0,414,1,119.5,1,2,1,121,4,Hibernating / Lost
17178.0,640,1,436.71,1,2,2,122,5,Hibernating / Lost
17179.0,87,6,1507.26,4,4,4,444,12,Champions
17180.0,150,10,2025.81,3,5,4,354,12,Loyal Customers
17181.0,282,2,380.97,2,3,2,232,7,At Risk
17182.0,331,2,321.3,2,3,2,232,7,At Risk
17183.0,14,1,329.67,5,2,2,522,9,Promising / Potential
17184.0,478,2,198.41,1,3,1,131,5,Others / Need Attention
17185.0,500,3,229.46,1,3,1,131,5,Others / Need Attention
17187.0,135,2,467.71,3,3,2,332,8,Loyal Customers
17188.0,73,11,3933.79,4,5,5,455,14,Champions
17189.0,15,5,957.63,5,4,3,543,12,Champions
17190.0,116,6,1493.3,3,4,4,344,11,Loyal Customers
17191.0,3,14,4303.88,5,5,5,555,15,Champions
17192.0,445,1,77.83,1,2,1,121,4,Hibernating / Lost
17193.0,85,4,1059.3,4,4,3,443,11,Champions
17194.0,182,3,812.5,3,3,3,333,9,Loyal Customers
17195.0,564,1,562.98,1,2,2,122,5,Hibernating / Lost
17196.0,336,1,352.9,2,2,2,222,6,About to Sleep
17198.0,274,2,1043.32,2,3,3,233,8,At Risk
17199.0,491,1,145.12,1,2,1,121,4,Hibernating / Lost
17200.0,296,4,356.71,2,4,2,242,8,At Risk
17201.0,432,3,899.41,1,3,3,133,7,Others / Need Attention
17202.0,329,1,160.65,2,2,1,221,5,About to Sleep
17203.0,297,4,2012.03,2,4,4,244,10,At Risk
17204.0,84,9,5504.69,4,5,5,455,14,Champions
17205.0,325,2,615.27,2,3,3,233,8,At Risk
17207.0,561,1,303.22,1,2,2,122,5,Hibernating / Lost
17208.0,304,1,115.35,2,2,1,221,5,About to Sleep
17209.0,558,3,611.6,1,3,3,133,7,Others / Need Attention
17210.0,301,1,253.37,2,2,1,221,5,About to Sleep
17211.0,89,11,3194.32,4,5,5,455,14,Champions
17212.0,162,3,794.41,3,3,3,333,9,Loyal Customers
17213.0,50,11,4181.08,4,5,5,455,14,Champions
17214.0,158,4,613.67,3,4,3,343,10,Loyal Customers
17215.0,373,1,186.15,1,2,1,121,4,Hibernating / Lost
17216.0,463,1,65.05,1,2,1,121,4,Hibernating / Lost
17217.0,143,2,218.0,3,3,1,331,7,Loyal Customers
17218.0,123,13,3180.54,3,5,5,355,13,Loyal Customers
17219.0,325,1,144.9,2,2,1,221,5,About to Sleep
17220.0,8,17,3578.48,5,5,5,555,15,Champions
17221.0,500,3,643.39,1,3,3,133,7,Others / Need Attention
17222.0,386,5,1250.86,1,4,4,144,9,Can't Lose Them
17223.0,219,3,873.53,3,3,3,333,9,Loyal Customers
17224.0,410,1,100.86,1,2,1,121,4,Hibernating / Lost
17225.0,490,1,131.15,1,2,1,121,4,Hibernating / Lost
17226.0,217,3,900.12,3,3,3,333,9,Loyal Customers
17227.0,81,9,1556.46,4,5,4,454,13,Champions
17228.0,116,9,1958.73,3,5,4,354,12,Loyal Customers
17229.0,5,2,318.76,5,3,2,532,10,Loyal Customers
17230.0,173,18,9924.95,3,5,5,355,13,Loyal Customers
17231.0,35,22,5961.44,5,5,5,555,15,Champions
17233.0,357,2,369.98,1,3,2,132,6,Others / Need Attention
17234.0,91,1,149.89,4,2,1,421,7,Promising / Potential
17235.0,281,7,1696.72,2,4,4,244,10,At Risk
17236.0,88,11,1710.86,4,5,4,454,13,Champions
17237.0,284,2,687.39,2,3,3,233,8,At Risk
17238.0,45,26,5998.37,4,5,5,455,14,Champions
17239.0,221,4,1189.45,3,4,4,344,11,Loyal Customers
17240.0,505,1,130.6,1,2,1,121,4,Hibernating / Lost
17241.0,294,12,2744.14,2,5,5,255,12,At Risk
17242.0,17,5,2889.28,5,4,5,545,14,Champions
17243.0,1,59,16667.17,5,5,5,555,15,Champions
17244.0,292,4,871.14,2,4,3,243,9,At Risk
17245.0,113,2,371.63,3,3,2,332,8,Loyal Customers
17246.0,455,2,38.92,1,3,1,131,5,Others / Need Attention
17248.0,29,2,546.16,5,3,2,532,10,Loyal Customers
17249.0,337,1,68.03,2,2,1,221,5,About to Sleep
17250.0,170,1,162.65,3,2,1,321,6,Promising / Potential
17251.0,271,3,812.43,2,3,3,233,8,At Risk
17252.0,25,2,353.86,5,3,2,532,10,Loyal Customers
17254.0,310,1,198.29,2,2,1,221,5,About to Sleep
17255.0,208,3,613.18,3,3,3,333,9,Loyal Customers
17256.0,16,5,498.93,5,4,2,542,11,Champions
17257.0,345,2,192.73,2,3,1,231,6,At Risk
17258.0,305,2,417.3,2,3,2,232,7,At Risk
17259.0,57,6,1889.34,4,4,4,444,12,Champions
17260.0,320,1,120.95,2,2,1,221,5,About to Sleep
17261.0,418,1,230.44,1,2,1,121,4,Hibernating / Lost
17262.0,136,10,2459.62,3,5,4,354,12,Loyal Customers
17263.0,117,1,63.44,3,2,1,321,6,Promising / Potential
17264.0,333,1,279.59,2,2,2,222,6,About to Sleep
17265.0,47,2,562.9,4,3,2,432,9,Loyal Customers
17266.0,56,3,320.15,4,3,2,432,9,Loyal Customers
17267.0,36,2,317.62,5,3,2,532,10,Loyal Customers
17268.0,16,11,1733.89,5,5,4,554,14,Champions
17269.0,294,1,537.46,2,2,2,222,6,About to Sleep
17270.0,378,2,604.4,1,3,3,133,7,Others / Need Attention
17271.0,645,1,210.39,1,2,1,121,4,Hibernating / Lost
17272.0,108,2,1409.44,3,3,4,334,10,Loyal Customers
17273.0,333,1,141.12,2,2,1,221,5,About to Sleep
17274.0,304,1,465.4,2,2,2,222,6,About to Sleep
17275.0,292,1,114.52,2,2,1,221,5,About to Sleep
17276.0,311,1,508.39,2,2,2,222,6,About to Sleep
17277.0,136,2,1065.35,3,3,3,333,9,Loyal Customers
17278.0,150,2,271.24,3,3,2,332,8,Loyal Customers
17280.0,347,1,118.86,2,2,1,221,5,About to Sleep
17281.0,283,6,797.85,2,4,3,243,9,At Risk
17282.0,39,5,2339.66,4,4,4,444,12,Champions
17283.0,287,1,188.46,2,2,1,221,5,About to Sleep
17284.0,29,7,2634.72,5,4,4,544,13,Champions
17285.0,537,2,428.34,1,3,2,132,6,Others / Need Attention
17286.0,309,2,241.56,2,3,1,231,6,At Risk
17287.0,52,19,3750.26,4,5,5,455,14,Champions
17288.0,116,9,1743.95,3,5,4,354,12,Loyal Customers
17289.0,89,7,1302.34,4,4,4,444,12,Champions
17290.0,290,6,976.2,2,4,3,243,9,At Risk
17291.0,217,1,550.8,3,2,2,322,7,Promising / Potential
17292.0,381,2,271.75,1,3,2,132,6,Others / Need Attention
17293.0,28,13,2766.15,5,5,5,555,15,Champions
17294.0,578,2,467.79,1,3,2,132,6,Others / Need Attention
17296.0,639,1,338.13,1,2,2,122,5,Hibernating / Lost
17298.0,10,5,957.56,5,4,3,543,12,Champions
17299.0,9,4,615.16,5,4,3,543,12,Champions
17300.0,299,2,393.64,2,3,2,232,7,At Risk
17301.0,533,1,132.8,1,2,1,121,4,Hibernating / Lost
17302.0,31,3,661.61,5,3,3,533,11,Loyal Customers
17303.0,270,1,250.04,2,2,1,221,5,About to Sleep
17304.0,443,1,111.5,1,2,1,121,4,Hibernating / Lost
17305.0,557,1,2135.46,1,2,4,124,7,Hibernating / Lost
17306.0,8,17,7851.1,5,5,5,555,15,Champions
17307.0,304,11,3999.89,2,5,5,255,12,At Risk
17308.0,302,2,4511.76,2,3,5,235,10,At Risk
17309.0,4,3,330.59,5,3,2,532,10,Loyal Customers
17310.0,296,2,1025.1,2,3,3,233,8,At Risk
17311.0,225,5,2738.17,3,4,5,345,12,Loyal Customers
17312.0,47,3,644.3,4,3,3,433,10,Loyal Customers
17314.0,57,14,3883.43,4,5,5,455,14,Champions
17315.0,9,35,7727.38,5,5,5,555,15,Champions
17316.0,329,1,124.45,2,2,1,221,5,About to Sleep
17318.0,634,1,164.28,1,2,1,121,4,Hibernating / Lost
17319.0,578,1,29.1,1,2,1,121,4,Hibernating / Lost
17320.0,9,6,2895.77,5,4,5,545,14,Champions
17321.0,303,4,1040.32,2,4,3,243,9,At Risk
17322.0,285,5,922.59,2,4,3,243,9,At Risk
17323.0,33,9,1181.77,5,5,4,554,14,Champions
17324.0,240,10,2013.87,3,5,4,354,12,Loyal Customers
17325.0,189,3,609.57,3,3,3,333,9,Loyal Customers
17326.0,317,2,321.95,2,3,2,232,7,At Risk
17327.0,318,2,152.35,2,3,1,231,6,At Risk
17328.0,582,1,104.7,1,2,1,121,4,Hibernating / Lost
17329.0,224,4,724.68,3,4,3,343,10,Loyal Customers
17330.0,453,2,59.9,1,3,1,131,5,Others / Need Attention
17331.0,32,1,175.2,5,2,1,521,8,Promising / Potential
17332.0,437,5,838.27,1,4,3,143,8,Can't Lose Them
17334.0,211,3,635.15,3,3,3,333,9,Loyal Customers
17335.0,292,2,508.0,2,3,2,232,7,At Risk
17336.0,381,1,81.12,1,2,1,121,4,Hibernating / Lost
17337.0,60,4,2027.87,4,4,4,444,12,Champions
17338.0,23,16,10705.66,5,5,5,555,15,Champions
17339.0,3,3,362.36,5,3,2,532,10,Loyal Customers
17340.0,29,14,17645.18,5,5,5,555,15,Champions
17341.0,65,5,1889.83,4,4,4,444,12,Champions
17342.0,288,4,1227.54,2,4,4,244,10,At Risk
17343.0,264,6,1259.94,2,4,4,244,10,At Risk
17344.0,637,1,307.54,1,2,2,122,5,Hibernating / Lost
17345.0,2,9,1351.07,5,5,4,554,14,Champions
17346.0,12,19,3912.65,5,5,5,555,15,Champions
17348.0,206,5,1477.04,3,4,4,344,11,Loyal Customers
17349.0,88,5,852.25,4,4,3,443,11,Champions
17350.0,303,3,619.97,2,3,3,233,8,At Risk
17351.0,78,11,1828.38,4,5,4,454,13,Champions
17352.0,605,1,36.25,1,2,1,121,4,Hibernating / Lost
17353.0,38,4,3242.0,4,4,5,445,13,Champions
17354.0,337,3,1750.4,2,3,4,234,9,At Risk
17355.0,295,1,285.11,2,2,2,222,6,About to Sleep
17356.0,220,5,946.47,3,4,3,343,10,Loyal Customers
17358.0,212,5,866.05,3,4,3,343,10,Loyal Customers
17359.0,557,1,156.6,1,2,1,121,4,Hibernating / Lost
17360.0,93,4,976.54,4,4,3,443,11,Champions
17361.0,95,4,656.36,4,4,3,443,11,Champions
17362.0,148,7,1024.04,3,4,3,343,10,Loyal Customers
17363.0,304,3,940.86,2,3,3,233,8,At Risk
17364.0,46,23,10223.05,4,5,5,455,14,Champions
17365.0,78,12,5794.43,4,5,5,455,14,Champions
17366.0,341,2,1096.24,2,3,3,233,8,At Risk
17367.0,147,1,168.4,3,2,1,321,6,Promising / Potential
17368.0,2,12,2549.14,5,5,4,554,14,Champions
17369.0,364,1,979.2,1,2,3,123,6,Hibernating / Lost
17370.0,1,2,228.06,5,3,1,531,9,Loyal Customers
17371.0,270,4,336.29,2,4,2,242,8,At Risk
17372.0,75,26,4096.01,4,5,5,455,14,Champions
17373.0,43,5,807.88,4,4,3,443,11,Champions
17374.0,127,3,727.11,3,3,3,333,9,Loyal Customers
17375.0,108,4,660.55,3,4,3,343,10,Loyal Customers
17376.0,220,3,356.29,3,3,2,332,8,Loyal Customers
17377.0,35,67,16263.87,5,5,5,555,15,Champions
17378.0,283,1,10.95,2,2,1,221,5,About to Sleep
17380.0,343,3,645.0,2,3,3,233,8,At Risk
17381.0,8,33,37988.41,5,5,5,555,15,Champions
17382.0,344,7,836.88,2,4,3,243,9,At Risk
17383.0,362,1,110.7,1,2,1,121,4,Hibernating / Lost
17384.0,128,2,398.8,3,3,2,332,8,Loyal Customers
17386.0,8,6,1823.69,5,4,4,544,13,Champions
17388.0,40,10,2385.04,4,5,4,454,13,Champions
17389.0,4,52,34895.08,5,5,5,555,15,Champions
17390.0,329,1,149.3,2,2,1,221,5,About to Sleep
17391.0,72,2,508.8,4,3,2,432,9,Loyal Customers
17392.0,215,3,626.56,3,3,3,333,9,Loyal Customers
17393.0,319,2,381.15,2,3,2,232,7,At Risk
17394.0,128,1,203.87,3,2,1,321,6,Promising / Potential
17395.0,417,1,97.5,1,2,1,121,4,Hibernating / Lost
17396.0,57,12,6278.1,4,5,5,455,14,Champions
17397.0,325,1,536.77,2,2,2,222,6,About to Sleep
17398.0,23,3,653.38,5,3,3,533,11,Loyal Customers
17400.0,35,8,4677.05,5,5,5,555,15,Champions
17401.0,450,1,114.85,1,2,1,121,4,Hibernating / Lost
17402.0,10,18,4194.78,5,5,5,555,15,Champions
17403.0,359,1,118.95,1,2,1,121,4,Hibernating / Lost
17404.0,32,18,36878.6,5,5,5,555,15,Champions
17405.0,59,1,393.31,4,2,2,422,8,Promising / Potential
17406.0,242,13,4905.05,3,5,5,355,13,Loyal Customers
17407.0,320,1,552.9,2,2,2,222,6,About to Sleep
17408.0,72,3,316.09,4,3,2,432,9,Loyal Customers
17409.0,93,10,7793.51,4,5,5,455,14,Champions
17410.0,5,2,419.55,5,3,2,532,10,Loyal Customers
17411.0,170,3,932.02,3,3,3,333,9,Loyal Customers
17412.0,105,13,3869.28,4,5,5,455,14,Champions
17413.0,313,2,560.14,2,3,2,232,7,At Risk
17414.0,93,5,2069.52,4,4,4,444,12,Champions
17416.0,18,20,15699.52,5,5,5,555,15,Champions
17417.0,457,1,164.18,1,2,1,121,4,Hibernating / Lost
17418.0,232,2,373.99,3,3,2,332,8,Loyal Customers
17419.0,52,14,4933.95,4,5,5,455,14,Champions
17420.0,80,5,877.11,4,4,3,443,11,Champions
17421.0,295,3,1059.41,2,3,3,233,8,At Risk
17422.0,2,10,3314.36,5,5,5,555,15,Champions
17423.0,126,2,869.96,3,3,3,333,9,Loyal Customers
17426.0,0,11,7321.1,5,5,5,555,15,Champions
17428.0,19,37,25224.0,5,5,5,555,15,Champions
17429.0,37,5,1357.46,4,4,4,444,12,Champions
17430.0,274,3,582.01,2,3,3,233,8,At Risk
17431.0,222,1,403.3,3,2,2,322,7,Promising / Potential
17432.0,294,7,1385.63,2,4,4,244,10,At Risk
17433.0,294,1,266.8,2,2,1,221,5,About to Sleep
17435.0,320,1,331.35,2,2,2,222,6,About to Sleep
17436.0,135,4,440.16,3,4,2,342,9,Loyal Customers
17437.0,438,1,373.17,1,2,2,122,5,Hibernating / Lost
17438.0,162,5,1422.77,3,4,4,344,11,Loyal Customers
17439.0,564,1,325.74,1,2,2,122,5,Hibernating / Lost
17440.0,65,4,323.58,4,4,2,442,10,Champions
17441.0,641,1,293.35,1,2,2,122,5,Hibernating / Lost
17442.0,2,14,4293.43,5,5,5,555,15,Champions
17443.0,128,1,534.24,3,2,2,322,7,Promising / Potential
17444.0,56,3,2940.04,4,3,5,435,12,Loyal Customers
17446.0,85,2,120.9,4,3,1,431,8,Loyal Customers
17448.0,406,46,14556.97,1,5,5,155,11,Can't Lose Them
17449.0,3,10,3927.84,5,5,5,555,15,Champions
17450.0,4,28,138883.84,5,5,5,555,15,Champions
17451.0,14,1,346.01,5,2,2,522,9,Promising / Potential
17454.0,101,10,1547.94,4,5,4,454,13,Champions
17455.0,112,1,131.7,3,2,1,321,6,Promising / Potential
17456.0,274,2,1225.42,2,3,4,234,9,At Risk
17457.0,35,14,5984.81,5,5,5,555,15,Champions
17458.0,290,1,213.08,2,2,1,221,5,About to Sleep
17460.0,3,16,2228.27,5,5,4,554,14,Champions
17462.0,193,1,463.41,3,2,2,322,7,Promising / Potential
17463.0,85,5,1907.14,4,4,4,444,12,Champions
17464.0,67,3,1000.94,4,3,3,433,10,Loyal Customers
17465.0,334,7,2542.79,2,4,4,244,10,At Risk
17467.0,304,1,102.6,2,2,1,221,5,About to Sleep
17468.0,284,1,57.8,2,2,1,221,5,About to Sleep
17469.0,17,15,4230.55,5,5,5,555,15,Champions
17470.0,36,10,2496.27,5,5,4,554,14,Champions
17471.0,383,1,321.65,1,2,2,122,5,Hibernating / Lost
17472.0,100,4,935.1,4,4,3,443,11,Champions
17473.0,317,2,607.0,2,3,3,233,8,At Risk
17474.0,508,1,1047.0,1,2,3,123,6,Hibernating / Lost
17476.0,304,2,489.86,2,3,2,232,7,At Risk
17477.0,521,2,1144.3,1,3,3,133,7,Others / Need Attention
17478.0,317,2,1272.8,2,3,4,234,9,At Risk
17479.0,541,1,389.26,1,2,2,122,5,Hibernating / Lost
17480.0,353,1,390.21,1,2,2,122,5,Hibernating / Lost
17481.0,2,1,260.63,5,2,1,521,8,Promising / Potential
17482.0,396,2,778.19,1,3,3,133,7,Others / Need Attention
17483.0,43,3,452.43,4,3,2,432,9,Loyal Customers
17484.0,485,2,209.57,1,3,1,131,5,Others / Need Attention
17486.0,170,1,396.87,3,2,2,322,7,Promising / Potential
17487.0,637,1,160.55,1,2,1,121,4,Hibernating / Lost
17488.0,550,1,336.5,1,2,2,122,5,Hibernating / Lost
17489.0,121,1,208.56,3,2,1,321,6,Promising / Potential
17490.0,85,3,963.38,4,3,3,433,10,Loyal Customers
17491.0,4,13,4540.31,5,5,5,555,15,Champions
17492.0,157,3,1122.42,3,3,3,333,9,Loyal Customers
17493.0,294,1,100.91,2,2,1,221,5,About to Sleep
17494.0,410,1,54.7,1,2,1,121,4,Hibernating / Lost
17495.0,299,1,309.16,2,2,2,222,6,About to Sleep
17496.0,267,4,1412.89,2,4,4,244,10,At Risk
17497.0,299,2,287.25,2,3,2,232,7,At Risk
17499.0,198,2,1341.39,3,3,4,334,10,Loyal Customers
17501.0,129,2,288.6,3,3,2,332,8,Loyal Customers
17504.0,115,18,9565.12,3,5,5,355,13,Loyal Customers
17505.0,70,5,2435.48,4,4,4,444,12,Champions
17507.0,170,2,605.58,3,3,3,333,9,Loyal Customers
17508.0,189,8,4579.23,3,5,5,355,13,Loyal Customers
17510.0,329,1,206.08,2,2,1,221,5,About to Sleep
17511.0,2,50,143916.92,5,5,5,555,15,Champions
17512.0,30,16,4434.73,5,5,5,555,15,Champions
17513.0,317,2,645.6,2,3,3,233,8,At Risk
17514.0,37,2,542.83,4,3,2,432,9,Loyal Customers
17515.0,115,8,1549.81,3,5,4,354,12,Loyal Customers
17516.0,28,5,798.32,5,4,3,543,12,Champions
17517.0,217,1,153.94,3,2,1,321,6,Promising / Potential
17518.0,334,2,329.42,2,3,2,232,7,At Risk
17519.0,42,14,4753.45,4,5,5,455,14,Champions
17521.0,108,3,714.41,3,3,3,333,9,Loyal Customers
17522.0,47,4,912.25,4,4,3,443,11,Champions
17524.0,270,3,539.14,2,3,2,232,7,At Risk
17525.0,268,3,1161.9,2,3,4,234,9,At Risk
17526.0,199,11,3842.94,3,5,5,355,13,Loyal Customers
17527.0,18,2,606.62,5,3,3,533,11,Loyal Customers
17529.0,519,2,1240.25,1,3,4,134,8,Others / Need Attention
17530.0,115,8,2124.37,3,5,4,354,12,Loyal Customers
17531.0,99,3,1266.82,4,3,4,434,11,Loyal Customers
17532.0,294,1,65.34,2,2,1,221,5,About to Sleep
17533.0,343,1,34.8,2,2,1,221,5,About to Sleep
17534.0,360,4,1445.47,1,4,4,144,9,Can't Lose Them
17535.0,189,1,164.4,3,2,1,321,6,Promising / Potential
17536.0,86,3,364.83,4,3,2,432,9,Loyal Customers
17537.0,212,1,630.7,3,2,3,323,8,Promising / Potential
17539.0,526,4,1226.57,1,4,4,144,9,Can't Lose Them
17540.0,225,5,1280.5,3,4,4,344,11,Loyal Customers
17541.0,418,1,124.46,1,2,1,121,4,Hibernating / Lost
17542.0,178,3,341.7,3,3,2,332,8,Loyal Customers
17543.0,458,1,120.05,1,2,1,121,4,Hibernating / Lost
17544.0,299,3,960.69,2,3,3,233,8,At Risk
17545.0,299,3,802.58,2,3,3,233,8,At Risk
17547.0,284,2,727.85,2,3,3,233,8,At Risk
17548.0,142,4,731.26,3,4,3,343,10,Loyal Customers
17550.0,106,9,2547.64,4,5,4,454,13,Champions
17551.0,268,1,306.84,2,2,2,222,6,About to Sleep
17552.0,281,10,2453.4,2,5,4,254,11,At Risk
17553.0,38,4,3757.6,4,4,5,445,13,Champions
17554.0,31,2,1249.89,5,3,4,534,12,Loyal Customers
17555.0,243,4,769.93,3,4,3,343,10,Loyal Customers
17556.0,114,2,300.67,3,3,2,332,8,Loyal Customers
17557.0,641,1,34.0,1,2,1,121,4,Hibernating / Lost
17558.0,302,1,259.17,2,2,1,221,5,About to Sleep
17559.0,421,1,167.62,1,2,1,121,4,Hibernating / Lost
17560.0,3,8,1895.8,5,5,4,554,14,Champions
17561.0,299,3,554.72,2,3,2,232,7,At Risk
17562.0,18,4,661.1,5,4,3,543,12,Champions
17563.0,487,2,392.38,1,3,2,132,6,Others / Need Attention
17565.0,495,1,131.83,1,2,1,121,4,Hibernating / Lost
17567.0,1,7,3950.0,5,4,5,545,14,Champions
17568.0,542,1,382.79,1,2,2,122,5,Hibernating / Lost
17569.0,241,1,344.14,3,2,2,322,7,Promising / Potential
17570.0,290,1,100.0,2,2,1,221,5,About to Sleep
17571.0,54,4,766.44,4,4,3,443,11,Champions
17572.0,8,9,692.26,5,5,3,553,13,Champions
17573.0,2,1,174.71,5,2,1,521,8,Promising / Potential
17574.0,151,1,185.65,3,2,1,321,6,Promising / Potential
17575.0,576,1,171.7,1,2,1,121,4,Hibernating / Lost
17576.0,8,36,7741.08,5,5,5,555,15,Champions
17577.0,554,2,348.75,1,3,2,132,6,Others / Need Attention
17578.0,127,7,1047.33,3,4,3,343,10,Loyal Customers
17579.0,46,3,575.24,4,3,3,433,10,Loyal Customers
17580.0,161,5,545.27,3,4,2,342,9,Loyal Customers
17581.0,18,35,14235.0,5,5,5,555,15,Champions
17582.0,145,5,1450.7,3,4,4,344,11,Loyal Customers
17583.0,469,1,135.95,1,2,1,121,4,Hibernating / Lost
17584.0,36,5,4816.57,5,4,5,545,14,Champions
17585.0,18,7,2093.3,5,4,4,544,13,Champions
17586.0,528,1,167.4,1,2,1,121,4,Hibernating / Lost
17587.0,537,1,181.66,1,2,1,121,4,Hibernating / Lost
17588.0,9,7,2939.55,5,4,5,545,14,Champions
17589.0,60,17,13488.77,4,5,5,455,14,Champions
17591.0,31,7,2413.87,5,4,4,544,13,Champions
17592.0,647,1,148.3,1,2,1,121,4,Hibernating / Lost
17593.0,0,10,7417.6,5,5,5,555,15,Champions
17594.0,163,3,1819.7,3,3,4,334,10,Loyal Customers
17596.0,45,10,3831.47,4,5,5,455,14,Champions
17597.0,122,5,3484.09,3,4,5,345,12,Loyal Customers
17598.0,290,1,409.98,2,2,2,222,6,About to Sleep
17599.0,386,1,52.05,1,2,1,121,4,Hibernating / Lost
17601.0,148,2,421.48,3,3,2,332,8,Loyal Customers
17602.0,33,10,3257.71,5,5,5,555,15,Champions
17603.0,526,3,1398.76,1,3,4,134,8,Others / Need Attention
17604.0,126,6,945.93,3,4,3,343,10,Loyal Customers
17605.0,499,1,160.75,1,2,1,121,4,Hibernating / Lost
17606.0,646,1,87.3,1,2,1,121,4,Hibernating / Lost
17607.0,285,1,333.81,2,2,2,222,6,About to Sleep
17608.0,358,2,305.11,1,3,2,132,6,Others / Need Attention
17609.0,211,8,1319.81,3,5,4,354,12,Loyal Customers
17610.0,449,5,1529.49,1,4,4,144,9,Can't Lose Them
17611.0,32,22,7112.01,5,5,5,555,15,Champions
17612.0,4,17,5029.35,5,5,5,555,15,Champions
17613.0,26,9,2991.29,5,5,5,555,15,Champions
17615.0,39,6,733.2,4,4,3,443,11,Champions
17616.0,82,4,1060.8,4,4,3,443,11,Champions
17617.0,467,1,395.33,1,2,2,122,5,Hibernating / Lost
17618.0,157,10,3768.44,3,5,5,355,13,Loyal Customers
17619.0,221,1,218.52,3,2,1,321,6,Promising / Potential
17621.0,221,5,2697.0,3,4,4,344,11,Loyal Customers
17622.0,506,2,1130.21,1,3,3,133,7,Others / Need Attention
17623.0,318,6,1856.62,2,4,4,244,10,At Risk
17624.0,127,3,1125.45,3,3,3,333,9,Loyal Customers
17625.0,49,6,5255.58,4,4,5,445,13,Champions
17626.0,511,1,254.0,1,2,1,121,4,Hibernating / Lost
17627.0,387,1,296.36,1,2,2,122,5,Hibernating / Lost
17629.0,29,7,1439.78,5,4,4,544,13,Champions
17630.0,78,2,503.6,4,3,2,432,9,Loyal Customers
17631.0,46,6,886.66,4,4,3,443,11,Champions
17633.0,12,5,1381.16,5,4,4,544,13,Champions
17634.0,1,7,2080.45,5,4,4,544,13,Champions
17635.0,333,3,1265.58,2,3,4,234,9,At Risk
17637.0,24,1,338.95,5,2,2,522,9,Promising / Potential
17638.0,556,2,842.4,1,3,3,133,7,Others / Need Attention
17639.0,185,6,615.17,3,4,3,343,10,Loyal Customers
17640.0,288,5,2547.28,2,4,4,244,10,At Risk
17642.0,28,5,1824.49,5,4,4,544,13,Champions
17643.0,282,2,541.25,2,3,2,232,7,At Risk
17644.0,29,16,4758.59,5,5,5,555,15,Champions
17646.0,128,12,4149.79,3,5,5,355,13,Loyal Customers
17647.0,578,2,198.6,1,3,1,131,5,Others / Need Attention
17648.0,101,4,1526.26,4,4,4,444,12,Champions
17649.0,47,3,1578.89,4,3,4,434,11,Loyal Customers
17651.0,64,10,2906.53,4,5,5,455,14,Champions
17652.0,53,6,2713.57,4,4,5,445,13,Champions
17653.0,8,2,343.34,5,3,2,532,10,Loyal Customers
17654.0,186,1,117.55,3,2,1,321,6,Promising / Potential
17655.0,25,7,2916.87,5,4,5,545,14,Champions
17656.0,15,3,927.65,5,3,3,533,11,Loyal Customers
17657.0,339,1,126.0,2,2,1,221,5,About to Sleep
17658.0,120,1,317.6,3,2,2,322,7,Promising / Potential
17659.0,9,11,2488.36,5,5,4,554,14,Champions
17660.0,50,2,359.47,4,3,2,432,9,Loyal Customers
17662.0,570,2,412.92,1,3,2,132,6,Others / Need Attention
17663.0,63,14,4389.45,4,5,5,455,14,Champions
17664.0,121,3,887.78,3,3,3,333,9,Loyal Customers
17665.0,402,1,563.1,1,2,2,122,5,Hibernating / Lost
17666.0,386,3,1319.64,1,3,4,134,8,Others / Need Attention
17667.0,70,8,3646.2,4,5,5,455,14,Champions
17669.0,31,8,5168.85,5,5,5,555,15,Champions
17670.0,136,1,205.7,3,2,1,321,6,Promising / Potential
17671.0,66,4,1929.18,4,4,4,444,12,Champions
17672.0,218,6,3778.3,3,4,5,345,12,Loyal Customers
17673.0,71,11,3814.23,4,5,5,455,14,Champions
17674.0,277,1,601.32,2,2,3,223,7,About to Sleep
17675.0,10,62,31959.51,5,5,5,555,15,Champions
17676.0,18,8,2109.0,5,5,4,554,14,Champions
17677.0,9,44,32014.03,5,5,5,555,15,Champions
17678.0,172,2,599.76,3,3,3,333,9,Loyal Customers
17679.0,430,5,1585.5,1,4,4,144,9,Can't Lose Them
17680.0,292,2,313.05,2,3,2,232,7,At Risk
17681.0,506,5,731.2,1,4,3,143,8,Can't Lose Them
17682.0,24,10,3881.8,5,5,5,555,15,Champions
17683.0,294,3,819.01,2,3,3,233,8,At Risk
17685.0,175,10,4264.36,3,5,5,355,13,Loyal Customers
17686.0,29,7,7146.7,5,4,5,545,14,Champions
17687.0,329,1,432.68,2,2,2,222,6,About to Sleep
17688.0,302,1,304.2,2,2,2,222,6,About to Sleep
17689.0,297,2,317.08,2,3,2,232,7,At Risk
17690.0,10,16,6216.83,5,5,5,555,15,Champions
17691.0,267,4,780.05,2,4,3,243,9,At Risk
17692.0,36,12,2975.8,5,5,5,555,15,Champions
17693.0,46,1,200.47,4,2,1,421,7,Promising / Potential
17694.0,50,3,1695.97,4,3,4,434,11,Loyal Customers
17695.0,40,5,1746.04,4,4,4,444,12,Champions
17696.0,17,26,7309.47,5,5,5,555,15,Champions
17697.0,145,1,338.95,3,2,2,322,7,Promising / Potential
17698.0,169,1,154.95,3,2,1,321,6,Promising / Potential
17699.0,385,2,442.0,1,3,2,132,6,Others / Need Attention
17700.0,3,13,5827.16,5,5,5,555,15,Champions
17701.0,161,1,417.95,3,2,2,322,7,Promising / Potential
17702.0,17,5,2658.44,5,4,4,544,13,Champions
17703.0,18,3,787.06,5,3,3,533,11,Loyal Customers
17704.0,77,2,885.19,4,3,3,433,10,Loyal Customers
17705.0,15,8,1228.38,5,5,4,554,14,Champions
17706.0,9,26,18272.99,5,5,5,555,15,Champions
17707.0,94,8,609.3,4,5,3,453,12,Champions
17708.0,96,4,887.93,4,4,3,443,11,Champions
17709.0,78,5,671.01,4,4,3,443,11,Champions
17710.0,332,1,293.5,2,2,2,222,6,About to Sleep
17711.0,198,1,220.53,3,2,1,321,6,Promising / Potential
17713.0,291,4,1198.09,2,4,4,244,10,At Risk
17714.0,229,5,1410.18,3,4,4,344,11,Loyal Customers
17715.0,109,2,489.6,3,3,2,332,8,Loyal Customers
17716.0,3,20,14437.64,5,5,5,555,15,Champions
17717.0,330,1,376.92,2,2,2,222,6,About to Sleep
17718.0,141,2,439.18,3,3,2,332,8,Loyal Customers
17719.0,15,12,4477.4,5,5,5,555,15,Champions
17720.0,22,9,2460.57,5,5,4,554,14,Champions
17721.0,568,1,307.21,1,2,2,122,5,Hibernating / Lost
17722.0,5,5,4430.36,5,4,5,545,14,Champions
17723.0,36,7,3378.4,5,4,5,545,14,Champions
17724.0,47,1,373.1,4,2,2,422,8,Promising / Potential
17725.0,9,8,2507.12,5,5,4,554,14,Champions
17726.0,304,7,1092.06,2,4,3,243,9,At Risk
17728.0,313,2,1362.75,2,3,4,234,9,At Risk
17729.0,505,1,438.65,1,2,2,122,5,Hibernating / Lost
17730.0,15,15,5531.09,5,5,5,555,15,Champions
17731.0,37,5,1432.62,4,4,4,444,12,Champions
17732.0,281,8,2470.39,2,5,4,254,11,At Risk
17733.0,170,1,216.95,3,2,1,321,6,Promising / Potential
17734.0,45,5,1281.9,4,4,4,444,12,Champions
17735.0,2,23,15226.15,5,5,5,555,15,Champions
17736.0,22,1,307.49,5,2,2,522,9,Promising / Potential
17738.0,57,12,3876.0,4,5,5,455,14,Champions
17739.0,105,14,6010.01,4,5,5,455,14,Champions
17740.0,298,6,426.9,2,4,2,242,8,At Risk
17741.0,315,2,101.1,2,3,1,231,6,At Risk
17742.0,22,11,2098.48,5,5,4,554,14,Champions
17743.0,357,1,229.2,1,2,1,121,4,Hibernating / Lost
17744.0,159,5,1615.7,3,4,4,344,11,Loyal Customers
17745.0,386,2,600.34,1,3,3,133,7,Others / Need Attention
17746.0,149,4,904.18,3,4,3,343,10,Loyal Customers
17747.0,21,1,71.4,5,2,1,521,8,Promising / Potential
17748.0,436,1,358.15,1,2,2,122,5,Hibernating / Lost
17749.0,87,3,1026.18,4,3,3,433,10,Loyal Customers
17750.0,8,5,1271.46,5,4,4,544,13,Champions
17751.0,330,1,157.86,2,2,1,221,5,About to Sleep
17752.0,268,1,80.64,2,2,1,221,5,About to Sleep
17753.0,373,4,390.56,1,4,2,142,7,Can't Lose Them
17754.0,51,10,3380.33,4,5,5,455,14,Champions
17756.0,284,3,733.7,2,3,3,233,8,At Risk
17757.0,23,46,7137.61,5,5,5,555,15,Champions
17758.0,61,8,2992.03,4,5,5,455,14,Champions
17759.0,78,4,609.07,4,4,3,443,11,Champions
17760.0,282,5,803.88,2,4,3,243,9,At Risk
17762.0,365,1,129.75,1,2,1,121,4,Hibernating / Lost
17763.0,172,4,86.15,3,4,1,341,8,Loyal Customers
17764.0,120,4,1066.79,3,4,3,343,10,Loyal Customers
17765.0,67,4,530.8,4,4,2,442,10,Champions
17766.0,290,2,299.61,2,3,2,232,7,At Risk
17767.0,319,1,141.85,2,2,1,221,5,About to Sleep
17768.0,75,5,1647.66,4,4,4,444,12,Champions
17769.0,47,11,4933.83,4,5,5,455,14,Champions
17770.0,107,5,1143.27,3,4,3,343,10,Loyal Customers
17771.0,232,3,257.4,3,3,1,331,7,Loyal Customers
17772.0,301,1,202.0,2,2,1,221,5,About to Sleep
17773.0,423,2,585.27,1,3,3,133,7,Others / Need Attention
17774.0,5,9,3328.05,5,5,5,555,15,Champions
17775.0,163,1,56.4,3,2,1,321,6,Promising / Potential
17776.0,295,2,338.56,2,3,2,232,7,At Risk
17777.0,9,1,194.7,5,2,1,521,8,Promising / Potential
17778.0,570,1,197.7,1,2,1,121,4,Hibernating / Lost
17779.0,52,1,323.09,4,2,2,422,8,Promising / Potential
17780.0,576,3,352.91,1,3,2,132,6,Others / Need Attention
17781.0,68,2,188.02,4,3,1,431,8,Loyal Customers
17782.0,291,2,679.02,2,3,3,233,8,At Risk
17783.0,156,2,208.85,3,3,1,331,7,Loyal Customers
17784.0,459,1,112.86,1,2,1,121,4,Hibernating / Lost
17785.0,354,2,271.44,1,3,2,132,6,Others / Need Attention
17786.0,226,1,114.85,3,2,1,321,6,Promising / Potential
17787.0,61,4,2601.47,4,4,4,444,12,Champions
17788.0,38,1,16.7,4,2,1,421,7,Promising / Potential
17789.0,190,2,397.15,3,3,2,332,8,Loyal Customers
17790.0,29,18,2181.57,5,5,4,554,14,Champions
17792.0,376,2,370.05,1,3,2,132,6,Others / Need Attention
17794.0,595,2,147.3,1,3,1,131,5,Others / Need Attention
17795.0,88,2,350.39,4,3,2,432,9,Loyal Customers
17796.0,222,6,1286.09,3,4,4,344,11,Loyal Customers
17797.0,91,6,1477.85,4,4,4,444,12,Champions
17798.0,490,1,183.09,1,2,1,121,4,Hibernating / Lost
17799.0,8,19,5817.71,5,5,5,555,15,Champions
17800.0,0,7,916.6,5,4,3,543,12,Champions
17801.0,360,3,798.33,1,3,3,133,7,Others / Need Attention
17802.0,89,9,4400.5,4,5,5,455,14,Champions
17803.0,301,1,184.66,2,2,1,221,5,About to Sleep
17804.0,285,3,385.23,2,3,2,232,7,At Risk
17805.0,519,1,414.72,1,2,2,122,5,Hibernating / Lost
17807.0,304,3,437.87,2,3,2,232,7,At Risk
17808.0,457,4,262.64,1,4,1,141,6,Can't Lose Them
17809.0,38,16,8782.19,4,5,5,455,14,Champions
17810.0,577,2,374.81,1,3,2,132,6,Others / Need Attention
17811.0,1,32,6636.23,5,5,5,555,15,Champions
17812.0,277,4,651.28,2,4,3,243,9,At Risk
17814.0,284,2,1617.32,2,3,4,234,9,At Risk
17815.0,302,1,591.96,2,2,3,223,7,About to Sleep
17816.0,178,4,97.07,3,4,1,341,8,Loyal Customers
17817.0,186,5,689.87,3,4,3,343,10,Loyal Customers
17818.0,646,1,130.18,1,2,1,121,4,Hibernating / Lost
17819.0,91,11,6376.12,4,5,5,455,14,Champions
17820.0,283,1,183.56,2,2,1,221,5,About to Sleep
17821.0,315,1,334.62,2,2,2,222,6,About to Sleep
17822.0,329,5,2188.5,2,4,4,244,10,At Risk
17823.0,330,2,494.25,2,3,2,232,7,At Risk
17825.0,507,4,731.96,1,4,3,143,8,Can't Lose Them
17826.0,283,1,134.59,2,2,1,221,5,About to Sleep
17827.0,151,5,1976.4,3,4,4,344,11,Loyal Customers
17828.0,18,3,1076.66,5,3,3,533,11,Loyal Customers
17829.0,207,5,4756.74,3,4,5,345,12,Loyal Customers
17830.0,170,2,287.65,3,3,2,332,8,Loyal Customers
17833.0,632,1,342.36,1,2,2,122,5,Hibernating / Lost
17834.0,323,2,730.47,2,3,3,233,8,At Risk
17837.0,57,3,376.51,4,3,2,432,9,Loyal Customers
17838.0,201,11,5631.3,3,5,5,355,13,Loyal Customers
17840.0,352,1,185.72,1,2,1,121,4,Hibernating / Lost
17841.0,0,168,53394.36,5,5,5,555,15,Champions
17842.0,511,1,430.69,1,2,2,122,5,Hibernating / Lost
17843.0,212,2,326.23,3,3,2,332,8,Loyal Customers
17844.0,15,1,51.56,5,2,1,521,8,Promising / Potential
17845.0,464,4,598.19,1,4,3,143,8,Can't Lose Them
17847.0,424,2,129.69,1,3,1,131,5,Others / Need Attention
17848.0,37,29,3571.3,4,5,5,455,14,Champions
17849.0,127,8,1063.76,3,5,3,353,11,Loyal Customers
17850.0,281,155,56600.08,2,5,5,255,12,At Risk
17851.0,331,6,1563.34,2,4,4,244,10,At Risk
17852.0,297,3,548.87,2,3,2,232,7,At Risk
17853.0,316,3,1608.19,2,3,4,234,9,At Risk
17854.0,94,6,1071.45,4,4,3,443,11,Champions
17855.0,281,1,417.94,2,2,2,222,6,About to Sleep
17856.0,142,3,1142.63,3,3,3,333,9,Loyal Customers
17857.0,7,15,16057.72,5,5,5,555,15,Champions
17858.0,25,27,11298.24,5,5,5,555,15,Champions
17859.0,213,1,148.21,3,2,1,321,6,Promising / Potential
17860.0,277,4,1015.54,2,4,3,243,9,At Risk
17861.0,45,15,4328.46,4,5,5,455,14,Champions
17862.0,232,4,1279.09,3,4,4,344,11,Loyal Customers
17863.0,54,10,4370.48,4,5,5,455,14,Champions
17864.0,184,3,535.23,3,3,2,332,8,Loyal Customers
17865.0,16,38,22865.41,5,5,5,555,15,Champions
17866.0,51,3,1134.95,4,3,3,433,10,Loyal Customers
17867.0,52,13,1381.66,4,5,4,454,13,Champions
17868.0,295,1,234.65,2,2,1,221,5,About to Sleep
17869.0,16,7,1036.16,5,4,3,543,12,Champions
17870.0,0,8,1963.77,5,5,4,554,14,Champions
17871.0,113,5,1118.99,3,4,3,343,10,Loyal Customers
17872.0,290,1,235.87,2,2,1,221,5,About to Sleep
17873.0,93,17,6243.84,4,5,5,455,14,Champions
17874.0,94,6,683.46,4,4,3,443,11,Champions
17875.0,597,1,167.1,1,2,1,121,4,Hibernating / Lost
17876.0,308,3,3424.02,2,3,5,235,10,At Risk
17877.0,79,1,237.61,4,2,1,421,7,Promising / Potential
17878.0,304,2,1032.88,2,3,3,233,8,At Risk
17879.0,82,1,178.52,4,2,1,421,7,Promising / Potential
17880.0,273,3,824.92,2,3,3,233,8,At Risk
17881.0,213,1,133.35,3,2,1,321,6,Promising / Potential
17882.0,288,2,313.46,2,3,2,232,7,At Risk
17883.0,155,4,443.43,3,4,2,342,9,Loyal Customers
17884.0,220,19,2958.28,3,5,5,355,13,Loyal Customers
17886.0,119,5,1105.03,3,4,3,343,10,Loyal Customers
17887.0,38,1,111.35,4,2,1,421,7,Promising / Potential
17888.0,70,21,1401.44,4,5,4,454,13,Champions
17889.0,121,7,774.87,3,4,3,343,10,Loyal Customers
17890.0,231,2,602.09,3,3,3,333,9,Loyal Customers
17891.0,71,1,203.86,4,2,1,421,7,Promising / Potential
17892.0,64,1,142.1,4,2,1,421,7,Promising / Potential
17893.0,134,1,112.25,3,2,1,321,6,Promising / Potential
17894.0,5,17,2330.32,5,5,4,554,14,Champions
17897.0,81,9,2585.0,4,5,4,454,13,Champions
17898.0,116,3,246.96,3,3,1,331,7,Loyal Customers
17899.0,68,1,155.8,4,2,1,421,7,Promising / Potential
17900.0,99,2,112.2,4,3,1,431,8,Loyal Customers
17901.0,430,2,149.7,1,3,1,131,5,Others / Need Attention
17902.0,455,1,216.4,1,2,1,121,4,Hibernating / Lost
17903.0,303,1,381.09,2,2,2,222,6,About to Sleep
17905.0,65,12,2202.27,4,5,4,454,13,Champions
17906.0,156,1,72.9,3,2,1,321,6,Promising / Potential
17907.0,549,1,291.76,1,2,2,122,5,Hibernating / Lost
17908.0,282,5,1411.54,2,4,4,244,10,At Risk
17909.0,646,1,132.55,1,2,1,121,4,Hibernating / Lost
17910.0,635,1,261.7,1,2,1,121,4,Hibernating / Lost
17912.0,219,6,375.5,3,4,2,342,9,Loyal Customers
17913.0,264,13,3286.09,2,5,5,255,12,At Risk
17915.0,460,1,242.13,1,2,1,121,4,Hibernating / Lost
17916.0,537,2,43.87,1,3,1,131,5,Others / Need Attention
17917.0,165,2,230.46,3,3,1,331,7,Loyal Customers
17918.0,409,3,396.39,1,3,2,132,6,Others / Need Attention
17919.0,347,1,536.28,2,2,2,222,6,About to Sleep
17920.0,14,46,22719.18,5,5,5,555,15,Champions
17921.0,57,9,2198.74,4,5,4,454,13,Champions
17922.0,452,1,170.4,1,2,1,121,4,Hibernating / Lost
17923.0,191,3,497.0,3,3,2,332,8,Loyal Customers
17924.0,210,3,1076.4,3,3,3,333,9,Loyal Customers
17925.0,281,1,488.16,2,2,2,222,6,About to Sleep
17926.0,42,5,1035.49,4,4,3,443,11,Champions
17927.0,630,1,294.0,1,2,2,122,5,Hibernating / Lost
17928.0,155,2,206.96,3,3,1,331,7,Loyal Customers
17929.0,21,11,2946.1,5,5,5,555,15,Champions
17930.0,71,10,3228.88,4,5,5,455,14,Champions
17931.0,43,14,3437.29,4,5,5,455,14,Champions
17932.0,82,2,934.51,4,3,3,433,10,Loyal Customers
17933.0,541,1,114.69,1,2,1,121,4,Hibernating / Lost
17934.0,315,1,344.9,2,2,2,222,6,About to Sleep
17935.0,47,7,686.14,4,4,3,443,11,Champions
17937.0,23,5,3614.52,5,4,5,545,14,Champions
17938.0,329,1,144.29,2,2,1,221,5,About to Sleep
17939.0,68,1,99.14,4,2,1,421,7,Promising / Potential
17940.0,17,15,30201.19,5,5,5,555,15,Champions
17941.0,39,4,1433.28,4,4,4,444,12,Champions
17944.0,332,1,75.41,2,2,1,221,5,About to Sleep
17945.0,605,3,360.35,1,3,2,132,6,Others / Need Attention
17946.0,142,2,149.58,3,3,1,331,7,Loyal Customers
17948.0,56,1,358.56,4,2,2,422,8,Promising / Potential
17949.0,2,106,108326.8,5,5,5,555,15,Champions
17950.0,274,6,1213.78,2,4,4,244,10,At Risk
17951.0,267,3,1037.04,2,3,3,233,8,At Risk
17952.0,287,4,819.61,2,4,3,243,9,At Risk
17953.0,449,1,160.82,1,2,1,121,4,Hibernating / Lost
17954.0,32,17,3523.54,5,5,5,555,15,Champions
17955.0,107,6,949.9,3,4,3,343,10,Loyal Customers
17956.0,158,1,12.75,3,2,1,321,6,Promising / Potential
17958.0,25,2,973.88,5,3,3,533,11,Loyal Customers
17959.0,501,1,140.75,1,2,1,121,4,Hibernating / Lost
17960.0,80,3,135.08,4,3,1,431,8,Loyal Customers
17961.0,32,92,2878.72,5,5,5,555,15,Champions
17962.0,51,4,687.42,4,4,3,443,11,Champions
17963.0,380,4,651.51,1,4,3,143,8,Can't Lose Them
17964.0,281,1,523.52,2,2,2,222,6,About to Sleep
17965.0,0,27,6889.45,5,5,5,555,15,Champions
17966.0,60,9,1470.42,4,5,4,454,13,Champions
17967.0,280,2,357.29,2,3,2,232,7,At Risk
17968.0,282,4,888.04,2,4,3,243,9,At Risk
17969.0,75,20,2369.94,4,5,4,454,13,Champions
17970.0,120,1,582.59,3,2,3,323,8,Promising / Potential
17971.0,457,1,161.94,1,2,1,121,4,Hibernating / Lost
17972.0,150,1,136.04,3,2,1,321,6,Promising / Potential
17974.0,128,4,1290.04,3,4,4,344,11,Loyal Customers
17975.0,23,22,6496.02,5,5,5,555,15,Champions
17976.0,281,1,706.38,2,2,3,223,7,About to Sleep
17977.0,309,1,1277.49,2,2,4,224,8,About to Sleep
17978.0,274,4,1461.76,2,4,4,244,10,At Risk
17979.0,77,3,504.54,4,3,2,432,9,Loyal Customers
17980.0,74,4,1033.42,4,4,3,443,11,Champions
17981.0,319,1,239.12,2,2,1,221,5,About to Sleep
17982.0,589,1,138.18,1,2,1,121,4,Hibernating / Lost
17983.0,304,1,171.71,2,2,1,221,5,About to Sleep
17984.0,54,5,1191.27,4,4,4,444,12,Champions
17987.0,94,5,1003.64,4,4,3,443,11,Champions
17988.0,26,12,434.42,5,5,2,552,12,Champions
17989.0,288,1,228.83,2,2,1,221,5,About to Sleep
17990.0,145,6,1527.61,3,4,4,344,11,Loyal Customers
17991.0,134,3,320.55,3,3,2,332,8,Loyal Customers
17992.0,298,1,254.13,2,2,1,221,5,About to Sleep
17993.0,526,1,235.19,1,2,1,121,4,Hibernating / Lost
17994.0,30,11,2313.32,5,5,4,554,14,Champions
17995.0,190,3,495.48,3,3,2,332,8,Loyal Customers
17996.0,288,3,482.33,2,3,2,232,7,At Risk
17997.0,1,6,1719.96,5,4,4,544,13,Champions
17998.0,289,3,639.24,2,3,3,233,8,At Risk
17999.0,275,2,539.18,2,3,2,232,7,At Risk
18000.0,473,1,124.25,1,2,1,121,4,Hibernating / Lost
18001.0,358,4,536.61,1,4,2,142,7,Can't Lose Them
18002.0,284,4,249.92,2,4,1,241,7,At Risk
18003.0,285,1,358.61,2,2,2,222,6,About to Sleep
18004.0,271,1,169.47,2,2,1,221,5,About to Sleep
18006.0,290,3,553.18,2,3,2,232,7,At Risk
18007.0,301,1,220.32,2,2,1,221,5,About to Sleep
18008.0,112,21,19736.35,3,5,5,355,13,Loyal Customers
18009.0,144,8,2155.83,3,5,4,354,12,Loyal Customers
18010.0,165,1,174.8,3,2,1,321,6,Promising / Potential
18011.0,282,2,527.03,2,3,2,232,7,At Risk
18012.0,632,1,115.3,1,2,1,121,4,Hibernating / Lost
18013.0,64,2,187.29,4,3,1,431,8,Loyal Customers
18016.0,95,5,965.66,4,4,3,443,11,Champions
18017.0,78,3,509.0,4,3,2,432,9,Loyal Customers
18018.0,17,4,297.99,5,4,2,542,11,Champions
18020.0,452,1,190.48,1,2,1,121,4,Hibernating / Lost
18021.0,418,2,227.06,1,3,1,131,5,Others / Need Attention
18022.0,294,4,983.68,2,4,3,243,9,At Risk
18024.0,61,2,389.78,4,3,2,432,9,Loyal Customers
18025.0,288,6,1177.72,2,4,4,244,10,At Risk
18026.0,409,2,2074.07,1,3,4,134,8,Others / Need Attention
18027.0,7,1,115.31,5,2,1,521,8,Promising / Potential
18028.0,492,1,192.05,1,2,1,121,4,Hibernating / Lost
18029.0,551,1,433.77,1,2,2,122,5,Hibernating / Lost
18031.0,287,1,462.1,2,2,2,222,6,About to Sleep
18032.0,243,1,73.5,3,2,1,321,6,Promising / Potential
18034.0,284,1,370.82,2,2,2,222,6,About to Sleep
18035.0,294,2,546.34,2,3,2,232,7,At Risk
18036.0,14,10,1412.56,5,5,4,554,14,Champions
18037.0,63,15,167.42,4,5,1,451,10,Champions
18038.0,465,1,149.41,1,2,1,121,4,Hibernating / Lost
18039.0,283,4,579.17,2,4,3,243,9,At Risk
18040.0,154,1,239.0,3,2,1,321,6,Promising / Potential
18041.0,12,33,7653.12,5,5,5,555,15,Champions
18042.0,450,1,116.1,1,2,1,121,4,Hibernating / Lost
18043.0,115,2,768.27,3,3,3,333,9,Loyal Customers
18044.0,75,15,2522.54,4,5,4,454,13,Champions
18046.0,558,1,189.63,1,2,1,121,4,Hibernating / Lost
18047.0,290,2,342.69,2,3,2,232,7,At Risk
18048.0,112,3,401.73,3,3,2,332,8,Loyal Customers
18049.0,346,2,556.52,2,3,2,232,7,At Risk
18050.0,268,2,412.06,2,3,2,232,7,At Risk
18051.0,543,7,2282.28,1,4,4,144,9,Can't Lose Them
18052.0,473,1,10877.18,1,2,5,125,8,Hibernating / Lost
18053.0,434,2,271.05,1,3,2,132,6,Others / Need Attention
18054.0,301,1,176.5,2,2,1,221,5,About to Sleep
18055.0,37,11,8084.24,4,5,5,455,14,Champions
18056.0,197,2,554.6,3,3,2,332,8,Loyal Customers
18057.0,302,3,1203.56,2,3,4,234,9,At Risk
18058.0,450,2,603.9,1,3,3,133,7,Others / Need Attention
18060.0,317,2,1185.46,2,3,4,234,9,At Risk
18061.0,16,26,6163.07,5,5,5,555,15,Champions
18062.0,82,6,1632.67,4,4,4,444,12,Champions
18063.0,299,2,186.6,2,3,1,231,6,At Risk
18064.0,42,11,4495.03,4,5,5,455,14,Champions
18065.0,92,23,4885.95,4,5,5,455,14,Champions
18066.0,295,2,1122.4,2,3,3,233,8,At Risk
18068.0,198,1,101.7,3,2,1,321,6,Promising / Potential
18069.0,89,9,3497.76,4,5,5,455,14,Champions
18070.0,578,1,314.1,1,2,2,122,5,Hibernating / Lost
18071.0,166,6,1428.63,3,4,4,344,11,Loyal Customers
18072.0,94,1,247.44,4,2,1,421,7,Promising / Potential
18073.0,23,12,3877.52,5,5,5,555,15,Champions
18074.0,282,2,1509.04,2,3,4,234,9,At Risk
18075.0,15,18,5129.29,5,5,5,555,15,Champions
18076.0,289,1,151.49,2,2,1,221,5,About to Sleep
18077.0,12,14,3376.49,5,5,5,555,15,Champions
18078.0,126,4,844.6,3,4,3,343,10,Loyal Customers
18079.0,35,3,2796.96,5,3,5,535,13,Loyal Customers
18080.0,151,1,841.5,3,2,3,323,8,Promising / Potential
18081.0,21,2,208.05,5,3,1,531,9,Loyal Customers
18083.0,306,1,470.73,2,2,2,222,6,About to Sleep
18084.0,292,2,722.45,2,3,3,233,8,At Risk
18085.0,239,4,1645.75,3,4,4,344,11,Loyal Customers
18086.0,183,1,101.34,3,2,1,321,6,Promising / Potential
18087.0,7,17,14761.52,5,5,5,555,15,Champions
18089.0,355,1,428.45,1,2,2,122,5,Hibernating / Lost
18090.0,330,1,349.4,2,2,2,222,6,About to Sleep
18091.0,502,1,360.85,1,2,2,122,5,Hibernating / Lost
18092.0,28,15,12962.66,5,5,5,555,15,Champions
18093.0,2,8,4452.71,5,5,5,555,15,Champions
18094.0,45,11,5776.52,4,5,5,455,14,Champions
18095.0,221,5,2303.09,3,4,4,344,11,Loyal Customers
18096.0,351,3,894.13,1,3,3,133,7,Others / Need Attention
18097.0,35,10,3976.92,5,5,5,555,15,Champions
18098.0,305,1,550.84,2,2,2,222,6,About to Sleep
18099.0,36,1,168.31,5,2,1,521,8,Promising / Potential
18100.0,459,1,451.56,1,2,2,122,5,Hibernating / Lost
18101.0,52,4,515.74,4,4,2,442,10,Champions
18102.0,7,112,484615.1,5,5,5,555,15,Champions
18103.0,458,1,105.8,1,2,1,121,4,Hibernating / Lost
18106.0,238,6,1461.46,3,4,4,344,11,Loyal Customers
18107.0,351,1,167.13,1,2,1,121,4,Hibernating / Lost
18108.0,163,3,848.81,3,3,3,333,9,Loyal Customers
18109.0,0,30,6692.11,5,5,5,555,15,Champions
18110.0,320,1,199.13,2,2,1,221,5,About to Sleep
18111.0,498,1,405.85,1,2,2,122,5,Hibernating / Lost
18112.0,75,3,619.91,4,3,3,433,10,Loyal Customers
18113.0,277,1,152.64,2,2,1,221,5,About to Sleep
18114.0,199,1,220.1,3,2,1,321,6,Promising / Potential
18115.0,606,1,9.7,1,2,1,121,4,Hibernating / Lost
18116.0,143,12,1990.74,3,5,4,354,12,Loyal Customers
18118.0,0,22,5321.09,5,5,5,555,15,Champions
18119.0,276,1,362.24,2,2,2,222,6,About to Sleep
18120.0,123,1,111.15,3,2,1,321,6,Promising / Potential
18121.0,58,2,673.1,4,3,3,433,10,Loyal Customers
18122.0,59,1,119.19,4,2,1,421,7,Promising / Potential
18123.0,422,1,95.15,1,2,1,121,4,Hibernating / Lost
18124.0,381,1,111.53,1,2,1,121,4,Hibernating / Lost
18125.0,110,3,945.14,3,3,3,333,9,Loyal Customers
18127.0,42,2,352.4,4,3,2,432,9,Loyal Customers
18128.0,446,1,420.04,1,2,2,122,5,Hibernating / Lost
18129.0,152,1,112.55,3,2,1,321,6,Promising / Potential
18131.0,540,1,222.96,1,2,1,121,4,Hibernating / Lost
18132.0,413,1,226.9,1,2,1,121,4,Hibernating / Lost
18133.0,121,1,931.5,3,2,3,323,8,Promising / Potential
18134.0,507,2,445.0,1,3,2,132,6,Others / Need Attention
18135.0,99,6,677.53,4,4,3,443,11,Champions
18136.0,120,4,1447.88,3,4,4,344,11,Loyal Customers
18137.0,460,2,145.99,1,3,1,131,5,Others / Need Attention
18138.0,204,1,152.65,3,2,1,321,6,Promising / Potential
18140.0,382,1,536.41,1,2,2,122,5,Hibernating / Lost
18141.0,310,2,882.47,2,3,3,233,8,At Risk
18142.0,66,2,1019.52,4,3,3,433,10,Loyal Customers
18143.0,25,2,1000.16,5,3,3,533,11,Loyal Customers
18144.0,18,16,4334.8,5,5,5,555,15,Champions
18145.0,113,9,3780.02,3,5,5,355,13,Loyal Customers
18146.0,49,2,160.35,4,3,1,431,8,Loyal Customers
18147.0,17,1,98.88,5,2,1,521,8,Promising / Potential
18148.0,555,1,114.1,1,2,1,121,4,Hibernating / Lost
18149.0,124,6,1562.31,3,4,4,344,11,Loyal Customers
18150.0,49,2,413.28,4,3,2,432,9,Loyal Customers
18151.0,43,6,1879.44,4,4,4,444,12,Champions
18152.0,555,1,426.69,1,2,2,122,5,Hibernating / Lost
18153.0,568,1,246.22,1,2,1,121,4,Hibernating / Lost
18154.0,297,3,533.41,2,3,2,232,7,At Risk
18155.0,79,2,266.56,4,3,1,431,8,Loyal Customers
18156.0,278,1,412.46,2,2,2,222,6,About to Sleep
18157.0,480,1,215.35,1,2,1,121,4,Hibernating / Lost
18159.0,210,1,530.15,3,2,2,322,7,Promising / Potential
18160.0,109,2,684.37,3,3,3,333,9,Loyal Customers
18161.0,49,4,955.67,4,4,3,443,11,Champions
18162.0,641,1,379.16,1,2,2,122,5,Hibernating / Lost
18163.0,493,1,728.84,1,2,3,123,6,Hibernating / Lost
18165.0,86,1,302.46,4,2,2,422,8,Promising / Potential
18166.0,532,1,175.5,1,2,1,121,4,Hibernating / Lost
18167.0,14,1,498.48,5,2,2,522,9,Promising / Potential
18168.0,85,16,3770.27,4,5,5,455,14,Champions
18170.0,21,8,2553.2,5,5,4,554,14,Champions
18171.0,8,8,2200.31,5,5,4,554,14,Champions
18172.0,8,43,15553.44,5,5,5,555,15,Champions
18173.0,108,4,2318.36,3,4,4,344,11,Loyal Customers
18174.0,512,1,58.5,1,2,1,121,4,Hibernating / Lost
18175.0,584,1,176.1,1,2,1,121,4,Hibernating / Lost
18176.0,267,1,476.35,2,2,2,222,6,About to Sleep
18177.0,66,8,1913.27,4,5,4,454,13,Champions
18178.0,37,11,6103.74,4,5,5,455,14,Champions
18179.0,161,6,1857.54,3,4,4,344,11,Loyal Customers
18180.0,45,2,601.85,4,3,3,433,10,Loyal Customers
18181.0,309,4,823.14,2,4,3,243,9,At Risk
18182.0,372,1,291.13,1,2,2,122,5,Hibernating / Lost
18183.0,136,2,632.07,3,3,3,333,9,Loyal Customers
18185.0,158,1,304.25,3,2,2,322,7,Promising / Potential
18186.0,631,1,329.58,1,2,2,122,5,Hibernating / Lost
18187.0,540,1,724.89,1,2,3,123,6,Hibernating / Lost
18188.0,199,4,1706.15,3,4,4,344,11,Loyal Customers
18189.0,176,2,946.59,3,3,3,333,9,Loyal Customers
18190.0,101,5,745.62,4,4,3,443,11,Champions
18191.0,170,2,529.4,3,3,2,332,8,Loyal Customers
18193.0,74,3,1207.35,4,3,4,434,11,Loyal Customers
18194.0,347,5,3188.2,2,4,5,245,11,At Risk
18195.0,296,1,101.16,2,2,1,221,5,About to Sleep
18196.0,4,4,1464.31,5,4,4,544,13,Champions
18197.0,484,1,230.1,1,2,1,121,4,Hibernating / Lost
18198.0,9,14,4427.39,5,5,5,555,15,Champions
18199.0,592,1,344.75,1,2,2,122,5,Hibernating / Lost
18200.0,15,1,163.8,5,2,1,521,8,Promising / Potential
18201.0,631,1,447.53,1,2,2,122,5,Hibernating / Lost
18202.0,108,3,1396.99,3,3,4,334,10,Loyal Customers
18203.0,66,4,504.42,4,4,2,442,10,Champions
18204.0,18,2,1367.32,5,3,4,534,12,Loyal Customers
18206.0,462,1,314.66,1,2,2,122,5,Hibernating / Lost
18207.0,408,1,544.47,1,2,2,122,5,Hibernating / Lost
18208.0,474,1,360.08,1,2,2,122,5,Hibernating / Lost
18210.0,176,2,289.85,3,3,2,332,8,Loyal Customers
18211.0,45,2,268.7,4,3,1,431,8,Loyal Customers
18212.0,235,2,546.72,3,3,2,332,8,Loyal Customers
18213.0,145,1,232.48,3,2,1,321,6,Promising / Potential
18214.0,439,4,1780.34,1,4,4,144,9,Can't Lose Them
18215.0,346,4,1948.15,2,4,4,244,10,At Risk
18217.0,422,2,323.29,1,3,2,132,6,Others / Need Attention
18218.0,120,4,1142.0,3,4,3,343,10,Loyal Customers
18219.0,58,15,2860.25,4,5,5,455,14,Champions
18220.0,135,6,1921.76,3,4,4,344,11,Loyal Customers
18221.0,24,4,1090.19,5,4,3,543,12,Champions
18222.0,1,1,443.0,5,2,2,522,9,Promising / Potential
18223.0,5,23,11552.65,5,5,5,555,15,Champions
18224.0,172,1,158.95,3,2,1,321,6,Promising / Potential
18225.0,22,21,10275.92,5,5,5,555,15,Champions
18226.0,29,24,10901.86,5,5,5,555,15,Champions
18227.0,126,2,388.75,3,3,2,332,8,Loyal Customers
18229.0,2,22,8738.87,5,5,5,555,15,Champions
18230.0,3,7,3627.22,5,4,5,545,14,Champions
18231.0,101,28,6880.97,4,5,5,455,14,Champions
18232.0,66,3,500.62,4,3,2,432,9,Loyal Customers
18233.0,234,1,440.0,3,2,2,322,7,Promising / Potential
18234.0,460,1,179.6,1,2,1,121,4,Hibernating / Lost
18235.0,29,2,749.8,5,3,3,533,11,Loyal Customers
18236.0,38,10,1554.3,4,5,4,454,13,Champions
18237.0,0,3,725.55,5,3,3,533,11,Loyal Customers
18238.0,424,1,270.92,1,2,2,122,5,Hibernating / Lost
18239.0,127,6,2150.36,3,4,4,344,11,Loyal Customers
18241.0,8,15,2263.48,5,5,4,554,14,Champions
18242.0,105,6,2066.8,4,4,4,444,12,Champions
18243.0,323,1,515.78,2,2,2,222,6,About to Sleep
18244.0,339,2,568.64,2,3,3,233,8,At Risk
18245.0,58,19,5430.73,4,5,5,455,14,Champions
18246.0,142,2,395.62,3,3,2,332,8,Loyal Customers
18247.0,323,3,839.73,2,3,3,233,8,At Risk
18248.0,31,2,804.02,5,3,3,533,11,Loyal Customers
18250.0,219,1,349.27,3,2,2,322,7,Promising / Potential
18251.0,354,8,21964.14,1,5,5,155,11,Can't Lose Them
18252.0,80,6,1085.32,4,4,3,443,11,Champions
18253.0,551,1,317.88,1,2,2,122,5,Hibernating / Lost
18254.0,490,1,267.9,1,2,1,121,4,Hibernating / Lost
18255.0,365,1,199.85,1,2,1,121,4,Hibernating / Lost
18256.0,296,1,110.7,2,2,1,221,5,About to Sleep
18257.0,23,9,3825.39,5,5,5,555,15,Champions
18258.0,373,6,2059.67,1,4,4,144,9,Can't Lose Them
18259.0,275,5,2355.9,2,4,4,244,10,At Risk
18260.0,81,23,9962.11,4,5,5,455,14,Champions
18261.0,4,1,224.8,5,2,1,521,8,Promising / Potential
18262.0,49,3,577.54,4,3,3,433,10,Loyal Customers
18263.0,64,2,811.4,4,3,3,433,10,Loyal Customers
18264.0,407,1,603.25,1,2,3,123,6,Hibernating / Lost
18265.0,67,1,488.55,4,2,2,422,8,Promising / Potential
18266.0,343,1,251.1,2,2,1,221,5,About to Sleep
18267.0,581,1,269.37,1,2,1,121,4,Hibernating / Lost
18268.0,43,6,1490.23,4,4,4,444,12,Champions
18269.0,275,1,337.2,2,2,2,222,6,About to Sleep
18270.0,175,2,273.35,3,3,2,332,8,Loyal Customers
18271.0,518,2,680.85,1,3,3,133,7,Others / Need Attention
18272.0,22,7,3413.85,5,5,5,555,15,Champions
18273.0,4,3,306.0,5,3,2,532,10,Loyal Customers
18275.0,487,2,741.85,1,3,3,133,7,Others / Need Attention
18276.0,301,5,1320.66,2,4,4,244,10,At Risk
18277.0,306,4,1069.67,2,4,3,243,9,At Risk
18278.0,313,1,240.3,2,2,1,221,5,About to Sleep
18279.0,428,1,231.34,1,2,1,121,4,Hibernating / Lost
18280.0,186,2,488.15,3,3,2,332,8,Loyal Customers
18281.0,89,2,201.14,4,3,1,431,8,Loyal Customers
18282.0,35,1,100.21,5,2,1,521,8,Promising / Potential
18283.0,4,16,1762.44,5,5,4,554,14,Champions
18284.0,340,1,461.68,2,2,2,222,6,About to Sleep
18285.0,569,1,427.0,1,2,2,122,5,Hibernating / Lost
18286.0,385,2,1296.43,1,3,4,134,8,Others / Need Attention
18287.0,110,5,3110.99,3,4,5,345,12,Loyal Customers
